uo;tipo_siafi;no_siafi;ano_empenho;no_empenho;ue;data_empenho;acao;c;g;m;ed;id;natureza_dea;ed_dea;f;p;valor_empenhado_r;valor_liquidado_r;valor_pago_r;cnpj_cpf_credor;razao_social_credor;despesa_empenhada;despesa_liquidada;pago_orcamentario;rpnp_inscrito;rpnp_cancelado;rpnp_restabelecido;rpnp_liquidado;rpnp_pago;rpnp_anulado_pago;rpp_inscrito;rpp_cancelado;rpp_restabelecido;rpp_pago;rpp_anulado_pago;retido_rpnp_e_rpp;rpnp_anulado_retencao;rpp_anulado_retencao
4691;Portaria;9433738;2024;29;1450378;2024-09-19;2071;3;3;90;15;1;0;0;57;1;4180,0;4180,0;4180,0;090.560.216/13;MONIQUE ZENY VIEIRA DE SOUSA;4180,0;4180,0;4180,0;0,0;0,0;0;0,0;0,0;0;0,0;0,0;0;0,0;0;0,0;0,0;0
4691;Portaria;9433738;2024;30;1450378;2024-09-19;2071;3;3;90;15;1;0;0;57;1;4180,0;4180,0;4180,0;086.113.406/04;WEMERSON RAFAEL SANTOS SILVA;4180,0;4180,0;4180,0;0,0;0,0;0;0,0;0,0;0;0,0;0,0;0;0,0;0;0,0;0,0;0
4691;Portaria;9433738;2024;31;1450378;2024-09-19;2071;3;3;90;15;1;0;0;57;1;4180,0;4180,0;4180,0;091.659.446/74;ANDRESSA FERREIRA CASTRO;4180,0;4180,0;4180,0;0,0;0,0;0;0,0;0,0;0;0,0;0,0;0;0,0;0;0,0;0,0;0
4691;Portaria;9433738;2024;32;1450378;2024-09-19;2071;3;3;90;15;1;0;0;57;1;4180,0;4180,0;4180,0;081.199.526/77;CLAUDILEIA SILVA DA SILVEIRA;4180,0;4180,0;4180,0;0,0;0,0;0;0,0;0,0;0;0,0;0,0;0;0,0;0;0,0;0,0;0
4691;Portaria;9433738;2024;33;1450378;2024-09-19;2071;3;3;90;15;1;0;0;57;1;4180,0;4180,0;4180,0;077.480.046/17;MARIANE FERNANDES CONRADO LOPES;4180,0;4180,0;4180,0;0,0;0,0;0;0,0;0,0;0;0,0;0,0;0;0,0;0;0,0;0,0;0
4691;Portaria;9433738;2024;34;1450378;2024-09-19;2071;3;3;90;15;1;0;0;57;1;4180,0;4180,0;4180,0;087.452.356/78;LUDMYLLA CHAVES FREITAS;4180,0;4180,0;4180,0;0,0;0,0;0;0,0;0,0;0;0,0;0,0;0;0,0;0;0,0;0,0;0
4691;Portaria;9433738;2024;35;1450378;2024-09-19;2071;3;3;90;15;1;0;0;57;1;4180,0;4180,0;4180,0;055.607.276/60;ELIANE MARIA DE PAULA;4180,0;4180,0;4180,0;0,0;0,0;0;0,0;0,0;0;0,0;0,0;0;0,0;0;0,0;0,0;0
4691;Portaria;9433738;2024;36;1450378;2024-09-19;2071;3;3;90;15;1;0;0;57;1;4180,0;4180,0;4180,0;094.658.386/24;MARIANA MARQUES DE AGUIAR;4180,0;4180,0;4180,0;0,0;0,0;0;0,0;0,0;0;0,0;0,0;0;0,0;0;0,0;0,0;0
4691;Portaria;9433738;2024;37;1450378;2024-09-19;2071;3;3;90;15;1;0;0;57;1;4180,0;4180,0;4180,0;710.437.721/20;WELITON DE SOUZA CALDAS;4180,0;4180,0;4180,0;0,0;0,0;0;0,0;0,0;0;0,0;0,0;0;0,0;0;0,0;0,0;0
4691;Portaria;9433738;2024;38;1450378;2024-09-19;2071;3;3;90;15;1;0;0;57;1;6840,0;6840,0;6840,0;098.240.796/37;WESLEY NATANAEL RODRIGUES;6840,0;6840,0;6840,0;0,0;0,0;0;0,0;0,0;0;0,0;0,0;0;0,0;0;0,0;0,0;0
4691;Portaria;9433738;2024;39;1450378;2024-09-19;2071;3;3;90;15;1;0;0;57;1;6840,0;6840,0;6840,0;045.670.816/25;GEFERSON DOS R. S. DE OLIVEIRA;6840,0;6840,0;6840,0;0,0;0,0;0;0,0;0,0;0;0,0;0,0;0;0,0;0;0,0;0,0;0
4691;Portaria;9433738;2024;40;1450378;2024-09-19;2071;3;3;90;15;1;0;0;57;1;6840,0;6840,0;6840,0;056.430.116/70;FABIO JUNIOR DE FARIA;6840,0;6840,0;6840,0;0,0;0,0;0;0,0;0,0;0;0,0;0,0;0;0,0;0;0,0;0,0;0
4691;Portaria;9433738;2024;41;1450378;2024-09-19;2071;3;3;90;15;1;0;0;57;1;6840,0;6840,0;6840,0;110.434.166/25;FELIPE DE ALMEIDA PEITO;6840,0;6840,0;6840,0;0,0;0,0;0;0,0;0,0;0;0,0;0,0;0;0,0;0;0,0;0,0;0
4691;Portaria;9433738;2024;42;1450378;2024-09-19;2071;3;3;90;15;1;0;0;57;1;6840,0;6840,0;6840,0;043.538.006/04;DANILO PEREIRA DALVAUX;6840,0;6840,0;6840,0;0,0;0,0;0;0,0;0,0;0;0,0;0,0;0;0,0;0;0,0;0,0;0
4691;Portaria;9433738;2024;43;1450378;2024-09-19;2071;3;3;90;15;1;0;0;57;1;6840,0;6840,0;6840,0;031.906.126/41;ADEMILDO WALQUIMAR FERREIRA;6840,0;6840,0;6840,0;0,0;0,0;0;0,0;0,0;0;0,0;0,0;0;0,0;0;0,0;0,0;0
4691;Portaria;9433738;2024;44;1450378;2024-09-19;2071;3;3;90;15;1;0;0;57;1;6840,0;6840,0;6840,0;075.143.946/05;CHRISTIANO DA SILVA CLAUDINO;6840,0;6840,0;6840,0;0,0;0,0;0;0,0;0,0;0;0,0;0,0;0;0,0;0;0,0;0,0;0
4691;Portaria;9433738;2024;45;1450378;2024-09-19;2071;3;3;90;15;1;0;0;57;1;6840,0;6840,0;6840,0;015.975.286/84;CAMILA DE OLIVEIRA COELHO;6840,0;6840,0;6840,0;0,0;0,0;0;0,0;0,0;0;0,0;0,0;0;0,0;0;0,0;0,0;0
4691;Portaria;9433738;2024;47;1450378;2024-09-19;2071;3;3;90;15;1;0;0;57;1;6840,0;6840,0;6840,0;110.792.486/33;DENIS LOURENCO DA SILVA JUNIOR;6840,0;6840,0;6840,0;0,0;0,0;0;0,0;0,0;0;0,0;0,0;0;0,0;0;0,0;0,0;0
4691;Portaria;9433738;2024;48;1450378;2024-09-19;2071;3;3;90;15;1;0;0;57;1;6840,0;6840,0;6840,0;038.798.161/66;ALOISIO CARLOS SANTOS TRINDADE;6840,0;6840,0;6840,0;0,0;0,0;0;0,0;0,0;0;0,0;0,0;0;0,0;0;0,0;0,0;0
4691;Portaria;9433738;2024;49;1450378;2024-09-19;2071;3;3;90;15;1;0;0;57;1;6840,0;6840,0;6840,0;124.245.726/74;AMANDA CAMILA DE O R RESENDE;6840,0;6840,0;6840,0;0,0;0,0;0;0,0;0,0;0;0,0;0,0;0;0,0;0;0,0;0,0;0
4691;Portaria;9433738;2024;50;1450378;2024-09-19;2071;3;3;90;15;1;0;0;57;1;6840,0;6840,0;6840,0;107.373.656/33;FABIANA DE PAULA FERREIRA;6840,0;6840,0;6840,0;0,0;0,0;0;0,0;0,0;0;0,0;0,0;0;0,0;0;0,0;0,0;0
4691;Portaria;9433738;2024;52;1450378;2024-09-19;2071;3;3;90;15;1;0;0;57;1;6840,0;6840,0;6840,0;013.419.196/09;ANDREIA OLIVEIRA ALVES - 146769-5;6840,0;6840,0;6840,0;0,0;0,0;0;0,0;0,0;0;0,0;0,0;0;0,0;0;0,0;0,0;0
4691;Portaria;9433738;2024;141;1450378;2024-11-18;2071;3;3;90;39;22;0;0;57;1;137600,0;137600,0;137600,0;37.916.470/0001-00;VIANNA COMERCIO E SERVICOS DE CONSTRUCAO LTDA;137600,0;0,0;0,0;137600,0;0,0;0;137600,0;134848,0;0;0,0;0,0;0;0,0;0;2752,0;0,0;0
4691;Portaria;9433738;2024;150;1450378;2024-11-29;2071;3;3;90;40;2;0;0;57;1;27950,0;27950,0;27950,0;04.198.254/0001-17;MCR SISTEMAS E CONSULTORIA LTDA;27950,0;0,0;0,0;27950,0;0,0;0;27950,0;26608,4;0;0,0;0,0;0;0,0;0;1341,6;0,0;0
4691;Portaria;9433738;2024;151;1450378;2024-11-29;2071;3;3;90;40;2;0;0;57;1;118753,56;118753,56;118753,56;19.877.285/0002-52;LANLINK SOLUCOES E COMERCIALIZACAO EM INFORMATICA S/A;118753,56;0,0;0,0;118753,56;0,0;0;118753,56;113053,39;0;0,0;0,0;0;0,0;0;5700,17;0,0;0
4691;Portaria;9433738;2024;152;1450378;2024-11-29;2071;4;4;90;52;7;0;0;57;1;50850,0;50850,0;50850,0;59.717.553/0006-17;GRUPO MULTILASER S.A.;50850,0;0,0;0,0;50850,0;0,0;0;50850,0;50239,8;0;0,0;0,0;0;0,0;0;610,2;0,0;0
4691;Portaria;9433738;2024;153;1450378;2024-12-03;2071;4;4;90;52;6;0;0;57;1;31800,0;31800,0;31800,0;65.149.197/0002-51;REPREMIG REPRESENTACAO E COMERCIO DE MINAS GERAIS LTDA;31800,0;0,0;0,0;31800,0;0,0;0;31800,0;31418,4;0;0,0;0,0;0;0,0;0;381,6;0,0;0
4691;Portaria;9433738;2024;158;1450378;2024-12-16;2071;4;4;90;52;7;0;0;57;1;766865,0;766865,0;766865,0;00.677.870/0001-08;DRIVE A INFORMATICA LTDA;766865,0;0,0;0,0;766865,0;0,0;0;766865,0;757662,62;0;0,0;0,0;0;0,0;0;9202,38;0,0;0
4691;Portaria;9433738;2024;160;1450378;2024-12-16;2071;4;4;90;52;7;0;0;57;1;9073,25;9073,25;9073,25;01.590.728/0009-30;MICROTECNICA INFORMATICA LTDA;9073,25;0,0;0,0;9073,25;0,0;0;9073,25;8964,37;0;0,0;0,0;0;0,0;0;108,88;0,0;0
4691;Portaria;9433738;2024;169;1450378;2024-12-26;2071;4;4;90;52;7;0;0;57;1;7398,0;7398,0;7398,0;07.274.334/0001-00;T. GUIMARAES - INFORMATICA;7398,0;0,0;0,0;7398,0;0,0;0;7398,0;7398,0;0;0,0;0,0;0;0,0;0;0,0;0,0;0
4691;Portaria;9433738;2024;170;1450378;2024-12-27;2071;4;4;90;52;7;0;0;57;1;9344,0;9344,0;9344,0;40.192.091/0001-29;PUBLITEK TI TECNOLOGIA LTDA;9344,0;0,0;0,0;9344,0;0,0;0;9344,0;9344,0;0;0,0;0,0;0;0,0;0;0,0;0,0;0
4691;Portaria;9433738;2024;174;1450378;2024-12-27;2071;4;4;90;52;7;0;0;57;1;5440,0;5440,0;5440,0;65.149.197/0002-51;REPREMIG REPRESENTACAO E COMERCIO DE MINAS GERAIS LTDA;5440,0;0,0;0,0;5440,0;0,0;0;5440,0;5374,72;0;0,0;0,0;0;0,0;0;65,28;0,0;0
4691;Portaria;9433738;2024;176;1450378;2024-12-27;2071;4;4;90;52;7;0;0;57;1;139430,0;139430,0;139430,0;00.677.870/0001-08;DRIVE A INFORMATICA LTDA;139430,0;0,0;0,0;139430,0;0,0;0;139430,0;137756,84;0;0,0;0,0;0;0,0;0;1673,16;0,0;0
4691;Portaria;9433738;2025;3;1450376;2025-03-12;2071;4;4;90;52;17;0;0;57;1;776756,16;776756,16;776756,16;59.104.760/0001-91;TOYOTA DO BRASIL LTDA;776756,16;776756,16;776756,16;0,0;0,0;0;0,0;0,0;0;0,0;0,0;0;0,0;0;0,0;0,0;0
4691;Portaria;9433738;2025;3;1450377;2025-03-19;2071;4;4;90;52;7;0;0;57;1;3390,0;3390,0;3390,0;59.717.553/0006-17;GRUPO MULTILASER S.A.;3390,0;3390,0;3390,0;0,0;0,0;0;0,0;0,0;0;0,0;0,0;0;0,0;0;0,0;0,0;0
4691;Portaria;9433738;2025;4;1450377;2025-03-19;2071;4;4;90;52;7;0;0;57;1;31256,0;31256,0;31256,0;12.477.490/0002-81;LIDER NOTEBOOKS COMERCIO E SERVICOS LTDA;31256,0;31256,0;31256,0;0,0;0,0;0;0,0;0,0;0;0,0;0,0;0;0,0;0;0,0;0,0;0
4691;Portaria;9433738;2025;4;1450385;2025-05-27;2071;4;4;90;52;7;0;0;57;1;20340,0;20340,0;20340,0;59.717.553/0006-17;GRUPO MULTILASER S.A.;20340,0;20340,0;20340,0;0,0;0,0;0;0,0;0,0;0;0,0;0,0;0;0,0;0;0,0;0,0;0
4691;Portaria;9433738;2025;5;1450385;2025-05-27;2071;4;4;90;52;7;0;0;57;1;7814,0;7814,0;7814,0;12.477.490/0002-81;LIDER NOTEBOOKS COMERCIO E SERVICOS LTDA;7814,0;7814,0;7814,0;0,0;0,0;0;0,0;0,0;0;0,0;0,0;0;0,0;0;0,0;0,0;0
4691;Portaria;9433738;2025;6;1450385;2025-06-24;2071;4;4;90;52;7;0;0;57;1;7814,0;7814,0;7814,0;12.477.490/0002-81;LIDER NOTEBOOKS COMERCIO E SERVICOS LTDA;7814,0;7814,0;7814,0;0,0;0,0;0;0,0;0,0;0;0,0;0,0;0;0,0;0;0,0;0,0;0
4691;Portaria;9433738;2025;8;1450376;2025-03-21;2071;3;3;90;40;2;0;0;57;1;93684,16;93684,16;93684,16;06.984.836/0001-54;INTELIGENCIA DE NEGOCIOS, SISTEMAS E INFORMATICA LTDA.;93684,16;93684,16;93684,16;0,0;0,0;0;0,0;0,0;0;0,0;0,0;0;0,0;0;0,0;0,0;0
4691;Portaria;9433738;2025;9;1450376;2025-04-08;2071;4;4;90;52;8;0;0;57;1;2500,0;2500,0;2500,0;01.590.728/0009-30;MICROTECNICA INFORMATICA LTDA;2500,0;2500,0;2500,0;0,0;0,0;0;0,0;0,0;0;0,0;0,0;0;0,0;0;0,0;0,0;0
4691;Portaria;9433738;2025;9;1450377;2025-05-14;2071;3;3;90;39;53;0;0;57;1;48950,0;48950,0;48950,0;17.076.626/0001-84;M N DE O RIBEIRO CONSULTORIA;48950,0;48950,0;48950,0;0,0;0,0;0;0,0;0,0;0;0,0;0,0;0;0,0;0;0,0;0,0;0
4691;Portaria;9433738;2025;10;1450376;2025-04-08;2071;4;4;90;52;25;0;0;57;1;2193,38;2193,38;2193,38;01.590.728/0009-30;MICROTECNICA INFORMATICA LTDA;2193,38;2193,38;2193,38;0,0;0,0;0;0,0;0,0;0;0,0;0,0;0;0,0;0;0,0;0,0;0
4691;Portaria;9433738;2025;11;1450376;2025-04-09;2071;4;4;90;52;14;0;0;57;1;2335,3;2335,3;2335,3;21.306.287/0001-52;TECNO 2000 INDUSTRIA E COMERCIO LTDA;2335,3;2335,3;2335,3;0,0;0,0;0;0,0;0,0;0;0,0;0,0;0;0,0;0;0,0;0,0;0
4691;Portaria;9433738;2025;25;1450378;2025-12-04;2071;4;4;90;52;8;0;0;57;1;57069,5;57069,5;57069,5;65.149.197/0002-51;REPREMIG REPRESENTACAO E COMERCIO DE MINAS GERAIS LTDA;57069,5;0,0;0,0;57069,5;0,0;0;57069,5;56384,67;0;0,0;0,0;0;0,0;0;684,83;0,0;0
4691;Portaria;9433738;2025;26;1450378;2025-12-04;2071;4;4;90;52;14;0;0;57;1;9000,0;9000,0;9000,0;65.149.197/0002-51;REPREMIG REPRESENTACAO E COMERCIO DE MINAS GERAIS LTDA;9000,0;0,0;0,0;9000,0;0,0;0;9000,0;8892,0;0;0,0;0,0;0;0,0;0;108,0;0,0;0
4691;Portaria;9433738;2025;31;1450376;2025-05-26;2071;4;4;90;52;14;0;0;57;1;1971,89;1971,89;1971,89;81.114.803/0001-79;W3 INDUSTRIAS REUNIDAS S/A;1971,89;1971,89;1971,89;0,0;0,0;0;0,0;0,0;0;0,0;0,0;0;0,0;0;0,0;0,0;0
4691;Portaria;9433738;2025;32;1450376;2025-05-26;2071;4;4;90;52;14;0;0;57;1;9576,0;9576,0;9576,0;06.538.230/0001-95;MAMUTE BRASIL INDUSTRIA E COMERCIO DE MOVEIS LTDA -EPP;9576,0;9576,0;9576,0;0,0;0,0;0;0,0;0,0;0;0,0;0,0;0;0,0;0;0,0;0,0;0
4691;Portaria;9433738;2025;50;1450376;2025-08-25;2071;4;4;90;52;14;0;0;57;1;516,84;516,84;516,84;04.443.182/0001-26;UFFICIO INDUSTRIA E COMERCIO DE MOVEIS LTDA;516,84;516,84;516,84;0,0;0,0;0;0,0;0,0;0;0,0;0,0;0;0,0;0;0,0;0,0;0
4691;Portaria;9433738;2025;51;1450376;2025-08-25;2071;4;4;90;52;14;0;0;57;1;1033,68;1033,68;1033,68;04.443.182/0001-26;UFFICIO INDUSTRIA E COMERCIO DE MOVEIS LTDA;1033,68;1033,68;1033,68;0,0;0,0;0;0,0;0,0;0;0,0;0,0;0;0,0;0;0,0;0,0;0
4691;Portaria;9433738;2025;63;1450376;2025-09-12;2071;4;4;90;52;12;0;0;57;1;898,0;898,0;898,0;07.214.878/0001-79;RAFTECO COMERCIO DE MATERIAL DE INFORMATICA LTDA - ME;898,0;898,0;898,0;0,0;0,0;0;0,0;0,0;0;0,0;0,0;0;0,0;0;0,0;0,0;0
4691;Portaria;9433738;2025;63;1450378;2025-12-31;2071;4;4;90;52;7;0;0;57;1;11968,0;11968,0;11968,0;65.149.197/0002-51;REPREMIG REPRESENTACAO E COMERCIO DE MINAS GERAIS LTDA;11968,0;0,0;0,0;11968,0;0,0;0;11968,0;11824,38;0;0,0;0,0;0;0,0;0;143,62;0,0;0
4691;Portaria;9433738;2025;77;1450376;2025-10-20;2071;4;4;90;52;17;0;0;57;1;261672,0;261672,0;261672,0;16.701.716/0051-15;STELLANTIS AUTOMOVEIS BRASIL LTDA.;261672,0;0,0;0,0;261672,0;0,0;0;261672,0;257325,13;0;0,0;0,0;0;0,0;0;4346,87;0,0;0
4691;Portaria;9433738;2025;81;1450376;2025-10-24;2071;4;4;90;52;7;0;0;57;1;238000,0;238000,0;238000,0;89.237.911/0289-08;GLOBAL DISTRIBUICAO DE BENS DE CONSUMO LTDA.;238000,0;0,0;0,0;238000,0;0,0;0;238000,0;235144,0;0;0,0;0,0;0;0,0;0;2856,0;0,0;0
4691;Portaria;9433738;2025;97;1450376;2025-12-03;2071;4;4;90;52;14;0;0;57;1;578,0;578,0;578,0;05.010.382/0001-58;SUDESTE INDUSTRIA E COMERCIO DE MOVEIS ESCOLARES LTDA;578,0;0,0;0,0;578,0;0,0;0;578,0;571,06;0;0,0;0,0;0;0,0;0;6,94;0,0;0
4691;Portaria;9433738;2025;98;1450376;2025-12-09;2071;4;4;90;52;8;0;0;57;1;5177,8;5177,8;5177,8;65.313.538/0001-00;PRESTOBAT LTDA -EPP;5177,8;0,0;0,0;5177,8;0,0;0;5177,8;5115,67;0;0,0;0,0;0;0,0;0;62,13;0,0;0
4691;Portaria;9433738;2025;111;1450376;2025-12-23;2071;3;3;90;40;2;0;0;57;1;103921,21;103921,21;103921,21;06.984.836/0001-54;INTELIGENCIA DE NEGOCIOS, SISTEMAS E INFORMATICA LTDA.;103921,21;0,0;0,0;103921,21;0,0;0;103921,21;98932,99;0;0,0;0,0;0;0,0;0;4988,22;0,0;0
4691;Portaria;9433738;2026;1;1450385;2026-03-31;2071;3;3;90;39;53;0;0;57;1;75000,0;75000,0;75000,0;56.107.195/0001-28;REQUINTE PRODUCOES E EVENTOS LTDA;75000,0;75000,0;75000,0;0,0;0,0;0;0,0;0,0;0;0,0;0,0;0;0,0;0;0,0;0,0;0
4691;Portaria;9433738;2026;19;1450376;2026-03-27;2071;4;4;90;52;7;0;0;57;1;23622,0;23622,0;23622,0;12.477.490/0002-81;LIDER NOTEBOOKS COMERCIO E SERVICOS LTDA;23622,0;23622,0;23622,0;0,0;0,0;0;0,0;0,0;0;0,0;0,0;0;0,0;0;0,0;0,0;0
4691;Portaria;9433738;2026;49;1450376;2026-05-05;2071;3;3;90;30;31;0;0;57;1;5521,94;5521,94;5521,94;33.212.941/0001-48;APPLICAR SOLUCOES EM SAUDE EDUCACAO E PSICOLOGIA LTDA;5521,94;5521,94;5521,94;0,0;0,0;0;0,0;0,0;0;0,0;0,0;0;0,0;0;0,0;0,0;0
4691;Portaria;9433738;2026;50;1450376;2026-05-05;2071;3;3;90;30;31;0;0;57;1;10342,76;10342,76;10342,76;22.558.670/0001-60;LIVRARIA DO PSICOLOGO E EDUCADOR LTDA;10342,76;10342,76;10342,76;0,0;0,0;0;0,0;0,0;0;0,0;0,0;0;0,0;0;0,0;0,0;0
4691;Portaria;9433738;2026;62;1450376;2026-06-03;2071;3;3;90;30;10;0;0;57;1;105176,32;105176,32;105176,32;06.003.551/0001-95;QUALIVIDROS DISTRIBUIDORA LTDA;105176,32;105176,32;105176,32;0,0;0,0;0;0,0;0,0;0;0,0;0,0;0;0,0;0;0,0;0,0;0
4691;Portaria;9433738;2026;69;1450378;2026-08-13;2071;4;4;90;52;7;0;0;57;1;2288,48;0,0;0,0;65.149.197/0002-51;REPREMIG REPRESENTACAO E COMERCIO DE MINAS GERAIS LTDA;2288,48;0,0;0,0;0,0;0,0;0;0,0;0,0;0;0,0;0,0;0;0,0;0;0,0;0,0;0
4691;Portaria;9433738;2026;72;1450376;2026-07-29;2071;4;4;90;52;7;0;0;57;1;3670,52;3670,52;0,0;46.266.771/0001-26;CANON DO BRASIL INDUSTRIA E COMERCIO LTDA.;3670,52;3670,52;0,0;0,0;0,0;0;0,0;0,0;0;0,0;0,0;0;0,0;0;0,0;0,0;0
4691;Portaria;9433738;2026;73;1450378;2026-08-20;2071;4;4;90;52;7;0;0;57;1;319222,21;319222,21;0,0;04.602.789/0001-01;DATEN TECNOLOGIA LTDA;319222,21;319222,21;0,0;0,0;0,0;0;0,0;0,0;0;0,0;0,0;0;0,0;0;0,0;0,0;0
4691;Portaria;9433738;2026;84;1450376;2026-08-19;2071;4;4;90;52;14;0;0;57;1;4080,0;0,0;0,0;03.098.864/0001-86;MARCELLI MOVEIS PARA ESCRITORIO E INFORMATICA LTDA -EPP;4080,0;0,0;0,0;0,0;0,0;0;0,0;0,0;0;0,0;0,0;0;0,0;0;0,0;0,0;0
4691;Portaria;9433738;2026;98;1450376;2026-09-23;2071;3;3;90;40;2;0;0;57;1;119490,81;0,0;0,0;06.984.836/0001-54;INTELIGENCIA DE NEGOCIOS, SISTEMAS E INFORMATICA LTDA.;119490,81;0,0;0,0;0,0;0,0;0;0,0;0,0;0;0,0;0,0;0;0,0;0;0,0;0,0;0
4691;Portaria;9433738;2026;132;1450378;2026-09-09;2071;3;3;90;39;22;0;0;57;1;120853,68;0,0;0,0;08.265.838/0001-19;R & V SERVICOS DE ENGENHARIA E TOPOGRAFIA LTDA -ME;120853,68;0,0;0,0;0,0;0,0;0;0,0;0,0;0;0,0;0,0;0;0,0;0;0,0;0,0;0
4691;Portaria;9433736;2024;3;1450014;2024-11-18;2071;4;4;90;52;17;0;0;57;1;945912,0;945912,0;945912,0;67.405.936/0001-73;PEUGEOT-CITROEN DO BRASIL AUTOMOVEIS LTDA;945912,0;0,0;0,0;945912,0;0,0;0;945912,0;934561,04;0;0,0;0,0;0;0,0;0;11350,96;0,0;0
4691;Portaria;9433736;2024;3;1450382;2024-11-22;2071;4;4;90;52;17;0;0;57;1;0,0;0,0;0,0;59.275.792/0001-50;GENERAL MOTORS DO BRASIL LTDA;697200,0;0,0;0,0;697200,0;697200,0;0;0,0;0,0;0;0,0;0,0;0;0,0;0;0,0;0,0;0
4691;Portaria;9433736;2024;11;1450377;2024-10-11;2071;4;4;90;52;17;0;0;57;1;1739940,0;1739940,0;1739940,0;54.305.743/0011-70;HPE AUTOMOTORES DO BRASIL LTDA;1739940,0;0,0;0,0;1739940,0;0,0;0;1739940,0;1719060,72;0;0,0;0,0;0;0,0;0;20879,28;0,0;0
4691;Portaria;9433736;2024;12;1450377;2024-10-14;2071;4;4;90;52;17;0;0;57;1;1998000,0;1998000,0;1998000,0;92.249.150/0001-51;MITREN - SISTEMAS E MONTAGENS VEICULARES S.A.;1998000,0;0,0;0,0;1998000,0;0,0;0;1998000,0;1974024,0;0;0,0;0,0;0;0,0;0;23976,0;0,0;0
4691;Portaria;9433736;2024;13;1450377;2024-11-07;2071;3;3;90;30;25;0;0;57;1;1253,0;1253,0;1253,0;44.669.141/0001-77;JOBE LUV INDUSTRIA E COMERCIO LTDA;1253,0;1253,0;1253,0;0,0;0,0;0;0,0;0,0;0;0,0;0,0;0;0,0;0;0,0;0,0;0
4691;Portaria;9433736;2024;17;1450377;2024-11-22;2071;3;3;90;30;24;0;0;57;1;69433,28;0,0;65011,4;10.652.730/0006-35;MOTOROLA SOLUTIONS LTDA;69433,28;0,0;0,0;138866,56;0,0;0;0,0;65011,4;0;0,0;0,0;0;0,0;0;0,0;0,0;0
4691;Portaria;9433736;2024;21;1450377;2024-12-19;2071;3;3;90;30;25;0;0;57;1;1122645,99;1122645,99;1122645,99;90.278.565/0001-28;JGB EQUIPAMENTOS DE SEGURANCA LTDA.;1122645,99;0,0;0,0;1122645,99;0,0;0;1122645,99;1109174,24;0;0,0;0,0;0;0,0;0;13471,75;0,0;0
4691;Portaria;9433736;2024;23;1450015;2024-08-01;2071;4;4;90;52;7;0;0;57;1;1033749,9;1033749,9;1033749,9;65.149.197/0002-51;REPREMIG REPRESENTACAO E COMERCIO DE MINAS GERAIS LTDA;1033749,9;0,0;0,0;1033749,9;0,0;0;1033749,9;1021344,91;0;0,0;0,0;0;0,0;0;12404,99;0,0;0
4691;Portaria;9433736;2024;25;1450377;2024-12-26;2071;3;3;90;30;25;0;0;57;1;273910,19;273910,19;273910,19;90.278.565/0001-28;JGB EQUIPAMENTOS DE SEGURANCA LTDA.;273910,19;0,0;0,0;273910,19;0,0;0;273910,19;270623,27;0;0,0;0,0;0;0,0;0;3286,92;0,0;0
4691;Portaria;9433736;2024;26;1450377;2024-12-27;2071;4;4;90;52;6;0;0;57;1;1620051,0;1620051,0;1620051,0;10.652.730/0006-35;MOTOROLA SOLUTIONS LTDA;1620051,0;0,0;0,0;2510065,0;0,0;0;1620051,0;1600610,08;0;0,0;0,0;0;0,0;0;19440,92;0,0;0
4691;Portaria;9433736;2024;27;1450377;2024-12-27;2071;3;3;90;30;25;0;0;57;1;82950,0;82950,0;82950,0;90.278.565/0001-28;JGB EQUIPAMENTOS DE SEGURANCA LTDA.;82950,0;0,0;0,0;82950,0;0,0;0;82950,0;81954,6;0;0,0;0,0;0;0,0;0;995,4;0,0;0
4691;Portaria;9433736;2024;28;1450377;2024-12-30;2071;4;4;90;52;26;0;0;57;1;16200,0;16200,0;16200,0;15.453.449/0001-82;RESGATECNICA COMERCIO DE EQUIPAMENTOS DE RESGATE LTDA;16200,0;0,0;0,0;16200,0;0,0;0;16200,0;16005,6;0;0,0;0,0;0;0,0;0;194,4;0,0;0
4691;Portaria;9433736;2024;30;1450015;2024-11-26;2071;4;4;90;52;17;0;0;57;1;301020,0;301020,0;301020,0;04.104.117/0007-61;NISSAN DO BRASIL AUTOMOVEIS LTDA;301020,0;0,0;0,0;301020,0;0,0;0;301020,0;297407,76;0;0,0;0,0;0;0,0;0;3612,24;0,0;0
4691;Portaria;9433736;2024;79;1450376;2024-11-06;2071;4;4;90;40;6;0;0;57;1;2200000,0;2200000,0;2200000,0;18.685.467/0001-88;BGS AMERICA LTDA;2200000,0;2200000,0;2200000,0;0,0;0,0;0;0,0;0,0;0;0,0;0,0;0;0,0;0;0,0;0,0;0
4691;Portaria;9433736;2024;80;1450376;2024-11-06;2071;4;4;90;52;7;0;0;57;1;110000,0;110000,0;110000,0;18.685.467/0001-88;BGS AMERICA LTDA;110000,0;110000,0;110000,0;0,0;0,0;0;0,0;0,0;0;0,0;0,0;0;0,0;0;0,0;0,0;0
4691;Portaria;9433736;2024;81;1450376;2024-11-06;2071;4;4;90;40;6;0;0;57;1;220000,0;220000,0;220000,0;18.685.467/0001-88;BGS AMERICA LTDA;220000,0;220000,0;220000,0;0,0;0,0;0;0,0;0,0;0;0,0;0,0;0;0,0;0;0,0;0,0;0
4691;Portaria;9433736;2024;87;1450376;2024-11-29;2071;3;3;90;40;2;0;0;57;1;161000,0;161000,0;161000,0;22.170.881/0001-21;OWL 4TECH LTDA;161000,0;161000,0;161000,0;0,0;0,0;0;0,0;0,0;0;0,0;0,0;0;0,0;0;0,0;0,0;0
4691;Portaria;9433736;2024;91;1450005;2024-10-14;2071;4;4;90;52;3;0;0;57;1;47175,0;47175,0;47175,0;66.260.415/0001-02;GLAGIO DO BRASIL PROTECAO BALISTICA LTDA;47175,0;0,0;0,0;47175,0;0,0;0;47175,0;46608,9;0;0,0;0,0;0;0,0;0;566,1;0,0;0
4691;Portaria;9433736;2024;97;1450376;2024-12-20;2071;4;4;90;40;6;0;0;57;1;428400,0;428400,0;428400,0;42.224.229/0001-50;INSPECT INTELIGENCIA E TECNOLOGIA LTDA;428400,0;0,0;0,0;428400,0;0,0;0;428400,0;397126,8;0;0,0;0,0;0;0,0;0;31273,2;0,0;0
4691;Portaria;9433736;2024;100;1450376;2024-12-26;2071;4;4;90;52;1;0;0;57;1;195986,0;195986,0;195986,0;13.373.898/0001-95;GOHOBBY FUTURE TECHNOLOGY LTDA;195986,0;0,0;0,0;195986,0;0,0;0;195986,0;193634,17;0;0,0;0,0;0;0,0;0;2351,83;0,0;0
4691;Portaria;9433736;2024;102;1450376;2024-12-27;2071;3;3;90;40;2;0;0;57;1;47269,22;47269,22;47269,22;06.984.836/0001-54;INTELIGENCIA DE NEGOCIOS, SISTEMAS E INFORMATICA LTDA.;47269,22;0,0;0,0;47269,22;0,0;0;47269,22;45000,29;0;0,0;0,0;0;0,0;0;2268,93;0,0;0
4691;Portaria;9433736;2024;103;1450376;2024-12-27;2071;3;3;90;40;2;0;0;57;1;19932,8;19932,8;19932,8;06.984.836/0001-54;INTELIGENCIA DE NEGOCIOS, SISTEMAS E INFORMATICA LTDA.;19932,8;0,0;0,0;19932,8;0,0;0;19932,8;18976,03;0;0,0;0,0;0;0,0;0;956,77;0,0;0
4691;Portaria;9433736;2024;104;1450376;2024-12-27;2071;3;3;90;40;2;0;0;57;1;47269,22;47269,22;47269,22;06.984.836/0001-54;INTELIGENCIA DE NEGOCIOS, SISTEMAS E INFORMATICA LTDA.;47269,22;0,0;0,0;47269,22;0,0;0;47269,22;45000,29;0;0,0;0,0;0;0,0;0;2268,93;0,0;0
4691;Portaria;9433736;2024;106;1450376;2024-12-27;2071;3;3;90;40;2;0;0;57;1;511080,0;511080,0;511080,0;42.224.229/0001-50;INSPECT INTELIGENCIA E TECNOLOGIA LTDA;511080,0;0,0;0,0;511080,0;0,0;0;511080,0;473771,16;0;0,0;0,0;0;0,0;0;37308,84;0,0;0
4691;Portaria;9433736;2024;142;1450378;2024-11-19;2071;3;3;90;39;48;0;0;57;1;465000,0;465000,0;465000,0;07.547.143/0001-67;ARTE EVENTOS LIMITADA;465000,0;465000,0;13335,59;0,0;0,0;0;0,0;0,0;0;451664,41;0,0;0;451664,41;0;0,0;0,0;0
4691;Portaria;9433736;2024;144;1450378;2024-11-22;2071;4;4;90;52;17;0;0;57;1;3107500,0;3107500,0;3107500,0;17.171.612/0007-35;CARBEL S/A;3107500,0;497200,0;0,0;2610300,0;0,0;0;2610300,0;2578976,0;0;497200,0;0,0;0;491233,6;0;37290,4;0,0;0
4691;Portaria;9433736;2024;157;1450378;2024-12-11;2071;4;4;90;52;7;0;0;57;1;529834,0;529834,0;529834,0;00.677.870/0001-08;DRIVE A INFORMATICA LTDA;529834,0;0,0;0,0;529834,0;0,0;0;529834,0;523476,0;0;0,0;0,0;0;0,0;0;6358,0;0,0;0
4691;Portaria;9433736;2024;161;1450378;2024-12-17;2071;3;3;90;40;2;0;0;57;1;11535,0;11535,0;11535,0;67.393.181/0001-34;IMAGEM GEOSISTEMAS E COMERCIO LTDA;147648,0;0,0;0,0;295296,0;136113,0;0;11535,0;10981,32;0;0,0;0,0;0;0,0;0;1107,36;553,68;0
4691;Portaria;9433736;2024;162;1450378;2024-12-17;2071;3;3;90;40;2;0;0;57;1;71824,07;71824,07;71824,07;67.393.181/0001-34;IMAGEM GEOSISTEMAS E COMERCIO LTDA;71824,07;0,0;0,0;71824,07;0,0;0;71824,07;68376,51;0;0,0;0,0;0;0,0;0;3447,56;0,0;0
4691;Portaria;9433736;2024;163;1450378;2024-12-17;2071;4;4;90;40;6;0;0;57;1;1538706,33;1538706,33;1538706,33;67.393.181/0001-34;IMAGEM GEOSISTEMAS E COMERCIO LTDA;1538706,33;0,0;0,0;1538706,33;0,0;0;1538706,33;1464848,43;0;0,0;0,0;0;0,0;0;73857,9;0,0;0
4691;Portaria;9433736;2024;165;1450378;2024-12-20;2071;3;3;90;40;2;0;0;57;1;1402866,0;1402866,0;1402866,0;42.224.229/0001-50;INSPECT INTELIGENCIA E TECNOLOGIA LTDA;1402866,0;0,0;0,0;1402866,0;0,0;0;1402866,0;1300456,78;0;0,0;0,0;0;0,0;0;102409,22;0,0;0
4691;Portaria;9433736;2024;177;1450378;2024-12-27;2071;4;4;90;52;7;0;0;57;1;97601,0;97601,0;97601,0;00.677.870/0001-08;DRIVE A INFORMATICA LTDA;97601,0;0,0;0,0;97601,0;0,0;0;97601,0;96429,79;0;0,0;0,0;0;0,0;0;1171,21;0,0;0
4691;Portaria;9433736;2025;1;1450005;2025-03-12;2071;4;4;90;52;3;0;0;57;1;39060,0;39060,0;39060,0;14.533.049/0002-03;COPLATEX INDUSTRIA E COMERCIO DE TECIDOS S.A;39060,0;39060,0;39060,0;0,0;0,0;0;0,0;0,0;0;0,0;0,0;0;0,0;0;0,0;0,0;0
4691;Portaria;9433736;2025;1;1450382;2025-05-16;2071;4;4;90;52;7;0;0;57;1;214072,0;214072,0;214072,0;78.126.950/0011-26;MICROSENS S/A;214072,0;214072,0;0,0;0,0;0,0;0;0,0;0,0;0;214072,0;0,0;0;211503,14;0;2568,86;0,0;0
4691;Portaria;9433736;2025;2;1450382;2025-06-16;2071;4;4;90;52;7;0;0;57;1;0,0;0,0;0,0;58.619.404/0008-14;CONVERGINT COMERCIO E SERVICOS DE TECNOLOGIA LTDA;596764,0;0,0;0,0;596764,0;596764,0;0;0,0;0,0;0;0,0;0,0;0;0,0;0;0,0;0,0;0
4691;Portaria;9433736;2025;2;1450385;2025-05-22;2071;4;4;90;52;17;0;0;57;1;217772,0;217772,0;217772,0;16.701.716/0001-56;STELLANTIS AUTOMOVEIS BRASIL LTDA.;217772,0;217772,0;217772,0;0,0;0,0;0;0,0;0,0;0;0,0;0,0;0;0,0;0;0,0;0,0;0
4691;Portaria;9433736;2025;3;1450382;2025-06-25;2071;4;4;90;52;7;0;0;57;1;76196,0;76196,0;76196,0;78.126.950/0011-26;MICROSENS S/A;76196,0;76196,0;76196,0;0,0;0,0;0;0,0;0,0;0;0,0;0,0;0;0,0;0;0,0;0,0;0
4691;Portaria;9433736;2025;3;1450385;2025-05-27;2071;4;4;90;52;7;0;0;57;1;20340,0;20340,0;20340,0;59.717.553/0006-17;GRUPO MULTILASER S.A.;20340,0;20340,0;20340,0;0,0;0,0;0;0,0;0,0;0;0,0;0,0;0;0,0;0;0,0;0,0;0
4691;Portaria;9433736;2025;4;1450014;2025-06-27;2071;3;3;90;39;31;0;0;57;1;36500,0;36500,0;36500,0;46.912.160/0001-08;F&R SOLUCOES GRAFICAS LTDA;36500,0;36500,0;36500,0;0,0;0,0;0;0,0;0,0;0;0,0;0,0;0;0,0;0;0,0;0,0;0
4691;Portaria;9433736;2025;4;1450382;2025-07-30;2071;4;4;90;52;17;0;0;57;1;680575,28;680575,28;680575,28;59.275.792/0001-50;GENERAL MOTORS DO BRASIL LTDA;680575,28;680575,28;680575,28;0,0;0,0;0;0,0;0,0;0;0,0;0,0;0;0,0;0;0,0;0,0;0
4691;Portaria;9433736;2025;7;1450014;2025-10-23;2071;4;4;90;52;17;0;0;57;1;472956,0;472956,0;472956,0;16.701.716/0046-58;STELLANTIS AUTOMOVEIS BRASIL LTDA.;472956,0;472956,0;467280,52;0,0;0,0;0;0,0;0,0;0;5675,48;0,0;0;0,0;0;5675,48;0,0;0
4691;Portaria;9433736;2025;7;1450385;2025-07-16;2071;4;4;90;52;17;0;0;57;1;288494,0;288494,0;288494,0;16.701.716/0001-56;STELLANTIS AUTOMOVEIS BRASIL LTDA.;288494,0;0,0;0,0;288494,0;0,0;0;288494,0;285032,07;0;0,0;0,0;0;0,0;0;3461,93;0,0;0
4691;Portaria;9433736;2025;8;1450377;2025-05-13;2071;4;4;90;52;6;0;0;57;1;180256,0;180256,0;180256,0;10.652.730/0006-35;MOTOROLA SOLUTIONS LTDA;180256,0;0,0;0,0;180256,0;0,0;0;180256,0;175929,86;0;0,0;0,0;0;0,0;0;4326,14;0,0;0
4691;Portaria;9433736;2025;12;1450376;2025-04-11;2071;3;3;90;40;2;0;0;57;1;6006,0;6006,0;6006,0;51.476.858/0001-68;XERTICA BRASIL LTDA;6006,0;6006,0;6006,0;0,0;0,0;0;0,0;0,0;0;0,0;0,0;0;0,0;0;0,0;0,0;0
4691;Portaria;9433736;2025;12;1450377;2025-08-13;2071;3;3;90;30;25;0;0;57;1;202005,0;202005,0;202005,0;44.669.141/0001-77;JOBE LUV INDUSTRIA E COMERCIO LTDA;202005,0;202005,0;202005,0;0,0;0,0;0;0,0;0,0;0;0,0;0,0;0;0,0;0;0,0;0,0;0
4691;Portaria;9433736;2025;14;1450015;2025-12-18;2071;4;4;90;52;7;0;0;57;1;34384,0;34384,0;34384,0;81.243.735/0009-03;POSITIVO TECNOLOGIA S.A.;34384,0;0,0;0,0;34384,0;0,0;0;34384,0;33971,39;0;0,0;0,0;0;0,0;0;412,61;0,0;0
4691;Portaria;9433736;2025;16;1450015;2025-12-29;2071;4;4;90;52;8;0;0;57;1;149036,0;149036,0;149036,0;78.126.950/0011-26;MICROSENS S/A;149036,0;0,0;0,0;149036,0;0,0;0;149036,0;147247,57;0;0,0;0,0;0;0,0;0;1788,43;0,0;0
4691;Portaria;9433736;2025;17;1450377;2025-11-12;2071;4;4;90;52;17;0;0;57;1;1949000,0;0,0;0,0;92.249.150/0001-51;MITREN - SISTEMAS E MONTAGENS VEICULARES S.A.;1949000,0;0,0;0,0;1949000,0;0,0;0;0,0;0,0;0;0,0;0,0;0;0,0;0;0,0;0,0;0
4691;Portaria;9433736;2025;21;1450377;2025-11-17;2071;4;4;90;52;17;0;0;57;1;559898,0;559898,0;559898,0;03.093.776/0011-63;MANUPA COMERCIO EXPORTACAO IMPORTACAO DE EQUIPAMENTOS E VEICULOS ADAPT;559898,0;0,0;0,0;559898,0;0,0;0;559898,0;553179,24;0;0,0;0,0;0;0,0;0;6718,76;0,0;0
4691;Portaria;9433736;2025;22;1450377;2025-11-19;2071;3;3;90;30;25;0;0;57;1;71355,0;71355,0;71355,0;44.669.141/0001-77;JOBE LUV INDUSTRIA E COMERCIO LTDA;71355,0;0,0;0,0;71355,0;0,0;0;71355,0;70498,74;0;0,0;0,0;0;0,0;0;856,26;0,0;0
4691;Portaria;9433736;2025;23;1450377;2025-11-19;2071;3;3;90;30;25;0;0;57;1;594090,0;594090,0;594090,0;61.451.654/0009-83;ITURRI COIMPAR INDUSTRIA E COMERCIO DE EPI S LTDA;594090,0;0,0;0,0;594090,0;0,0;0;594090,0;586960,92;0;0,0;0,0;0;0,0;0;7129,08;0,0;0
4691;Portaria;9433736;2025;24;1450377;2025-11-24;2071;4;4;90;52;6;0;0;57;1;18962,0;18962,0;18962,0;10.652.730/0006-35;MOTOROLA SOLUTIONS LTDA;18962,0;0,0;0,0;18962,0;0,0;0;18962,0;18734,46;0;0,0;0,0;0;0,0;0;227,54;0,0;0
4691;Portaria;9433736;2025;30;1450377;2025-12-30;2071;3;3;90;30;25;0;0;57;1;626325,91;0,0;619326,08;99.999.990/1115-00;HAIX SCHUHE PRODUKTIONS UND VERTRIEBS GMBH;626325,91;0,0;0,0;626325,91;0,0;0;0,0;619326,08;0;0,0;0,0;0;0,0;0;0,0;0,0;0
4691;Portaria;9433736;2025;31;1450377;2025-12-30;2071;3;3;90;30;25;0;0;57;1;452953,9;0,0;447891,29;99.999.990/1115-00;HAIX SCHUHE PRODUKTIONS UND VERTRIEBS GMBH;452953,9;0,0;0,0;452953,9;0,0;0;0,0;447891,29;0;0,0;0,0;0;0,0;0;0,0;0,0;0
4691;Portaria;9433736;2025;38;1450378;2025-12-17;2071;4;4;90;52;17;0;0;57;1;242168,0;242168,0;242168,0;16.701.716/0001-56;STELLANTIS AUTOMOVEIS BRASIL LTDA.;242168,0;0,0;0,0;242168,0;0,0;0;242168,0;239261,98;0;0,0;0,0;0;0,0;0;2906,02;0,0;0
4691;Portaria;9433736;2025;49;1450376;2025-08-07;2071;4;4;90;52;14;0;0;57;1;89775,5;89775,5;89775,5;20.489.785/0001-15;STEEL SOLUTION MOBILIARIO CORPORATIVO LTDA;89775,5;89775,5;0,0;0,0;0,0;0;0,0;0,0;0;89775,5;0,0;0;89775,5;0;0,0;0,0;0
4691;Portaria;9433736;2025;52;1450376;2025-08-26;2071;4;4;90;52;25;0;0;57;1;19997,4;19997,4;19997,4;45.329.312/0001-81;BT COMERCIO INTELIGENTE LTDA;19997,4;19997,4;19997,4;0,0;0,0;0;0,0;0,0;0;0,0;0,0;0;0,0;0;0,0;0,0;0
4691;Portaria;9433736;2025;53;1450376;2025-08-26;2071;4;4;90;52;25;0;0;57;1;54000,0;54000,0;54000,0;17.359.233/0001-88;TECIDOS E ARMARINHOS MIGUEL BARTOLOMEU S/A;54000,0;54000,0;54000,0;0,0;0,0;0;0,0;0,0;0;0,0;0,0;0;0,0;0;0,0;0,0;0
4691;Portaria;9433736;2025;56;1450376;2025-08-29;2071;4;4;90;52;8;0;0;57;1;99450,0;99450,0;99450,0;65.313.538/0001-00;PRESTOBAT LTDA -EPP;99450,0;99450,0;93600,0;0,0;0,0;0;0,0;0,0;0;5850,0;0,0;0;5779,8;0;70,2;0,0;0
4691;Portaria;9433736;2025;57;1450376;2025-08-29;2071;4;4;90;52;20;0;0;57;1;85918,4;85918,4;85918,4;24.939.626/0001-26;BR ONLINE COMERCIO VAREJISTA E VENDA DE PRODUTOS LTDA;85918,4;85918,4;85918,4;0,0;0,0;0;0,0;0,0;0;0,0;0,0;0;0,0;0;0,0;0,0;0
4691;Portaria;9433736;2025;58;1450376;2025-08-29;2071;4;4;90;52;14;0;0;57;1;140189,28;140189,28;140189,28;62.139.803/0001-89;METALFLEX INDUSTRIA E DISTRIBUICAO DE MOVEIS LTDA;140189,28;140189,28;140189,28;0,0;0,0;0;0,0;0,0;0;0,0;0,0;0;0,0;0;0,0;0,0;0
4691;Portaria;9433736;2025;62;1450376;2025-09-12;2071;4;4;90;52;12;0;0;57;1;89800,0;89800,0;89800,0;07.214.878/0001-79;RAFTECO COMERCIO DE MATERIAL DE INFORMATICA LTDA - ME;89800,0;89800,0;89800,0;0,0;0,0;0;0,0;0,0;0;0,0;0,0;0;0,0;0;0,0;0,0;0
4691;Portaria;9433736;2025;67;1450376;2025-09-23;2071;4;4;90;52;7;0;0;57;1;390404,0;390404,0;390404,0;00.677.870/0001-08;DRIVE A INFORMATICA LTDA;390404,0;390404,0;390404,0;0,0;0,0;0;0,0;0,0;0;0,0;0,0;0;0,0;0;0,0;0,0;0
4691;Portaria;9433736;2025;68;1450376;2025-09-23;2071;4;4;90;52;7;0;0;57;1;111544,0;111544,0;111544,0;00.677.870/0001-08;DRIVE A INFORMATICA LTDA;111544,0;111544,0;111544,0;0,0;0,0;0;0,0;0,0;0;0,0;0,0;0;0,0;0;0,0;0,0;0
4691;Portaria;9433736;2025;75;1450376;2025-10-15;2071;3;3;90;30;13;0;0;57;1;2343,6;2343,6;2343,6;08.195.271/0001-51;FOCOS COMERCIAL LTDA;2343,6;2343,6;2343,6;0,0;0,0;0;0,0;0,0;0;0,0;0,0;0;0,0;0;0,0;0,0;0
4691;Portaria;9433736;2025;82;1450376;2025-10-28;2071;4;4;90;52;7;0;0;57;1;1675,6;1675,6;1675,6;01.590.728/0008-50;MICROTECNICA INFORMATICA LTDA;1675,6;1675,6;1675,6;0,0;0,0;0;0,0;0,0;0;0,0;0,0;0;0,0;0;0,0;0,0;0
4691;Portaria;9433736;2025;83;1450376;2025-10-28;2071;4;4;90;52;7;0;0;57;1;1256,7;1256,7;1256,7;01.590.728/0008-50;MICROTECNICA INFORMATICA LTDA;1256,7;1256,7;1256,7;0,0;0,0;0;0,0;0,0;0;0,0;0,0;0;0,0;0;0,0;0,0;0
4691;Portaria;9433736;2025;84;1450376;2025-10-28;2071;4;4;90;52;7;0;0;57;1;6283,5;6283,5;6283,5;01.590.728/0008-50;MICROTECNICA INFORMATICA LTDA;6283,5;6283,5;6283,5;0,0;0,0;0;0,0;0,0;0;0,0;0,0;0;0,0;0;0,0;0,0;0
4691;Portaria;9433736;2025;90;1450376;2025-11-18;2071;4;4;90;52;7;0;0;57;1;59055,0;59055,0;59055,0;12.477.490/0002-81;LIDER NOTEBOOKS COMERCIO E SERVICOS LTDA;59055,0;0,0;0,0;59055,0;0,0;0;59055,0;58346,34;0;0,0;0,0;0;0,0;0;708,66;0,0;0
4691;Portaria;9433736;2025;95;1450376;2025-11-27;2071;4;4;90;52;7;0;0;57;1;27528,9;27528,9;27528,9;46.266.771/0001-26;CANON DO BRASIL INDUSTRIA E COMERCIO LTDA.;27528,9;0,0;0,0;27528,9;0,0;0;27528,9;27198,55;0;0,0;0,0;0;0,0;0;330,35;0,0;0
4691;Portaria;9433736;2025;105;1450376;2025-12-16;2071;3;3;90;30;25;0;0;57;1;63600,0;63600,0;63600,0;57.494.031/0001-63;COMPANHIA BRASILEIRA DE CARTUCHOS;63600,0;0,0;0,0;63600,0;0,0;0;63600,0;62836,8;0;0,0;0,0;0;0,0;0;763,2;0,0;0
4691;Portaria;9433736;2025;106;1450376;2025-12-16;2071;3;3;90;30;25;0;0;57;1;11470,0;11470,0;11470,0;57.494.031/0010-54;COMPANHIA BRASILEIRA DE CARTUCHOS;11470,0;0,0;0,0;11470,0;0,0;0;11470,0;11332,36;0;0,0;0,0;0;0,0;0;137,64;0,0;0
4691;Portaria;9433736;2025;110;1450376;2025-12-23;2071;3;3;90;40;2;0;0;57;1;156919,0;156919,0;156919,0;06.984.836/0001-54;INTELIGENCIA DE NEGOCIOS, SISTEMAS E INFORMATICA LTDA.;156919,0;0,0;0,0;156919,0;0,0;0;156919,0;149386,89;0;0,0;0,0;0;0,0;0;7532,11;0,0;0
4691;Portaria;9433736;2026;1;1450377;2026-04-29;2071;3;3;90;30;25;0;0;57;1;25140,0;25140,0;25140,0;35.339.234/0001-42;MJ SAFETY EQUIPAMENTOS DE PROTECAO E SEGURANCA LTDA;25140,0;25140,0;25140,0;0,0;0,0;0;0,0;0,0;0;0,0;0,0;0;0,0;0;0,0;0,0;0
4691;Portaria;9433736;2026;2;1450382;2026-08-06;2071;4;4;90;52;7;0;0;57;1;458764,0;458764,0;458764,0;58.619.404/0008-14;CONVERGINT COMERCIO E SERVICOS DE TECNOLOGIA LTDA;458764,0;458764,0;458764,0;0,0;0,0;0;0,0;0,0;0;0,0;0,0;0;0,0;0;0,0;0,0;0
4691;Portaria;9433736;2026;3;1450382;2026-08-10;2071;3;3;90;39;21;0;0;57;1;130000,0;130000,0;130000,0;58.619.404/0008-14;CONVERGINT COMERCIO E SERVICOS DE TECNOLOGIA LTDA;130000,0;130000,0;130000,0;0,0;0,0;0;0,0;0,0;0;0,0;0,0;0;0,0;0;0,0;0,0;0
4691;Portaria;9433736;2026;4;1450376;2026-03-25;2071;4;4;90;52;7;0;0;57;1;370078,0;370078,0;370078,0;12.477.490/0002-81;LIDER NOTEBOOKS COMERCIO E SERVICOS LTDA;370078,0;370078,0;370078,0;0,0;0,0;0;0,0;0,0;0;0,0;0,0;0;0,0;0;0,0;0,0;0
4691;Portaria;9433736;2026;4;1450382;2026-08-10;2071;3;3;90;36;31;0;0;57;1;8000,0;8000,0;8000,0;58.619.404/0008-14;CONVERGINT COMERCIO E SERVICOS DE TECNOLOGIA LTDA;8000,0;8000,0;8000,0;0,0;0,0;0;0,0;0,0;0;0,0;0,0;0;0,0;0;0,0;0,0;0
4691;Portaria;9433736;2026;4;1450385;2026-04-08;2071;3;3;90;39;53;0;0;57;1;255210,0;255210,0;255210,0;08.808.153/0001-71;FUTURA AGENCIA DE VIAGENS E TURISMO LTDA -EPP;255210,0;255210,0;255210,0;0,0;0,0;0;0,0;0,0;0;0,0;0,0;0;0,0;0;0,0;0,0;0
4691;Portaria;9433736;2026;5;1450009;2026-05-07;2071;3;3;90;39;48;0;0;57;1;426000,0;383400,0;383400,0;56.107.195/0001-28;REQUINTE PRODUCOES E EVENTOS LTDA;426000,0;383400,0;383400,0;0,0;0,0;0;0,0;0,0;0;0,0;0,0;0;0,0;0;0,0;0,0;0
4691;Portaria;9433736;2026;5;1450385;2026-05-14;2071;3;3;90;39;42;0;0;57;1;17760,0;17760,0;17760,0;64.846.537/0001-50;EDITORA GRAFICA SANTA HELENA LTDA;17760,0;17760,0;17760,0;0,0;0,0;0;0,0;0,0;0;0,0;0,0;0;0,0;0;0,0;0,0;0
4691;Portaria;9433736;2026;6;1450015;2026-04-17;2071;4;4;90;52;8;0;0;57;1;4931,04;4931,04;4931,04;11.090.831/0001-18;FOCO LICITACOES LTDA;4931,04;4931,04;4931,04;0,0;0,0;0;0,0;0,0;0;0,0;0,0;0;0,0;0;0,0;0,0;0
4691;Portaria;9433736;2026;6;1450376;2026-03-25;2071;4;4;90;52;7;0;0;57;1;34384,0;34384,0;34384,0;81.243.735/0009-03;POSITIVO TECNOLOGIA S.A.;34384,0;34384,0;34384,0;0,0;0,0;0;0,0;0,0;0;0,0;0,0;0;0,0;0;0,0;0,0;0
4691;Portaria;9433736;2026;7;1450376;2026-03-25;2071;4;4;90;52;7;0;0;57;1;17192,0;17192,0;17192,0;81.243.735/0009-03;POSITIVO TECNOLOGIA S.A.;17192,0;17192,0;17192,0;0,0;0,0;0;0,0;0,0;0;0,0;0,0;0;0,0;0;0,0;0,0;0
4691;Portaria;9433736;2026;9;1450376;2026-03-25;2071;3;3;90;30;30;0;0;57;1;13018,65;13018,65;13018,65;06.003.551/0001-95;QUALIVIDROS DISTRIBUIDORA LTDA;13018,65;13018,65;13018,65;0,0;0,0;0;0,0;0,0;0;0,0;0,0;0;0,0;0;0,0;0,0;0
4691;Portaria;9433736;2026;12;1450377;2026-06-08;2071;3;3;90;30;25;0;0;57;1;77490,0;0,0;0,0;61.451.654/0009-83;ITURRI COIMPAR INDUSTRIA E COMERCIO DE EPI S LTDA;77490,0;0,0;0,0;0,0;0,0;0;0,0;0,0;0;0,0;0,0;0;0,0;0;0,0;0,0;0
4691;Portaria;9433736;2026;13;1450376;2026-03-25;2071;3;3;90;30;30;0;0;57;1;209877,0;209877,0;209877,0;42.153.841/0001-89;SAFELOCK PRODUTOS DE SEGURANCA INDUSTRIA E COMERCIO LTDA;209877,0;209877,0;209877,0;0,0;0,0;0;0,0;0,0;0;0,0;0,0;0;0,0;0;0,0;0,0;0
4691;Portaria;9433736;2026;15;1450376;2026-03-25;2071;4;4;90;52;20;0;0;57;1;12100,0;12100,0;12100,0;33.296.079/0001-07;AIPLATES TECNOLOGIA LTDA;12100,0;12100,0;12100,0;0,0;0,0;0;0,0;0,0;0;0,0;0,0;0;0,0;0;0,0;0,0;0
4691;Portaria;9433736;2026;29;1450376;2026-03-30;2071;4;4;90;52;7;0;0;57;1;2585,0;2585,0;0,0;33.279.320/0001-81;G.I COMERCIO E SOLUCOES TECNOLOGICAS LTDA;2585,0;2585,0;0,0;0,0;0,0;0;0,0;0,0;0;0,0;0,0;0;0,0;0;0,0;0,0;0
4691;Portaria;9433736;2026;36;1450376;2026-04-10;2071;4;4;90;52;7;0;0;57;1;673971,34;673971,34;673971,34;03.535.902/0004-63;DECISION SERVICOS DE TECNOLOGIA DA INFORMACAO LTDA;673971,34;673971,34;673971,34;0,0;0,0;0;0,0;0,0;0;0,0;0,0;0;0,0;0;0,0;0,0;0
4691;Portaria;9433736;2026;47;1450376;2026-04-30;2071;4;4;90;52;7;0;0;57;1;34199,88;34199,88;34199,88;27.975.551/0003-99;VANGUARDA INFORMATICA LTDA;34199,88;34199,88;34199,88;0,0;0,0;0;0,0;0,0;0;0,0;0,0;0;0,0;0;0,0;0,0;0
4691;Portaria;9433736;2026;56;1450376;2026-05-13;2071;3;3;90;40;2;0;0;57;1;787500,0;787500,0;787500,0;42.224.229/0001-50;INSPECT INTELIGENCIA E TECNOLOGIA LTDA;787500,0;787500,0;787500,0;0,0;0,0;0;0,0;0,0;0;0,0;0,0;0;0,0;0;0,0;0,0;0
4691;Portaria;9433736;2026;80;1450376;2026-08-14;2071;4;4;90;52;7;0;0;57;1;5856,17;5856,17;5856,17;04.602.789/0001-01;DATEN TECNOLOGIA LTDA;5856,17;5856,17;5856,17;0,0;0,0;0;0,0;0,0;0;0,0;0,0;0;0,0;0;0,0;0,0;0
4691;Portaria;9433736;2026;81;1450376;2026-08-14;2071;4;4;90;52;7;0;0;57;1;399117,18;399117,18;0,0;04.602.789/0001-01;DATEN TECNOLOGIA LTDA;399117,18;399117,18;0,0;0,0;0,0;0;0,0;0,0;0;0,0;0,0;0;0,0;0;0,0;0,0;0
4691;Portaria;9433736;2026;99;1450376;2026-09-23;2071;3;3;90;40;2;0;0;57;1;141349,4;0,0;0,0;06.984.836/0001-54;INTELIGENCIA DE NEGOCIOS, SISTEMAS E INFORMATICA LTDA.;141349,4;0,0;0,0;0,0;0,0;0;0,0;0,0;0;0,0;0,0;0;0,0;0;0,0;0,0;0
4691;Portaria;9433736;2026;102;1450376;2026-10-01;2071;4;4;90;52;25;0;0;57;1;86900,0;0,0;0,0;08.194.579/0001-82;LEANDRO LUIZ LEAL SILVA -EPP;86900,0;0,0;0,0;0,0;0,0;0;0,0;0,0;0;0,0;0,0;0;0,0;0;0,0;0,0;0
4691;Portaria;9433735;2024;5;1450377;2024-07-31;2071;4;4;90;52;7;0;0;57;1;3390,0;3390,0;3390,0;59.717.553/0006-17;GRUPO MULTILASER S.A.;3390,0;0,0;0,0;3390,0;0,0;0;3390,0;3349,32;0;0,0;0,0;0;0,0;0;40,68;0,0;0
4691;Portaria;9433735;2024;6;1450377;2024-07-31;2071;4;4;90;52;7;0;0;57;1;23169,24;23169,24;23169,24;07.275.920/0001-61;LENOVO TECNOLOGIA (BRASIL) LIMITADA;23169,24;23169,24;23169,24;0,0;0,0;0;0,0;0,0;0;0,0;0,0;0;0,0;0;0,0;0,0;0
4691;Portaria;9433735;2024;53;1450378;2024-09-20;2071;4;4;90;52;14;0;0;57;1;1015,0;1015,0;1015,0;53.964.373/0001-49;53.964.373 NATHALIA SOARES DE OLIVEIRA SANTOS SIMOES;1015,0;1015,0;1015,0;0,0;0,0;0;0,0;0,0;0;0,0;0,0;0;0,0;0;0,0;0,0;0
4691;Portaria;9433735;2024;55;1450378;2024-10-09;2071;4;4;90;52;14;0;0;57;1;199283,0;199283,0;199283,0;29.178.797/0001-01;FOX INDUSTRIA METALURGICA LTDA;199283,0;199283,0;185980,0;0,0;0,0;0;0,0;0,0;0;13303,0;0,0;0;13303,0;0;0,0;0,0;0
4691;Portaria;9433735;2024;86;1450376;2024-11-28;2071;4;4;90;51;7;0;0;57;1;194380,72;194380,72;194380,72;00.353.783/0001-97;SEGMENTO ENGENHARIA LTDA - EPP;198627,39;0,0;0,0;240437,67;4246,67;0;194380,72;188061,46;0;0,0;0,0;0;0,0;0;6319,26;0,0;0
4691;Portaria;9433735;2024;93;1450376;2024-12-17;2071;4;4;90;52;6;0;0;57;1;37400,0;37400,0;37400,0;12.934.928/0001-22;BETA LTDA;37400,0;0,0;0,0;37400,0;0,0;0;37400,0;37400,0;0;0,0;0,0;0;0,0;0;0,0;0,0;0
4691;Portaria;9433735;2024;97;1450005;2024-12-02;2071;4;4;90;52;17;0;0;57;1;90000,0;90000,0;90000,0;16.701.716/0001-56;STELLANTIS AUTOMOVEIS BRASIL LTDA.;90000,0;0,0;0,0;90000,0;0,0;0;90000,0;88920,0;0;0,0;0,0;0;0,0;0;1080,0;0,0;0
4691;Portaria;9433735;2024;99;1450005;2024-12-13;2071;4;4;90;52;17;0;0;57;1;200680,0;200680,0;200680,0;04.104.117/0007-61;NISSAN DO BRASIL AUTOMOVEIS LTDA;200680,0;0,0;0,0;200680,0;0,0;0;200680,0;198271,84;0;0,0;0,0;0;0,0;0;2408,16;0,0;0
4691;Portaria;9433735;2024;145;1450378;2024-11-22;2071;4;4;90;40;6;0;0;57;1;605933,58;605933,58;605933,58;42.563.692/0001-26;M.I. MONTREAL INFORMATICA S.A;617074,76;0,0;0,0;660538,9;11141,18;0;605933,58;561700,5;0;0,0;0,0;0;0,0;0;44233,08;0,0;0
4691;Portaria;9433735;2024;148;1450378;2024-11-29;2071;3;3;90;39;4;0;0;57;1;44782,47;44782,47;44782,47;17.331.294/0001-37;W M PORTAS EMPREENDIMENTOS EM MOVEIS PLANEJADOS LTDA - EPP;44782,47;0,0;0,0;44782,47;0,0;0;44782,47;44782,47;0;0,0;0,0;0;0,0;0;0,0;0,0;0
4691;Portaria;9433735;2024;149;1450378;2024-11-29;2071;4;4;90;52;7;0;0;57;1;97601,0;97601,0;97601,0;00.677.870/0001-08;DRIVE A INFORMATICA LTDA;97601,0;0,0;0,0;97601,0;0,0;0;97601,0;96429,79;0;0,0;0,0;0;0,0;0;1171,21;0,0;0
4691;Portaria;9433735;2024;155;1450378;2024-12-11;2071;4;4;90;40;6;0;0;57;1;1502,88;1502,88;1502,88;19.877.285/0002-52;LANLINK SOLUCOES E COMERCIALIZACAO EM INFORMATICA S/A;1502,88;0,0;0,0;1502,88;0,0;0;1502,88;1430,74;0;0,0;0,0;0;0,0;0;72,14;0,0;0
4691;Portaria;9433735;2024;156;1450378;2024-12-11;2071;4;4;90;52;7;0;0;57;1;11721,0;11721,0;11721,0;12.477.490/0002-81;LIDER NOTEBOOKS COMERCIO E SERVICOS LTDA;11721,0;0,0;0,0;11721,0;0,0;0;11721,0;11580,35;0;0,0;0,0;0;0,0;0;140,65;0,0;0
4691;Portaria;9433735;2024;159;1450378;2024-12-16;2071;3;3;90;39;22;0;0;57;1;282010,16;282010,16;282010,16;37.916.470/0001-00;VIANNA COMERCIO E SERVICOS DE CONSTRUCAO LTDA;285000,0;0,0;0,0;287989,84;2989,84;0;282010,16;276369,96;0;0,0;0,0;0;0,0;0;5640,2;0,0;0
4691;Portaria;9433735;2024;166;1450378;2024-12-26;2071;3;3;90;30;15;0;0;57;1;700,0;700,0;700,0;07.301.838/0001-64;HEDER COSTA DA SILVA & CIA LTDA -ME;700,0;0,0;0,0;700,0;0,0;0;700,0;700,0;0;0,0;0,0;0;0,0;0;0,0;0,0;0
4691;Portaria;9433735;2024;167;1450378;2024-12-26;2071;4;4;90;52;8;0;0;57;1;3100,0;3100,0;3100,0;07.301.838/0001-64;HEDER COSTA DA SILVA & CIA LTDA -ME;3100,0;0,0;0,0;3100,0;0,0;0;3100,0;3100,0;0;0,0;0,0;0;0,0;0;0,0;0,0;0
4691;Portaria;9433735;2024;168;1450378;2024-12-26;2071;4;4;90;52;8;0;0;57;1;51248,0;51248,0;50633,02;21.641.059/0001-39;DISTRIBUIDORA PERES & ARAUJO LTDA - ME;51248,0;0,0;0,0;51248,0;0,0;0;51248,0;50633,02;0;0,0;0,0;0;0,0;0;0,0;0,0;0
4691;Portaria;9433735;2024;171;1450378;2024-12-27;2071;3;3;90;30;2;0;0;57;1;51150,0;51150,0;51150,0;02.902.969/0001-83;TRINCA ESPORTES LTDA;51150,0;0,0;0,0;51150,0;0,0;0;51150,0;50536,2;0;0,0;0,0;0;0,0;0;613,8;0,0;0
4691;Portaria;9433735;2024;172;1450378;2024-12-27;2071;3;3;90;30;22;0;0;57;1;40440,6;40440,6;40440,6;18.905.288/0001-09;AQUARELA COMERCIO E SERVICOS LTDA;40440,6;0,0;0,0;40440,6;0,0;0;40440,6;40440,6;0;0,0;0,0;0;0,0;0;0,0;0,0;0
4691;Portaria;9433735;2024;173;1450378;2024-12-27;2071;3;3;90;30;2;0;0;57;1;108558,36;108558,36;108558,36;18.905.288/0001-09;AQUARELA COMERCIO E SERVICOS LTDA;108558,36;0,0;0,0;108558,36;0,0;0;108558,36;108558,36;0;0,0;0,0;0;0,0;0;0,0;0,0;0
4691;Portaria;9433735;2024;175;1450378;2024-12-27;2071;4;4;90;52;7;0;0;57;1;6780,0;6780,0;6780,0;59.717.553/0006-17;GRUPO MULTILASER S.A.;6780,0;0,0;0,0;6780,0;0,0;0;6780,0;6698,64;0;0,0;0,0;0;0,0;0;81,36;0,0;0
4691;Portaria;9433735;2024;178;1450378;2024-12-27;2071;4;4;90;52;7;0;0;57;1;13943,0;13943,0;13943,0;00.677.870/0001-08;DRIVE A INFORMATICA LTDA;13943,0;0,0;0,0;13943,0;0,0;0;13943,0;13775,69;0;0,0;0,0;0;0,0;0;167,31;0,0;0
4691;Portaria;9433735;2025;1;1450377;2025-03-13;2071;3;3;90;39;24;0;0;57;1;68456,07;68456,07;68456,07;26.957.164/0001-03;NUMI - TREINAMENTO E APERFEICOAMENTO LTDA;68456,07;45000,0;45000,0;23456,07;0,0;0;23456,07;22979,91;0;0,0;0,0;0;0,0;0;476,16;0,0;0
4691;Portaria;9433735;2025;1;1450385;2025-05-21;2071;4;4;90;52;17;0;0;57;1;90000,0;90000,0;90000,0;16.701.716/0001-56;STELLANTIS AUTOMOVEIS BRASIL LTDA.;90000,0;90000,0;90000,0;0,0;0,0;0;0,0;0,0;0;0,0;0,0;0;0,0;0;0,0;0,0;0
4691;Portaria;9433735;2025;2;1450380;2025-07-31;2071;3;3;90;39;9;0;0;57;1;77002,6;77002,6;77002,6;24.172.716/0001-34;FLD LTDA;147077,06;77002,6;77002,6;70074,46;70074,46;0;0,0;0,0;0;0,0;0,0;0;0,0;0;0,0;0,0;0
4691;Portaria;9433735;2025;5;1450378;2025-09-15;2071;3;3;90;39;48;0;0;57;1;5145,0;5145,0;5145,0;49.835.498/0001-00;TECH MASTER SOLUCOES INTEGRADAS LTDA;5145,0;5145,0;5145,0;0,0;0,0;0;0,0;0,0;0;0,0;0,0;0;0,0;0;0,0;0,0;0
4691;Portaria;9433735;2025;6;1450378;2025-09-18;2071;4;4;90;40;6;0;0;57;1;16839,11;16839,11;16839,11;42.563.692/0001-26;M.I. MONTREAL INFORMATICA S.A;16839,11;0,0;0,0;16839,11;0,0;0;16839,11;15609,86;0;0,0;0,0;0;0,0;0;1229,25;0,0;0
4691;Portaria;9433735;2025;9;1450385;2025-12-11;2071;4;4;90;52;7;0;0;57;1;19435,0;19435,0;19435,0;24.490.141/0001-06;CONEXAO MAXIMA INFORMATICA LTDA;19435,0;0,0;0,0;19435,0;0,0;0;19435,0;19435,0;0;0,0;0,0;0;0,0;0;0,0;0,0;0
4691;Portaria;9433735;2025;13;1450378;2025-10-20;2071;3;3;90;39;22;0;0;57;1;294745,93;153699,59;153699,59;40.760.030/0001-10;RYCIM CONSTRUCOES LTDA;294745,93;0,0;0,0;294745,93;0,0;0;153699,59;146328,35;0;0,0;0,0;0;0,0;0;7371,24;0,0;0
4691;Portaria;9433735;2025;16;1450377;2025-10-03;2071;3;3;90;39;24;0;0;57;1;55627,0;55627,0;55627,0;36.374.248/0001-60;INSTITUTO DE PESQUISA, PREVENCAO E ESTUDOS EM SUICIDIO - IPPES;55627,0;55627,0;55627,0;0,0;0,0;0;0,0;0,0;0;0,0;0,0;0;0,0;0;0,0;0,0;0
4691;Portaria;9433735;2025;18;1450377;2025-11-12;2071;4;4;90;52;8;0;0;57;1;124085,0;124085,0;124085,0;17.991.869/0001-48;WAVE TECNOLOGIAS EM SISTEMAS AUDIOVISUAIS LTDA;124085,0;0,0;0,0;124085,0;0,0;0;124085,0;124085,0;0;0,0;0,0;0;0,0;0;0,0;0,0;0
4691;Portaria;9433735;2025;19;1450377;2025-11-12;2071;4;4;90;52;6;0;0;57;1;2341,0;2341,0;2341,0;17.991.869/0001-48;WAVE TECNOLOGIAS EM SISTEMAS AUDIOVISUAIS LTDA;2341,0;0,0;0,0;2341,0;0,0;0;2341,0;2312,91;0;0,0;0,0;0;0,0;0;28,09;0,0;0
4691;Portaria;9433735;2025;20;1450377;2025-11-12;2071;3;3;90;39;21;0;0;57;1;35240,0;35240,0;35240,0;17.991.869/0001-48;WAVE TECNOLOGIAS EM SISTEMAS AUDIOVISUAIS LTDA;35240,0;0,0;0,0;35240,0;0,0;0;35240,0;33055,12;0;0,0;0,0;0;0,0;0;2184,88;0,0;0
4691;Portaria;9433735;2025;29;1450376;2025-05-26;2071;3;3;90;30;12;0;0;57;1;7504,0;7504,0;7504,0;31.401.798/0001-07;DENTAL BH BRASIL COMERCIO DE PRODUTOS ODONTO-MEDICO-HOSPITALAR LTDA;7504,0;7504,0;7504,0;0,0;0,0;0;0,0;0,0;0;0,0;0,0;0;0,0;0;0,0;0,0;0
4691;Portaria;9433735;2025;30;1450376;2025-05-26;2071;3;3;90;30;11;0;0;57;1;218639,75;218639,75;218639,75;31.401.798/0001-07;DENTAL BH BRASIL COMERCIO DE PRODUTOS ODONTO-MEDICO-HOSPITALAR LTDA;218639,75;218639,75;218639,75;0,0;0,0;0;0,0;0,0;0;0,0;0,0;0;0,0;0;0,0;0,0;0
4691;Portaria;9433735;2025;35;1450376;2025-06-12;2071;3;3;90;30;10;0;0;57;1;5637,6;5637,6;5637,6;43.197.048/0001-44;DUTRA E SILVA DISTRIBUIDORA LTDA;5637,6;5637,6;5637,6;0,0;0,0;0;0,0;0,0;0;0,0;0,0;0;0,0;0;0,0;0,0;0
4691;Portaria;9433735;2025;36;1450376;2025-06-12;2071;3;3;90;30;5;0;0;57;1;1400,0;1400,0;1400,0;43.197.048/0001-44;DUTRA E SILVA DISTRIBUIDORA LTDA;1400,0;1400,0;1400,0;0,0;0,0;0;0,0;0,0;0;0,0;0,0;0;0,0;0;0,0;0,0;0
4691;Portaria;9433735;2025;37;1450376;2025-06-12;2071;3;3;90;30;11;0;0;57;1;3974,2;3974,2;3974,2;34.412.925/0001-61;ATHENA COMERCIO DE PRODUTOS ODONTOLOGICOS MEDICOS E HOSPITALARES LTDA;3974,2;3974,2;3974,2;0,0;0,0;0;0,0;0,0;0;0,0;0,0;0;0,0;0;0,0;0,0;0
4691;Portaria;9433735;2025;38;1450376;2025-06-13;2071;3;3;90;30;24;0;0;57;1;28911,0;28911,0;28911,0;31.401.798/0001-07;DENTAL BH BRASIL COMERCIO DE PRODUTOS ODONTO-MEDICO-HOSPITALAR LTDA;28911,0;28911,0;28911,0;0,0;0,0;0;0,0;0,0;0;0,0;0,0;0;0,0;0;0,0;0,0;0
4691;Portaria;9433735;2025;39;1450376;2025-06-13;2071;3;3;90;30;11;0;0;57;1;11839,5;11839,5;11839,5;31.401.798/0001-07;DENTAL BH BRASIL COMERCIO DE PRODUTOS ODONTO-MEDICO-HOSPITALAR LTDA;11839,5;11839,5;11839,5;0,0;0,0;0;0,0;0,0;0;0,0;0,0;0;0,0;0;0,0;0,0;0
4691;Portaria;9433735;2025;40;1450376;2025-06-13;2071;3;3;90;30;11;0;0;57;1;5278,5;5278,5;5278,5;32.677.058/0001-60;DENTAL FREE MATERIAIS E SOLUCOES ODONTOLOGICAS LTDA;5278,5;5278,5;5278,5;0,0;0,0;0;0,0;0,0;0;0,0;0,0;0;0,0;0;0,0;0,0;0
4691;Portaria;9433735;2025;41;1450376;2025-06-13;2071;3;3;90;30;10;0;0;57;1;50,22;50,22;50,22;32.677.058/0001-60;DENTAL FREE MATERIAIS E SOLUCOES ODONTOLOGICAS LTDA;50,22;50,22;50,22;0,0;0,0;0;0,0;0,0;0;0,0;0,0;0;0,0;0;0,0;0,0;0
4691;Portaria;9433735;2025;47;1450378;2025-12-23;2071;3;3;90;30;2;0;0;57;1;18797,98;18797,98;18797,98;59.708.408/0001-65;VG COMERCIO E SERVICOS LTDA;18797,98;0,0;0,0;18797,98;0,0;0;18797,98;18797,98;0;0,0;0,0;0;0,0;0;0,0;0,0;0
4691;Portaria;9433735;2025;48;1450378;2025-12-23;2071;3;3;90;30;2;0;0;57;1;11600,0;11600,0;11600,0;07.628.070/0001-38;INDUSTRIA E COMERCIO COLCHOES ORTHOVIDA LTDA;11600,0;0,0;0,0;11600,0;0,0;0;11600,0;11600,0;0;0,0;0,0;0;0,0;0;0,0;0,0;0
4691;Portaria;9433735;2025;49;1450378;2025-12-23;2071;3;3;90;30;2;0;0;57;1;2988,0;2988,0;2988,0;09.263.905/0001-29;ARTEFATOS JULIANE LTDA;2988,0;0,0;0,0;2988,0;0,0;0;2988,0;2988,0;0;0,0;0,0;0;0,0;0;0,0;0,0;0
4691;Portaria;9433735;2025;50;1450378;2025-12-23;2071;3;3;90;30;2;0;0;57;1;27583,99;27583,99;27583,99;02.441.945/0001-74;TRAUM ARTIGOS ESPORTIVOS LTDA;27583,99;0,0;0,0;27583,99;0,0;0;27583,99;27252,99;0;0,0;0,0;0;0,0;0;331,0;0,0;0
4691;Portaria;9433735;2025;87;1450376;2025-11-12;2071;4;4;90;52;9;0;0;57;1;1069,69;1069,69;1069,69;31.401.798/0001-07;DENTAL BH BRASIL COMERCIO DE PRODUTOS ODONTO-MEDICO-HOSPITALAR LTDA;1069,69;1069,69;1069,69;0,0;0,0;0;0,0;0,0;0;0,0;0,0;0;0,0;0;0,0;0,0;0
4691;Portaria;9433735;2026;2;1450385;2026-04-07;2071;3;3;90;39;53;0;0;57;1;66150,0;66150,0;66150,0;58.221.264/0001-55;SUPER LICITA COMERCIO E SERVICOS LTDA;66150,0;66150,0;66150,0;0,0;0,0;0;0,0;0,0;0;0,0;0,0;0;0,0;0;0,0;0,0;0
4691;Portaria;9433735;2026;8;1450005;2026-06-02;2071;4;4;90;52;9;0;0;57;1;480,0;480,0;480,0;07.628.070/0001-38;INDUSTRIA E COMERCIO COLCHOES ORTHOVIDA LTDA;480,0;480,0;480,0;0,0;0,0;0;0,0;0,0;0;0,0;0,0;0;0,0;0;0,0;0,0;0
4691;Portaria;9433735;2026;9;1450005;2026-06-02;2071;3;3;90;30;2;0;0;57;1;588,15;588,15;588,15;07.820.223/0001-44;MARCELO LUIZ CLEMENTE BRANDAO -ME;588,15;588,15;588,15;0,0;0,0;0;0,0;0,0;0;0,0;0,0;0;0,0;0;0,0;0,0;0
4691;Portaria;9433735;2026;10;1450005;2026-06-02;2071;4;4;90;52;13;0;0;57;1;1421,4;1421,4;1421,4;12.937.692/0001-88;T & M ELETROHIDRAULICA LTDA;1421,4;1421,4;1421,4;0,0;0,0;0;0,0;0,0;0;0,0;0,0;0;0,0;0;0,0;0,0;0
4691;Portaria;9433735;2026;11;1450005;2026-06-02;2071;3;3;90;30;10;0;0;57;1;1045,0;1045,0;1045,0;07.820.223/0001-44;MARCELO LUIZ CLEMENTE BRANDAO -ME;1045,0;1045,0;1045,0;0,0;0,0;0;0,0;0,0;0;0,0;0,0;0;0,0;0;0,0;0,0;0
4691;Portaria;9433735;2026;11;1450377;2026-06-02;2071;4;4;90;52;7;0;0;57;1;1850,0;1849,99;1849,99;07.500.596/0001-38;AIDC TECNOLOGIA LTDA;1850,0;1849,99;1849,99;0,0;0,0;0;0,0;0,0;0;0,0;0,0;0;0,0;0;0,0;0,0;0
4691;Portaria;9433735;2026;12;1450005;2026-06-08;2071;4;4;90;52;9;0;0;57;1;1540,0;1540,0;1540,0;09.251.627/0001-90;K.C.R. INDUSTRIA E COMERCIO DE EQUIPAMENTOS LTDA;1540,0;1540,0;1540,0;0,0;0,0;0;0,0;0,0;0;0,0;0,0;0;0,0;0;0,0;0,0;0
4691;Portaria;9433735;2026;24;1450377;2026-09-18;2071;4;4;90;52;8;0;0;57;1;25818,0;25818,0;0,0;17.991.869/0001-48;WAVE TECNOLOGIAS EM SISTEMAS AUDIOVISUAIS LTDA;25818,0;25818,0;0,0;0,0;0,0;0;0,0;0,0;0;0,0;0,0;0;0,0;0;0,0;0,0;0
4691;Portaria;9433735;2026;25;1450377;2026-09-21;2071;4;4;90;51;3;0;0;57;1;344990,0;0,0;0,0;08.545.316/0001-70;IGL AMBIENTAL LTDA;344990,0;0,0;0,0;0,0;0,0;0;0,0;0,0;0;0,0;0,0;0;0,0;0;0,0;0,0;0
4691;Portaria;9433735;2026;40;1450378;2026-07-02;2071;3;3;90;39;22;0;0;57;1;64391,1;0,0;0,0;40.760.030/0001-10;RYCIM CONSTRUCOES LTDA;64391,1;0,0;0,0;0,0;0,0;0;0,0;0,0;0;0,0;0,0;0;0,0;0;0,0;0,0;0
4691;Portaria;9433735;2026;46;1450378;2026-07-27;2071;3;3;90;30;2;0;0;57;1;11473,25;11473,25;11473,25;59.708.408/0001-65;VG COMERCIO E SERVICOS LTDA;11473,25;11473,25;11473,25;0,0;0,0;0;0,0;0,0;0;0,0;0,0;0;0,0;0;0,0;0,0;0
4691;Portaria;9433735;2026;47;1450378;2026-07-27;2071;3;3;90;30;2;0;0;57;1;4600,0;0,0;0,0;19.444.651/0001-07;K.S. ARTIGOS ESPORTIVOS LTDA;4600,0;0,0;0,0;0,0;0,0;0;0,0;0,0;0;0,0;0,0;0;0,0;0;0,0;0,0;0
4691;Portaria;9433735;2026;48;1450378;2026-07-27;2071;3;3;90;30;2;0;0;57;1;603,54;0,0;0,0;19.444.651/0001-07;K.S. ARTIGOS ESPORTIVOS LTDA;603,54;0,0;0,0;0,0;0,0;0;0,0;0,0;0;0,0;0,0;0;0,0;0;0,0;0,0;0
4691;Portaria;9433735;2026;49;1450378;2026-07-27;2071;3;3;90;30;2;0;0;57;1;20338,6;0,0;0,0;19.444.651/0001-07;K.S. ARTIGOS ESPORTIVOS LTDA;20338,6;0,0;0,0;0,0;0,0;0;0,0;0,0;0;0,0;0,0;0;0,0;0;0,0;0,0;0
4691;Portaria;9433735;2026;53;1450376;2026-05-12;2071;3;3;90;30;14;0;0;57;1;12288,2;12288,2;12288,2;71.505.564/0001-24;EMIGE MATERIAIS ODONTOLOGICOS LTDA;12288,2;12288,2;12288,2;0,0;0,0;0;0,0;0,0;0;0,0;0,0;0;0,0;0;0,0;0,0;0
4691;Portaria;9433735;2026;54;1450376;2026-05-12;2071;3;3;90;30;11;0;0;57;1;677,9;677,9;677,9;50.567.060/0001-69;DENTAL IPO LTDA;677,9;677,9;677,9;0,0;0,0;0;0,0;0,0;0;0,0;0,0;0;0,0;0;0,0;0,0;0
4691;Portaria;9433735;2026;71;1450378;2026-08-13;2071;4;4;90;52;7;0;0;57;1;12165,94;0,0;0,0;04.602.789/0001-01;DATEN TECNOLOGIA LTDA;12165,94;0,0;0,0;0,0;0,0;0;0,0;0,0;0;0,0;0,0;0;0,0;0;0,0;0,0;0
4691;Portaria;9433735;2026;137;1450378;2026-09-15;2071;3;3;90;39;22;0;0;57;1;149907,64;0,0;0,0;40.760.030/0001-10;RYCIM CONSTRUCOES LTDA;149907,64;0,0;0,0;0,0;0,0;0;0,0;0,0;0;0,0;0,0;0;0,0;0;0,0;0,0;0
4691;Portaria;9396377;2024;1;1450382;2024-04-08;2071;4;4;90;52;7;0;0;57;1;68916,66;68916,66;68916,66;65.149.197/0002-51;REPREMIG REPRESENTACAO E COMERCIO DE MINAS GERAIS LTDA;68916,66;0,0;0,0;68916,66;0,0;0;68916,66;68089,66;0;0,0;0,0;0;0,0;0;827,0;0,0;0
4691;Portaria;9396377;2024;2;1450382;2024-04-08;2071;4;4;90;52;7;0;0;57;1;72000,0;72000,0;72000,0;65.149.197/0002-51;REPREMIG REPRESENTACAO E COMERCIO DE MINAS GERAIS LTDA;72000,0;0,0;0,0;72000,0;0,0;0;72000,0;71136,0;0;0,0;0,0;0;0,0;0;864,0;0,0;0
4691;Portaria;9396377;2025;5;1450382;2025-11-13;2071;4;4;90;52;7;0;0;57;1;1085000,0;1085000,0;1085000,0;10.862.298/0004-45;CLICK TI TECNOLOGIA LTDA;1085000,0;0,0;0,0;1085000,0;0,0;0;1085000,0;1071980,0;0;0,0;0,0;0;0,0;0;13020,0;0,0;0
4691;Portaria;9396377;2025;6;1450382;2025-11-17;2071;4;4;90;52;7;0;0;57;1;150800,0;150800,0;150800,0;21.982.891/0002-80;4U DIGITAL COMERCIO E SERVICOS LTDA;150800,0;0,0;0,0;150800,0;0,0;0;150800,0;148990,4;0;0,0;0,0;0;0,0;0;1809,6;0,0;0
4691;Portaria;9396377;2026;6;1450382;2026-09-04;2071;4;4;90;52;7;0;0;57;1;1067000,0;0,0;0,0;03.619.767/0005-15;TORINO INFORMATICA LTDA..;1067000,0;0,0;0,0;0,0;0,0;0;0,0;0,0;0;0,0;0,0;0;0,0;0;0,0;0,0;0
4691;Portaria;9389062;2023;12;1450005;2023-12-06;2094;4;4;90;52;9;0;0;57;1;8640,0;8640,0;8640,0;09.251.627/0001-90;K.C.R. INDUSTRIA E COMERCIO DE EQUIPAMENTOS LTDA;8640,0;0,0;0,0;8640,0;0,0;0;8640,0;8536,32;0;0,0;0,0;0;0,0;0;103,68;0,0;0
4691;Portaria;9389062;2023;21;1450377;2023-12-19;2094;4;4;90;52;7;0;0;57;1;246443,0;246443,0;246443,0;04.602.789/0001-01;DATEN TECNOLOGIA LTDA;246443,0;0,0;0,0;246443,0;0,0;0;246443,0;243485,68;0;0,0;0,0;0;0,0;0;2957,32;0,0;0
4691;Portaria;9389062;2023;27;1450378;2023-10-20;2094;3;3;90;39;55;0;0;57;1;724900,0;724900,0;724900,0;26.871.302/0001-29;SENIOR VILLAGE SERVICO EIRELI;724900,0;724900,0;724900,0;0,0;0,0;0;0,0;0,0;0;0,0;0,0;0;0,0;0;0,0;0,0;0
4691;Portaria;9389062;2023;30;1450378;2023-10-23;2094;4;4;90;52;14;0;0;57;1;19778,58;19778,58;19778,58;20.323.529/0001-53;ABADE & CAPELLI INDUSTRIA E COMERCIO DE MOVEIS LTDA - ME;19778,58;0,0;0,0;19778,58;0,0;0;19778,58;19778,58;0;0,0;0,0;0;0,0;0;0,0;0,0;0
4691;Portaria;9389062;2023;32;1450378;2023-10-24;2094;3;3;90;33;1;0;0;57;1;8091,3;8091,3;8091,3;26.722.189/0001-10;CERRADO VIAGENS LTDA;8091,3;8091,3;8091,3;0,0;0,0;0;0,0;0,0;0;0,0;0,0;0;0,0;0;0,0;0,0;0
4691;Portaria;9389062;2023;33;1450378;2023-10-25;2094;4;4;90;52;14;0;0;57;1;3656,7;3656,7;3656,7;20.323.529/0001-53;ABADE & CAPELLI INDUSTRIA E COMERCIO DE MOVEIS LTDA - ME;3656,7;3656,7;3656,7;0,0;0,0;0;0,0;0,0;0;0,0;0,0;0;0,0;0;0,0;0,0;0
4691;Portaria;9389062;2023;34;1450378;2023-10-25;2094;4;4;90;52;14;0;0;57;1;8040,0;8040,0;8040,0;32.525.359/0001-79;JONATHAN DE BRITO ALVES ELER;8040,0;0,0;0,0;8040,0;0,0;0;8040,0;8040,0;0;0,0;0,0;0;0,0;0;0,0;0,0;0
4691;Portaria;9389062;2023;35;1450377;2023-12-27;2094;3;3;90;30;10;0;0;57;1;8003,0;8003,0;8003,0;47.252.266/0001-95;ONELINE DISTRIBUIDORA E COMERCIO LTDA;8003,0;0,0;0,0;8003,0;0,0;0;8003,0;8003,0;0;0,0;0,0;0;0,0;0;0,0;0,0;0
4691;Portaria;9389062;2023;35;1450378;2023-10-25;2094;4;4;90;52;14;0;0;57;1;3397,0;3397,0;3397,0;07.820.223/0001-44;MARCELO LUIZ CLEMENTE BRANDAO -ME;3397,0;3397,0;3397,0;0,0;0,0;0;0,0;0,0;0;0,0;0,0;0;0,0;0;0,0;0,0;0
4691;Portaria;9389062;2023;36;1450377;2023-12-27;2094;3;3;90;30;2;0;0;57;1;84772,17;84772,17;84772,17;47.252.266/0001-95;ONELINE DISTRIBUIDORA E COMERCIO LTDA;84772,17;0,0;0,0;84772,17;0,0;0;84772,17;84772,17;0;0,0;0,0;0;0,0;0;0,0;0,0;0
4691;Portaria;9389062;2023;37;1450377;2023-12-27;2094;3;3;90;30;2;0;0;57;1;237708,7;237708,7;237708,7;02.902.969/0001-83;TRINCA ESPORTES LTDA;238164,5;0,0;0,0;257065,46;455,8;0;237708,7;212357,46;0;22772,0;0,0;0;22498,74;0;2852,5;0,0;0
4691;Portaria;9389062;2023;40;1450378;2023-10-30;2094;4;4;90;52;14;0;0;57;1;900,0;900,0;900,0;32.525.359/0001-79;JONATHAN DE BRITO ALVES ELER;900,0;0,0;0,0;900,0;0,0;0;900,0;900,0;0;0,0;0,0;0;0,0;0;0,0;0,0;0
4691;Portaria;9389062;2023;41;1450378;2023-10-30;2094;4;4;90;52;14;0;0;57;1;853,23;853,23;853,23;20.323.529/0001-53;ABADE & CAPELLI INDUSTRIA E COMERCIO DE MOVEIS LTDA - ME;853,23;853,23;853,23;0,0;0,0;0;0,0;0,0;0;0,0;0,0;0;0,0;0;0,0;0,0;0
4691;Portaria;9389062;2023;42;1450376;2023-09-27;2094;3;3;90;30;15;0;0;57;1;1368,0;1368,0;1368,0;17.775.469/0001-03;ALZOTEC INFORMATICA LTDA;1368,0;0,0;0,0;1368,0;0,0;0;1368,0;1368,0;0;0,0;0,0;0;0,0;0;0,0;0,0;0
4691;Portaria;9389062;2023;43;1450378;2023-11-06;2094;4;4;90;52;14;0;0;57;1;89420,0;89420,0;89420,0;03.098.864/0001-86;MARCELLI MOVEIS PARA ESCRITORIO E INFORMATICA LTDA -EPP;89420,0;0,0;0,0;89420,0;0,0;0;89420,0;89420,0;0;0,0;0,0;0;0,0;0;0,0;0,0;0
4691;Portaria;9389062;2023;44;1450378;2023-11-06;2094;4;4;90;52;14;0;0;57;1;20787,9;20787,9;20787,9;17.331.294/0001-37;W M PORTAS EMPREENDIMENTOS EM MOVEIS PLANEJADOS LTDA - EPP;20787,9;20787,9;0,0;0,0;0,0;0;0,0;0,0;0;20787,9;0,0;0;20787,9;0;0,0;0,0;0
4691;Portaria;9389062;2023;45;1450378;2023-11-06;2094;4;4;90;52;14;0;0;57;1;21948,8;21948,8;21948,8;20.323.529/0001-53;ABADE & CAPELLI INDUSTRIA E COMERCIO DE MOVEIS LTDA - ME;21948,8;21948,8;2194,88;0,0;0,0;0;0,0;0,0;0;19753,92;0,0;0;19753,92;0;0,0;0,0;0
4691;Portaria;9389062;2023;46;1450378;2023-11-06;2094;4;4;90;52;14;0;0;57;1;1463,76;1463,76;1463,76;20.323.529/0001-53;ABADE & CAPELLI INDUSTRIA E COMERCIO DE MOVEIS LTDA - ME;1463,76;1463,76;1463,76;0,0;0,0;0;0,0;0,0;0;0,0;0,0;0;0,0;0;0,0;0,0;0
4691;Portaria;9389062;2023;47;1450378;2023-11-06;2094;4;4;90;52;14;0;0;57;1;249997,5;249997,5;249997,5;34.113.188/0001-04;CENTRO DE DISTRIBUICAO DE ARTIGOS METALICOS MINAS BRASIL EIRELI;249997,5;249997,5;249997,5;0,0;0,0;0;0,0;0,0;0;0,0;0,0;0;0,0;0;0,0;0,0;0
4691;Portaria;9389062;2023;48;1450378;2023-11-06;2094;4;4;90;52;14;0;0;57;1;78943,0;78943,0;78943,0;37.059.533/0001-59;AMETTAL INDUSTRIA E COMERCIO DE MOVEIS LTDA;78943,0;78943,0;78943,0;0,0;0,0;0;0,0;0,0;0;0,0;0,0;0;0,0;0;0,0;0,0;0
4691;Portaria;9389062;2023;49;1450378;2023-11-07;2094;4;4;90;52;14;0;0;57;1;8000,0;8000,0;8000,0;12.628.982/0001-40;OFFICE-A COMERCIO DE MOVEIS LTDA -ME;8000,0;0,0;0,0;8000,0;0,0;0;8000,0;8000,0;0;0,0;0,0;0;0,0;0;0,0;0,0;0
4691;Portaria;9389062;2023;50;1450378;2023-11-10;2094;4;4;90;52;14;0;0;57;1;61200,0;61200,0;61200,0;03.098.864/0001-86;MARCELLI MOVEIS PARA ESCRITORIO E INFORMATICA LTDA -EPP;61200,0;61200,0;61200,0;0,0;0,0;0;0,0;0,0;0;0,0;0,0;0;0,0;0;0,0;0,0;0
4691;Portaria;9389062;2023;51;1450378;2023-11-13;2094;4;4;90;52;14;0;0;57;1;33360,0;33360,0;33360,0;13.457.500/0001-07;FARIA RODRIGUES INDUSTRIA DE MOVEIS LTDA -EPP;33360,0;33360,0;0,0;0,0;0,0;0;0,0;0,0;0;33360,0;0,0;0;33360,0;0;0,0;0,0;0
4691;Portaria;9389062;2023;53;1450378;2023-11-22;2094;4;4;90;52;9;0;0;57;1;513866,0;513866,0;513866,0;12.483.930/0001-22;SIRONA DENTAL COMERCIO DE PRODUTOS E SISTEMAS ODONTOLOGICOS LTDA.;513866,0;0,0;0,0;513866,0;0,0;0;513866,0;507699,6;0;0,0;0,0;0;0,0;0;6166,4;0,0;0
4691;Portaria;9389062;2023;54;1450378;2023-11-22;2094;4;4;90;52;7;0;0;57;1;2400,0;2400,0;2400,0;12.483.930/0001-22;SIRONA DENTAL COMERCIO DE PRODUTOS E SISTEMAS ODONTOLOGICOS LTDA.;2400,0;0,0;0,0;2400,0;0,0;0;2400,0;2371,2;0;0,0;0,0;0;0,0;0;28,8;0,0;0
4691;Portaria;9389062;2023;63;1450378;2023-11-27;2094;3;3;90;39;55;0;0;57;1;743003,28;743003,28;743003,28;26.871.302/0001-29;SENIOR VILLAGE SERVICO EIRELI;743003,28;743003,28;743003,28;0,0;0,0;0;0,0;0,0;0;0,0;0,0;0;0,0;0;0,0;0,0;0
4691;Portaria;9389062;2023;78;1450378;2023-12-11;2094;4;4;90;52;14;0;0;57;1;297899,68;297899,68;297899,68;04.443.182/0001-26;UFFICIO INDUSTRIA E COMERCIO DE MOVEIS LTDA;297899,68;0,0;0,0;297899,68;0,0;0;297899,68;294324,88;0;0,0;0,0;0;0,0;0;3574,8;0,0;0
4691;Portaria;9389062;2024;3;1450005;2024-03-21;2071;4;4;90;52;6;0;0;57;1;13650,0;13650,0;13650,0;17.359.233/0001-88;TECIDOS E ARMARINHOS MIGUEL BARTOLOMEU S/A;13650,0;13650,0;13650,0;0,0;0,0;0;0,0;0,0;0;0,0;0,0;0;0,0;0;0,0;0,0;0
4691;Portaria;9389062;2024;3;1450377;2024-06-17;2071;4;4;90;52;25;0;0;57;1;83538,0;83538,0;83538,0;27.748.454/0001-00;ATIVA LICITACOES EMPREENDIMENTOS COMERCIAIS LTDA;83538,0;81900,0;81900,0;1638,0;0,0;0;1638,0;1618,34;0;0,0;0,0;0;0,0;0;19,66;0,0;0
4691;Portaria;9389062;2024;9;1450376;2024-05-15;2071;4;4;90;52;9;0;0;57;1;7998,2;7998,2;7998,2;09.222.369/0001-13;DENTAL MARIA LTDA;7998,2;7998,2;7998,2;0,0;0,0;0;0,0;0,0;0;0,0;0,0;0;0,0;0;0,0;0,0;0
4691;Portaria;9389062;2024;10;1450005;2024-04-08;2071;4;4;90;52;25;0;0;57;1;47468,07;47468,07;47468,07;17.417.928/0001-79;VENTISOL DA AMAZONIA INDUSTRIA DE APARELHOS ELETRICOS LTDA;47468,07;47468,07;47468,07;0,0;0,0;0;0,0;0,0;0;0,0;0,0;0;0,0;0;0,0;0,0;0
4691;Portaria;9389062;2024;13;1450009;2024-10-08;2071;3;3;90;36;31;0;0;57;1;83300,0;83300,0;83300,0;29.655.740/0001-48;BR CONSULTORIA E DESENVOLVIMENTO PROFISSIONAL LTDA;83300,0;0,0;0,0;83300,0;0,0;0;83300,0;83300,0;0;0,0;0,0;0;0,0;0;0,0;0,0;0
4691;Portaria;9389062;2024;14;1450009;2024-10-08;2071;3;3;90;36;31;0;0;57;1;50000,0;50000,0;50000,0;29.655.740/0001-48;BR CONSULTORIA E DESENVOLVIMENTO PROFISSIONAL LTDA;50000,0;0,0;0,0;50000,0;0,0;0;50000,0;50000,0;0;0,0;0,0;0;0,0;0;0,0;0,0;0
4691;Portaria;9389062;2024;15;1450009;2024-10-08;2071;3;3;90;36;31;0;0;57;1;42000,0;42000,0;42000,0;29.655.740/0001-48;BR CONSULTORIA E DESENVOLVIMENTO PROFISSIONAL LTDA;42000,0;0,0;0,0;84000,0;0,0;0;42000,0;42000,0;0;0,0;0,0;0;0,0;0;0,0;0,0;0
4691;Portaria;9389062;2024;15;1450378;2024-07-10;2071;3;3;90;39;55;0;0;57;1;367972,0;367972,0;367972,0;07.547.143/0001-67;ARTE EVENTOS LIMITADA;367972,0;367972,0;367972,0;0,0;0,0;0;0,0;0,0;0;0,0;0,0;0;0,0;0;0,0;0,0;0
4691;Portaria;9389062;2024;22;1450005;2024-04-12;2071;4;4;90;52;14;0;0;57;1;17347,0;17347,0;17347,0;09.177.776/0001-56;SA GONDOLAS DE ACO LTDA;17347,0;17347,0;17347,0;0,0;0,0;0;0,0;0,0;0;0,0;0,0;0;0,0;0;0,0;0,0;0
4691;Portaria;9389062;2024;32;1450376;2024-07-29;2071;4;4;90;52;9;0;0;57;1;1000,0;1000,0;1000,0;07.626.776/0001-60;CIRURGICA SAO FELIPE PRODUTOS PARA SAUDE LTDA;1000,0;1000,0;1000,0;0,0;0,0;0;0,0;0,0;0;0,0;0,0;0;0,0;0;0,0;0,0;0
4691;Portaria;9389062;2024;33;1450005;2024-05-10;2071;4;4;90;52;14;0;0;57;1;2410,2;2410,2;2410,2;07.266.248/0001-48;PAPELARIA OURO LTDA;2410,2;2410,2;2410,2;0,0;0,0;0;0,0;0,0;0;0,0;0,0;0;0,0;0;0,0;0,0;0
4691;Portaria;9389062;2024;35;1450376;2024-08-07;2071;4;4;90;52;11;0;0;57;1;3180,0;3180,0;3180,0;02.662.841/0001-90;MASTERMED COMERCIAL LTDA -EPP;3180,0;3180,0;3180,0;0,0;0,0;0;0,0;0,0;0;0,0;0,0;0;0,0;0;0,0;0,0;0
4691;Portaria;9389062;2024;36;1450376;2024-08-07;2071;4;4;90;52;9;0;0;57;1;431,89;431,89;431,89;47.252.266/0001-95;ONELINE DISTRIBUIDORA E COMERCIO LTDA;431,89;431,89;431,89;0,0;0,0;0;0,0;0,0;0;0,0;0,0;0;0,0;0;0,0;0,0;0
4691;Portaria;9389062;2024;40;1450005;2024-05-21;2071;4;4;90;52;14;0;0;57;1;8772,0;8772,0;8772,0;18.493.830/0001-63;META X INDUSTRIA E COMERCIO LTDA;8772,0;8772,0;8772,0;0,0;0,0;0;0,0;0,0;0;0,0;0,0;0;0,0;0;0,0;0,0;0
4691;Portaria;9389062;2024;49;1450005;2024-06-12;2071;4;4;90;52;9;0;0;57;1;1701,0;1701,0;1701,0;03.479.428/0001-57;ATUANTE COMERCIAL LTDA -ME;1701,0;1701,0;1701,0;0,0;0,0;0;0,0;0,0;0;0,0;0,0;0;0,0;0;0,0;0,0;0
4691;Portaria;9389062;2024;50;1450005;2024-06-14;2071;4;4;90;52;14;0;0;57;1;83026,0;83026,0;83026,0;08.221.047/0001-97;ACHEI INDUSTRIA DE MOVEIS LTDA;83026,0;0,0;0,0;83026,0;0,0;0;83026,0;82029,69;0;0,0;0,0;0;0,0;0;996,31;0,0;0
4691;Portaria;9389062;2024;51;1450005;2024-06-14;2071;4;4;90;52;14;0;0;57;1;42737,5;42737,5;42737,5;86.729.324/0002-61;MILANFLEX INDUSTRIA E COMERCIO DE MOVEIS E EQUIPAMENTOS LTDA;42737,5;42737,5;42737,5;0,0;0,0;0;0,0;0,0;0;0,0;0,0;0;0,0;0;0,0;0,0;0
4691;Portaria;9389062;2024;52;1450005;2024-06-14;2071;4;4;90;52;14;0;0;57;1;14400,0;14400,0;14400,0;09.368.381/0001-30;LOGGERAIS, INDUSTRIA, COMERCIO E DISTRIBUIDORA LTDA - ME;14400,0;14400,0;14400,0;0,0;0,0;0;0,0;0,0;0;0,0;0,0;0;0,0;0;0,0;0,0;0
4691;Portaria;9389062;2024;53;1450005;2024-06-14;2071;4;4;90;52;14;0;0;57;1;44460,0;44460,0;44460,0;06.538.230/0001-95;MAMUTE BRASIL INDUSTRIA E COMERCIO DE MOVEIS LTDA -EPP;44460,0;44460,0;44460,0;0,0;0,0;0;0,0;0,0;0;0,0;0,0;0;0,0;0;0,0;0,0;0
4691;Portaria;9389062;2024;53;1450376;2024-08-29;2071;4;4;90;52;9;0;0;57;1;21218,03;21218,03;21218,03;19.349.607/0001-00;CLASSIC COMERCIO LTDA - ME;21218,03;21218,03;21218,03;0,0;0,0;0;0,0;0,0;0;0,0;0,0;0;0,0;0;0,0;0,0;0
4691;Portaria;9389062;2024;54;1450005;2024-06-14;2071;4;4;90;52;14;0;0;57;1;26825,0;26825,0;26825,0;86.729.324/0002-61;MILANFLEX INDUSTRIA E COMERCIO DE MOVEIS E EQUIPAMENTOS LTDA;26825,0;26825,0;26825,0;0,0;0,0;0;0,0;0,0;0;0,0;0,0;0;0,0;0;0,0;0,0;0
4691;Portaria;9389062;2024;54;1450376;2024-08-29;2071;4;4;90;52;9;0;0;57;1;945,0;945,0;945,0;03.479.428/0001-57;ATUANTE COMERCIAL LTDA -ME;945,0;945,0;945,0;0,0;0,0;0;0,0;0,0;0;0,0;0,0;0;0,0;0;0,0;0,0;0
4691;Portaria;9389062;2024;55;1450376;2024-08-29;2071;4;4;90;52;9;0;0;57;1;20471,25;20471,25;20471,25;05.222.267/0001-47;AGIS MEDICAL PRODUTOS HOSPITALARES LTDA;20471,25;20471,25;20471,25;0,0;0,0;0;0,0;0,0;0;0,0;0,0;0;0,0;0;0,0;0,0;0
4691;Portaria;9389062;2024;56;1450376;2024-08-29;2071;4;4;90;52;9;0;0;57;1;7912,5;7912,5;7912,5;08.380.296/0001-25;VISAMED COMERCIO DE MATERIAL HOSPITALAR LTDA;7912,5;7912,5;7912,5;0,0;0,0;0;0,0;0,0;0;0,0;0,0;0;0,0;0;0,0;0,0;0
4691;Portaria;9389062;2024;58;1450378;2024-10-22;2071;3;3;90;39;3;0;0;57;1;21868,0;21868,0;21868,0;15.242.539/0001-24;COMERCIAL MUZAMINAS LTDA;21868,0;21868,0;0,0;0,0;0,0;0;0,0;0,0;0;21868,0;0,0;0;21868,0;0;0,0;0,0;0
4691;Portaria;9389062;2024;63;1450005;2024-07-03;2071;4;4;90;52;25;0;0;57;1;63836,37;63836,37;63836,37;17.417.928/0001-79;VENTISOL DA AMAZONIA INDUSTRIA DE APARELHOS ELETRICOS LTDA;63836,37;63836,37;63836,37;0,0;0,0;0;0,0;0,0;0;0,0;0,0;0;0,0;0;0,0;0,0;0
4691;Portaria;9389062;2024;63;1450378;2024-11-05;2071;3;3;90;15;1;0;0;57;1;570,0;570,0;570,0;002.417.746/67;THIAGO VERSIANI PINHEIRO FARO;570,0;570,0;570,0;0,0;0,0;0;0,0;0,0;0;0,0;0,0;0;0,0;0;0,0;0,0;0
4691;Portaria;9389062;2024;64;1450378;2024-11-05;2071;3;3;90;15;1;0;0;57;1;950,0;950,0;950,0;029.699.866/47;LUCILLE RIBEIRO FERREIRA;950,0;950,0;950,0;0,0;0,0;0;0,0;0,0;0;0,0;0,0;0;0,0;0;0,0;0,0;0
4691;Portaria;9389062;2024;65;1450378;2024-11-05;2071;3;3;90;15;1;0;0;57;1;950,0;950,0;950,0;137.896.416/00;ISABELLA VITORIA DIAS ALMEIDA;950,0;950,0;950,0;0,0;0,0;0;0,0;0,0;0;0,0;0,0;0;0,0;0;0,0;0,0;0
4691;Portaria;9389062;2024;66;1450378;2024-11-05;2071;3;3;90;15;1;0;0;57;1;950,0;950,0;950,0;042.271.896/32;FLAVIA SOUZA CICCARINI VIEIRA.;950,0;950,0;950,0;0,0;0,0;0;0,0;0,0;0;0,0;0,0;0;0,0;0;0,0;0,0;0
4691;Portaria;9389062;2024;67;1450378;2024-11-05;2071;3;3;90;15;1;0;0;57;1;950,0;950,0;950,0;037.570.946/03;LILIAN MARGARIDA VALENTE;950,0;950,0;950,0;0,0;0,0;0;0,0;0,0;0;0,0;0,0;0;0,0;0;0,0;0,0;0
4691;Portaria;9389062;2024;68;1450378;2024-11-05;2071;3;3;90;15;1;0;0;57;1;1140,0;1140,0;1140,0;012.210.096/48;LUCIANA MELO DE PAULA;1140,0;1140,0;1140,0;0,0;0,0;0;0,0;0,0;0;0,0;0,0;0;0,0;0;0,0;0,0;0
4691;Portaria;9389062;2024;69;1450376;2024-09-30;2071;4;4;90;52;14;0;0;57;1;5330,0;5330,0;5330,0;08.221.047/0001-97;ACHEI INDUSTRIA DE MOVEIS LTDA;5330,0;0,0;0,0;5330,0;0,0;0;5330,0;5266,04;0;0,0;0,0;0;0,0;0;63,96;0,0;0
4691;Portaria;9389062;2024;69;1450378;2024-11-05;2071;3;3;90;15;1;0;0;57;1;1140,0;1140,0;1140,0;034.551.626/57;ALDO CESAR DE F. CARNEIRO;1140,0;1140,0;1140,0;0,0;0,0;0;0,0;0,0;0;0,0;0,0;0;0,0;0;0,0;0,0;0
4691;Portaria;9389062;2024;70;1450378;2024-11-05;2071;3;3;90;15;1;0;0;57;1;1140,0;1140,0;1140,0;034.364.856/32;CARLA SANTOS PALVAS ALONSO;1140,0;1140,0;1140,0;0,0;0,0;0;0,0;0,0;0;0,0;0,0;0;0,0;0;0,0;0,0;0
4691;Portaria;9389062;2024;71;1450378;2024-11-05;2071;3;3;90;15;1;0;0;57;1;950,0;950,0;950,0;051.852.936/32;THIAGO NAVES FERNANDES;950,0;950,0;950,0;0,0;0,0;0;0,0;0,0;0;0,0;0,0;0;0,0;0;0,0;0,0;0
4691;Portaria;9389062;2024;72;1450376;2024-10-01;2071;4;4;90;52;14;0;0;57;1;228000,0;228000,0;228000,0;09.177.776/0001-56;SA GONDOLAS DE ACO LTDA;228000,0;228000,0;228000,0;0,0;0,0;0;0,0;0,0;0;0,0;0,0;0;0,0;0;0,0;0,0;0
4691;Portaria;9389062;2024;72;1450378;2024-11-05;2071;3;3;90;15;1;0;0;57;1;1330,0;1330,0;1330,0;093.759.356/71;VINICIUS ALVES PEREIRA;1330,0;1330,0;1330,0;0,0;0,0;0;0,0;0,0;0;0,0;0,0;0;0,0;0;0,0;0,0;0
4691;Portaria;9389062;2024;73;1450376;2024-10-04;2071;4;4;90;52;8;0;0;57;1;6535,0;6535,0;6535,0;65.149.197/0002-51;REPREMIG REPRESENTACAO E COMERCIO DE MINAS GERAIS LTDA;6535,0;6535,0;6535,0;0,0;0,0;0;0,0;0,0;0;0,0;0,0;0;0,0;0;0,0;0,0;0
4691;Portaria;9389062;2024;73;1450378;2024-11-05;2071;3;3;90;15;1;0;0;57;1;950,0;950,0;950,0;116.614.686/32;TALITA FISCHER OLIVEIRA;950,0;950,0;950,0;0,0;0,0;0;0,0;0,0;0;0,0;0,0;0;0,0;0;0,0;0,0;0
4691;Portaria;9389062;2024;74;1450378;2024-11-05;2071;3;3;90;15;1;0;0;57;1;950,0;950,0;950,0;040.532.396/48;ELAINE MACIEL CABRAL;950,0;950,0;950,0;0,0;0,0;0;0,0;0,0;0;0,0;0,0;0;0,0;0;0,0;0,0;0
4691;Portaria;9389062;2024;75;1450378;2024-11-05;2071;3;3;90;15;1;0;0;57;1;950,0;950,0;950,0;064.132.016/73;CARLA APARECIDA PEREIRA DE CARVALHO;950,0;950,0;950,0;0,0;0,0;0;0,0;0,0;0;0,0;0,0;0;0,0;0;0,0;0,0;0
4691;Portaria;9389062;2024;76;1450378;2024-11-05;2071;3;3;90;15;1;0;0;57;1;950,0;950,0;950,0;099.436.436/92;BARBARA ELLEN DA SILVA SANTOS;950,0;950,0;950,0;0,0;0,0;0;0,0;0,0;0;0,0;0,0;0;0,0;0;0,0;0,0;0
4691;Portaria;9389062;2024;77;1450378;2024-11-05;2071;3;3;90;15;1;0;0;57;1;950,0;950,0;950,0;853.156.306/25;LUIZ ANGELO DE OLIVEIRA;950,0;950,0;950,0;0,0;0,0;0;0,0;0,0;0;0,0;0,0;0;0,0;0;0,0;0,0;0
4691;Portaria;9389062;2024;79;1450378;2024-11-05;2071;3;3;90;15;1;0;0;57;1;950,0;950,0;950,0;858.354.986/91;MURILO DE OLIVEIRA COSTA;950,0;950,0;950,0;0,0;0,0;0;0,0;0,0;0;0,0;0,0;0;0,0;0;0,0;0,0;0
4691;Portaria;9389062;2024;80;1450378;2024-11-05;2071;3;3;90;15;1;0;0;57;1;950,0;950,0;950,0;032.414.796/17;KARINA NUNES DE SOUZA;950,0;950,0;950,0;0,0;0,0;0;0,0;0,0;0;0,0;0,0;0;0,0;0;0,0;0,0;0
4691;Portaria;9389062;2024;81;1450378;2024-11-05;2071;3;3;90;15;1;0;0;57;1;950,0;950,0;950,0;833.584.046/68;SONIA MARIA SOUZA SANTOS;950,0;950,0;950,0;0,0;0,0;0;0,0;0,0;0;0,0;0,0;0;0,0;0;0,0;0,0;0
4691;Portaria;9389062;2024;82;1450378;2024-11-05;2071;3;3;90;15;1;0;0;57;1;950,0;950,0;950,0;083.482.506/62;FRANCISCO SERAPIAO DA SILVA JUNIOR;950,0;950,0;950,0;0,0;0,0;0;0,0;0,0;0;0,0;0,0;0;0,0;0;0,0;0,0;0
4691;Portaria;9389062;2024;83;1450378;2024-11-05;2071;3;3;90;15;1;0;0;57;1;950,0;950,0;950,0;107.975.176/93;THAIS THOMAZ DA SILVA;950,0;950,0;950,0;0,0;0,0;0;0,0;0,0;0;0,0;0,0;0;0,0;0;0,0;0,0;0
4691;Portaria;9389062;2024;84;1450378;2024-11-05;2071;3;3;90;15;1;0;0;57;1;950,0;950,0;950,0;007.342.006/92;DIOGO KALLAS BARCELLOS;950,0;950,0;950,0;0,0;0,0;0;0,0;0,0;0;0,0;0,0;0;0,0;0;0,0;0,0;0
4691;Portaria;9389062;2024;85;1450376;2024-11-26;2071;4;4;90;52;14;0;0;57;1;16900,0;16900,0;16900,0;21.306.287/0001-52;TECNO 2000 INDUSTRIA E COMERCIO LTDA;16900,0;0,0;0,0;16900,0;0,0;0;16900,0;16697,2;0;0,0;0,0;0;0,0;0;202,8;0,0;0
4691;Portaria;9389062;2024;85;1450378;2024-11-05;2071;3;3;90;15;1;0;0;57;1;950,0;950,0;950,0;114.609.576/79;EDUARDO VINICCIUS RAMOS DOS SANTOS;950,0;950,0;950,0;0,0;0,0;0;0,0;0,0;0;0,0;0,0;0;0,0;0;0,0;0,0;0
4691;Portaria;9389062;2024;86;1450005;2024-09-02;2071;4;4;90;52;25;0;0;57;1;1942,74;1942,74;1942,74;01.590.728/0008-50;MICROTECNICA INFORMATICA LTDA;1942,74;1942,74;0,0;0,0;0,0;0;0,0;0,0;0;1942,74;0,0;0;1919,43;0;23,31;0,0;0
4691;Portaria;9389062;2024;86;1450378;2024-11-05;2071;3;3;90;15;1;0;0;57;1;950,0;950,0;950,0;023.221.646/07;RAFAELA C DE OLIVEIRA CARVALHO;950,0;950,0;950,0;0,0;0,0;0;0,0;0,0;0;0,0;0,0;0;0,0;0;0,0;0,0;0
4691;Portaria;9389062;2024;87;1450378;2024-11-05;2071;3;3;90;15;1;0;0;57;1;950,0;950,0;950,0;076.488.676/21;WALDECINO DOUGLAS FONSECA MOREIRA;950,0;950,0;950,0;0,0;0,0;0;0,0;0,0;0;0,0;0,0;0;0,0;0;0,0;0,0;0
4691;Portaria;9389062;2024;89;1450005;2024-09-16;2071;4;4;90;52;7;0;0;57;1;20340,0;20340,0;20340,0;59.717.553/0006-17;GRUPO MULTILASER S.A.;20340,0;0,0;0,0;20340,0;0,0;0;20340,0;20095,92;0;0,0;0,0;0;0,0;0;244,08;0,0;0
4691;Portaria;9389062;2024;90;1450005;2024-09-18;2071;4;4;90;52;14;0;0;57;1;1318,0;1318,0;1318,0;65.313.538/0001-00;PRESTOBAT LTDA -EPP;1318,0;1318,0;1318,0;0,0;0,0;0;0,0;0,0;0;0,0;0,0;0;0,0;0;0,0;0,0;0
4691;Portaria;9389062;2024;90;1450376;2024-12-05;2071;4;4;90;52;7;0;0;57;1;0,0;0,0;0,0;01.590.728/0009-30;MICROTECNICA INFORMATICA LTDA;19895,85;0,0;0,0;19895,85;19895,85;0;0,0;0,0;0;0,0;0,0;0;0,0;0;0,0;0,0;0
4691;Portaria;9389062;2024;90;1450378;2024-11-05;2071;3;3;90;15;1;0;0;57;1;1330,0;1330,0;1330,0;136.540.866/32;ANDRE VITOR OLIVEIRA DANTAS;1330,0;1330,0;1330,0;0,0;0,0;0;0,0;0,0;0;0,0;0,0;0;0,0;0;0,0;0,0;0
4691;Portaria;9389062;2024;91;1450378;2024-11-05;2071;3;3;90;15;1;0;0;57;1;1330,0;1330,0;1330,0;037.842.726/14;MAYKON FABIANO PASSOS ABREU;1330,0;1330,0;1330,0;0,0;0,0;0;0,0;0,0;0;0,0;0,0;0;0,0;0;0,0;0,0;0
4691;Portaria;9389062;2024;92;1450005;2024-10-30;2071;4;4;90;52;20;0;0;57;1;236950,0;236950,0;236950,0;24.421.744/0001-48;AVANTI ENGENHARIA E TECNOLOGIA LTDA;236950,0;0,0;0,0;236950,0;0,0;0;236950,0;234106,6;0;0,0;0,0;0;0,0;0;2843,4;0,0;0
4691;Portaria;9389062;2024;92;1450378;2024-11-05;2071;3;3;90;15;1;0;0;57;1;1330,0;1330,0;1330,0;109.401.716/78;LEOCLECIO CARLOS SOARES CARDOSO JUNIOR;1330,0;1330,0;1330,0;0,0;0,0;0;0,0;0,0;0;0,0;0,0;0;0,0;0;0,0;0,0;0
4691;Portaria;9389062;2024;93;1450005;2024-10-30;2071;4;4;90;52;7;0;0;57;1;31000,5;31000,5;31000,5;24.421.744/0001-48;AVANTI ENGENHARIA E TECNOLOGIA LTDA;31000,5;0,0;0,0;31000,5;0,0;0;31000,5;30628,5;0;0,0;0,0;0;0,0;0;372,0;0,0;0
4691;Portaria;9389062;2024;93;1450378;2024-11-05;2071;3;3;90;15;1;0;0;57;1;570,0;570,0;570,0;082.822.166/90;IZABELLA FREITAS NICOLAU;570,0;570,0;570,0;0,0;0,0;0;0,0;0,0;0;0,0;0,0;0;0,0;0;0,0;0,0;0
4691;Portaria;9389062;2024;94;1450005;2024-10-31;2071;4;4;90;52;25;0;0;57;1;757,53;757,53;757,53;01.590.728/0009-30;MICROTECNICA INFORMATICA LTDA;757,53;0,0;0,0;757,53;0,0;0;757,53;748,44;0;0,0;0,0;0;0,0;0;9,09;0,0;0
4691;Portaria;9389062;2024;94;1450378;2024-11-05;2071;3;3;90;15;1;0;0;57;1;950,0;950,0;950,0;060.957.516/32;JUSSARA DE SOUZA ALVES LOPES;950,0;950,0;950,0;0,0;0,0;0;0,0;0,0;0;0,0;0,0;0;0,0;0;0,0;0,0;0
4691;Portaria;9389062;2024;95;1450005;2024-11-25;2071;4;4;90;52;14;0;0;57;1;2925,0;2925,0;2925,0;24.660.733/0001-10;E.G.F ARMARIOS PLANEJADOS LTDA;2925,0;0,0;0,0;2925,0;0,0;0;2925,0;2925,0;0;0,0;0,0;0;0,0;0;0,0;0,0;0
4691;Portaria;9389062;2024;95;1450378;2024-11-05;2071;3;3;90;15;1;0;0;57;1;950,0;950,0;950,0;003.559.856/59;ROBERTO CARLOS FERREIRA DE ALMEIDA;950,0;950,0;950,0;0,0;0,0;0;0,0;0,0;0;0,0;0,0;0;0,0;0;0,0;0,0;0
4691;Portaria;9389062;2024;96;1450376;2024-12-17;2071;4;4;90;52;14;0;0;57;1;12000,0;12000,0;12000,0;09.177.776/0001-56;SA GONDOLAS DE ACO LTDA;12000,0;0,0;0,0;12000,0;0,0;0;12000,0;11856,0;0;0,0;0,0;0;0,0;0;144,0;0,0;0
4691;Portaria;9389062;2024;96;1450378;2024-11-05;2071;3;3;90;15;1;0;0;57;1;950,0;950,0;950,0;766.473.666/87;NIDIA TAVARES ROQUE QUINTAO;950,0;950,0;950,0;0,0;0,0;0;0,0;0,0;0;0,0;0,0;0;0,0;0;0,0;0,0;0
4691;Portaria;9389062;2024;97;1450378;2024-11-05;2071;3;3;90;15;1;0;0;57;1;950,0;950,0;950,0;053.156.916/08;ROBSON PROCOPIO LAGE JUNIOR;950,0;950,0;950,0;0,0;0,0;0;0,0;0,0;0;0,0;0,0;0;0,0;0;0,0;0,0;0
4691;Portaria;9389062;2024;98;1450005;2024-12-12;2071;4;4;90;52;7;0;0;57;1;5980,0;5980,0;5980,0;65.149.197/0002-51;REPREMIG REPRESENTACAO E COMERCIO DE MINAS GERAIS LTDA;5980,0;0,0;0,0;5980,0;0,0;0;5980,0;5908,24;0;0,0;0,0;0;0,0;0;71,76;0,0;0
4691;Portaria;9389062;2024;98;1450378;2024-11-05;2071;3;3;90;15;1;0;0;57;1;950,0;950,0;950,0;080.645.796/19;EVALDIRLENE GONCALVES NUNES;950,0;950,0;950,0;0,0;0,0;0;0,0;0,0;0;0,0;0,0;0;0,0;0;0,0;0,0;0
4691;Portaria;9389062;2024;99;1450378;2024-11-05;2071;3;3;90;15;1;0;0;57;1;950,0;950,0;950,0;051.549.196/96;ALEX EDUARDO DA SILVA COELHO;950,0;950,0;950,0;0,0;0,0;0;0,0;0,0;0;0,0;0,0;0;0,0;0;0,0;0,0;0
4691;Portaria;9389062;2024;100;1450378;2024-11-05;2071;3;3;90;15;1;0;0;57;1;950,0;950,0;950,0;954.716.266/72;JANE GLAUCIA A. SOBREIRA CAMPOLINA;950,0;950,0;950,0;0,0;0,0;0;0,0;0,0;0;0,0;0,0;0;0,0;0;0,0;0,0;0
4691;Portaria;9389062;2024;101;1450378;2024-11-05;2071;3;3;90;15;1;0;0;57;1;950,0;950,0;950,0;025.138.396/25;RACHEL FERRAZ CARMO VIEIRA;950,0;950,0;950,0;0,0;0,0;0;0,0;0,0;0;0,0;0,0;0;0,0;0;0,0;0,0;0
4691;Portaria;9389062;2024;102;1450378;2024-11-05;2071;3;3;90;15;1;0;0;57;1;950,0;950,0;950,0;051.429.646/16;JOSEANE APARECIDA SFREDO;950,0;950,0;950,0;0,0;0,0;0;0,0;0,0;0;0,0;0,0;0;0,0;0;0,0;0,0;0
4691;Portaria;9389062;2024;103;1450378;2024-11-05;2071;3;3;90;15;1;0;0;57;1;950,0;950,0;950,0;824.982.106/87;ALMIR VILAS BOAS DE ALMEIDA;950,0;950,0;950,0;0,0;0,0;0;0,0;0,0;0;0,0;0,0;0;0,0;0;0,0;0,0;0
4691;Portaria;9389062;2024;104;1450378;2024-11-05;2071;3;3;90;15;1;0;0;57;1;950,0;950,0;950,0;056.220.396/65;ISABELLA SOUZA COUTO;950,0;950,0;950,0;0,0;0,0;0;0,0;0,0;0;0,0;0,0;0;0,0;0;0,0;0,0;0
4691;Portaria;9389062;2024;105;1450378;2024-11-05;2071;3;3;90;15;1;0;0;57;1;950,0;950,0;950,0;100.535.686/64;KEITH DANIELLE DA SILVA BOTELHO;950,0;950,0;950,0;0,0;0,0;0;0,0;0,0;0;0,0;0,0;0;0,0;0;0,0;0,0;0
4691;Portaria;9389062;2024;106;1450378;2024-11-05;2071;3;3;90;15;1;0;0;57;1;1330,0;1330,0;1330,0;000.158.946/65;ALYSSON SOARES MOREIRA;1330,0;1330,0;1330,0;0,0;0,0;0;0,0;0,0;0;0,0;0,0;0;0,0;0;0,0;0,0;0
4691;Portaria;9389062;2024;107;1450378;2024-11-05;2071;3;3;90;15;1;0;0;57;1;950,0;950,0;950,0;047.906.116/55;AMANDA MELGACO RACILAN;950,0;950,0;950,0;0,0;0,0;0;0,0;0,0;0;0,0;0,0;0;0,0;0;0,0;0,0;0
4691;Portaria;9389062;2024;108;1450378;2024-11-05;2071;3;3;90;15;1;0;0;57;1;1330,0;1330,0;1330,0;111.517.766/45;JESSICA LIMA DE ARAUJO;1330,0;1330,0;1330,0;0,0;0,0;0;0,0;0,0;0;0,0;0,0;0;0,0;0;0,0;0,0;0
4691;Portaria;9389062;2024;109;1450378;2024-11-05;2071;3;3;90;15;1;0;0;57;1;1330,0;1330,0;1330,0;087.001.996/13;SAMUEL RODRIGUES FERREIRA;1330,0;1330,0;1330,0;0,0;0,0;0;0,0;0,0;0;0,0;0,0;0;0,0;0;0,0;0,0;0
4691;Portaria;9389062;2024;110;1450378;2024-11-05;2071;3;3;90;15;1;0;0;57;1;1330,0;1330,0;1330,0;088.322.246/90;LUCIANA DE MORO FERREIRA;1330,0;1330,0;1330,0;0,0;0,0;0;0,0;0,0;0;0,0;0,0;0;0,0;0;0,0;0,0;0
4691;Portaria;9389062;2024;111;1450378;2024-11-05;2071;3;3;90;15;1;0;0;57;1;1330,0;1330,0;1330,0;098.861.726/90;MARCIANO ROBSON DE MIRANDA;1330,0;1330,0;1330,0;0,0;0,0;0;0,0;0,0;0;0,0;0,0;0;0,0;0;0,0;0,0;0
4691;Portaria;9389062;2024;112;1450378;2024-11-05;2071;3;3;90;15;1;0;0;57;1;1330,0;1330,0;1330,0;101.768.946/67;EVELYN TUANNE MIRANDA SOUSA;1330,0;1330,0;1330,0;0,0;0,0;0;0,0;0,0;0;0,0;0,0;0;0,0;0;0,0;0,0;0
4691;Portaria;9389062;2024;115;1450378;2024-11-05;2071;3;3;90;15;1;0;0;57;1;950,0;950,0;950,0;089.616.476/44;KAREN PIRES DE CASTRO SANTOS;950,0;950,0;950,0;0,0;0,0;0;0,0;0,0;0;0,0;0,0;0;0,0;0;0,0;0,0;0
4691;Portaria;9389062;2024;116;1450378;2024-11-05;2071;3;3;90;15;1;0;0;57;1;1330,0;1330,0;1330,0;107.831.036/03;ARTHUR HENRIQUE SILVA;1330,0;1330,0;1330,0;0,0;0,0;0;0,0;0,0;0;0,0;0,0;0;0,0;0;0,0;0,0;0
4691;Portaria;9389062;2024;117;1450378;2024-11-05;2071;3;3;90;15;1;0;0;57;1;1330,0;1330,0;1330,0;089.870.986/56;LARISSA FERREIRA DIAS LEITE;1330,0;1330,0;1330,0;0,0;0,0;0;0,0;0,0;0;0,0;0,0;0;0,0;0;0,0;0,0;0
4691;Portaria;9389062;2024;118;1450378;2024-11-05;2071;3;3;90;15;1;0;0;57;1;950,0;950,0;950,0;101.922.836/93;DOUGLAS DONADONE SOARES;950,0;950,0;950,0;0,0;0,0;0;0,0;0,0;0;0,0;0,0;0;0,0;0;0,0;0,0;0
4691;Portaria;9389062;2024;119;1450378;2024-11-05;2071;3;3;90;15;1;0;0;57;1;950,0;950,0;950,0;092.115.186/10;DELYSON VINICIUS OLIVEIRA SOUZA;950,0;950,0;950,0;0,0;0,0;0;0,0;0,0;0;0,0;0,0;0;0,0;0;0,0;0,0;0
4691;Portaria;9389062;2024;120;1450378;2024-11-05;2071;3;3;90;15;1;0;0;57;1;950,0;950,0;950,0;076.633.976/90;ISIS VIANNA ALVES DE OLIVEIRA;950,0;950,0;950,0;0,0;0,0;0;0,0;0,0;0;0,0;0,0;0;0,0;0;0,0;0,0;0
4691;Portaria;9389062;2024;121;1450378;2024-11-05;2071;3;3;90;15;1;0;0;57;1;950,0;950,0;950,0;099.350.056/07;LUISA FERREIRA VIDAL;950,0;950,0;950,0;0,0;0,0;0;0,0;0,0;0;0,0;0,0;0;0,0;0;0,0;0,0;0
4691;Portaria;9389062;2024;124;1450378;2024-11-05;2071;3;3;90;15;1;0;0;57;1;570,0;570,0;570,0;047.712.106/32;MARCIO PAULINO MARINHO;570,0;570,0;570,0;0,0;0,0;0;0,0;0,0;0;0,0;0,0;0;0,0;0;0,0;0,0;0
4691;Portaria;9389062;2024;125;1450378;2024-11-05;2071;3;3;90;15;1;0;0;57;1;570,0;570,0;570,0;050.379.746/40;FERNANDA FIGUEIREDO SILVA.;570,0;570,0;570,0;0,0;0,0;0;0,0;0,0;0;0,0;0,0;0;0,0;0;0,0;0,0;0
4691;Portaria;9389062;2024;126;1450378;2024-11-05;2071;3;3;90;15;1;0;0;57;1;950,0;950,0;950,0;635.268.836/53;PAVILO BERNARDINA DE MIRANDA;950,0;950,0;950,0;0,0;0,0;0;0,0;0,0;0;0,0;0,0;0;0,0;0;0,0;0,0;0
4691;Portaria;9389062;2024;127;1450378;2024-11-05;2071;3;3;90;15;1;0;0;57;1;1330,0;1330,0;1330,0;034.840.906/00;ERICK LEAL LOPES;1330,0;1330,0;1330,0;0,0;0,0;0;0,0;0,0;0;0,0;0,0;0;0,0;0;0,0;0,0;0
4691;Portaria;9389062;2024;131;1450378;2024-11-11;2071;3;3;90;15;1;0;0;57;1;950,0;950,0;950,0;102.082.936/20;JULIANA REIS GONCALVES;950,0;950,0;950,0;0,0;0,0;0;0,0;0,0;0;0,0;0,0;0;0,0;0;0,0;0,0;0
4691;Portaria;9389062;2024;132;1450378;2024-11-11;2071;3;3;90;15;1;0;0;57;1;1330,0;1330,0;1330,0;082.178.386/66;LUCAS FERREIRA BICALHO;1330,0;1330,0;1330,0;0,0;0,0;0;0,0;0,0;0;0,0;0,0;0;0,0;0;0,0;0,0;0
4691;Portaria;9389062;2024;133;1450378;2024-11-11;2071;3;3;90;15;1;0;0;57;1;950,0;950,0;950,0;073.731.696/94;CLAUSIR ESTER EVANGELISTA OLIVEIRA;950,0;950,0;950,0;0,0;0,0;0;0,0;0,0;0;0,0;0,0;0;0,0;0;0,0;0,0;0
4691;Portaria;9389062;2024;134;1450378;2024-11-11;2071;3;3;90;15;1;0;0;57;1;950,0;950,0;950,0;305.390.018/13;TRAJANO GONCALVES DOS SANTOS DINIZ NETTO;950,0;950,0;950,0;0,0;0,0;0;0,0;0,0;0;0,0;0,0;0;0,0;0;0,0;0,0;0
4691;Portaria;9389062;2024;135;1450378;2024-11-11;2071;3;3;90;15;1;0;0;57;1;950,0;950,0;950,0;014.471.346/21;ROBSON DE FREITAS NEVES;950,0;950,0;950,0;0,0;0,0;0;0,0;0,0;0;0,0;0,0;0;0,0;0;0,0;0,0;0
4691;Portaria;9389062;2024;136;1450378;2024-11-11;2071;3;3;90;15;1;0;0;57;1;1330,0;1330,0;1330,0;030.386.956/96;RAFAEL DUARTE MUNIZ;1330,0;1330,0;1330,0;0,0;0,0;0;0,0;0,0;0;0,0;0,0;0;0,0;0;0,0;0,0;0
4691;Portaria;9389062;2024;138;1450378;2024-11-12;2071;3;3;90;15;1;0;0;57;1;950,0;950,0;950,0;001.347.456/12;FLAVIA DE OLIVEIRA MENEZES AMARAL.;950,0;950,0;950,0;0,0;0,0;0;0,0;0,0;0;0,0;0,0;0;0,0;0;0,0;0,0;0
4691;Portaria;9389062;2024;139;1450378;2024-11-12;2071;3;3;90;15;1;0;0;57;1;950,0;950,0;950,0;108.928.916/29;BARBARA ALVES SALGADO COSTA;950,0;950,0;950,0;0,0;0,0;0;0,0;0,0;0;0,0;0,0;0;0,0;0;0,0;0,0;0
4691;Portaria;9389062;2024;140;1450378;2024-11-12;2071;3;3;90;15;1;0;0;57;1;1140,0;1140,0;1140,0;031.955.396/59;CLAUDIO ALVES DA SILVA;1140,0;1140,0;1140,0;0,0;0,0;0;0,0;0,0;0;0,0;0,0;0;0,0;0;0,0;0,0;0
4691;Portaria;9389062;2025;6;1450005;2025-09-08;2071;3;3;90;14;1;0;0;57;1;762,5;762,5;762,5;089.708.806/90;DANYELLE MARIA PARDIM SANTOS;762,5;762,5;762,5;0,0;0,0;0;0,0;0,0;0;0,0;0,0;0;0,0;0;0,0;0,0;0
4691;Portaria;9389062;2025;7;1450005;2025-09-08;2071;3;3;90;14;1;0;0;57;1;762,5;762,5;762,5;769.483.076/04;IMACULADA RODRIGUES DE AGUILAR;762,5;762,5;762,5;0,0;0,0;0;0,0;0,0;0;0,0;0,0;0;0,0;0;0,0;0,0;0
4691;Portaria;9389062;2025;8;1450005;2025-09-08;2071;3;3;90;14;1;0;0;57;1;1067,5;1067,5;1067,5;095.618.696/32;JULIANE OLIVEIRA ALVES;1067,5;1067,5;1067,5;0,0;0,0;0;0,0;0,0;0;0,0;0,0;0;0,0;0;0,0;0,0;0
4691;Portaria;9389062;2025;9;1450005;2025-09-08;2071;3;3;90;14;1;0;0;57;1;1067,5;1067,5;1067,5;039.953.526/85;BIANCA FORTES LAGE;1067,5;1067,5;1067,5;0,0;0,0;0;0,0;0,0;0;0,0;0,0;0;0,0;0;0,0;0,0;0
4691;Portaria;9389062;2025;10;1450005;2025-09-08;2071;3;3;90;14;1;0;0;57;1;1067,5;1067,5;1067,5;102.913.386/74;MARIANA MELO PARREIRA;1067,5;1067,5;1067,5;0,0;0,0;0;0,0;0,0;0;0,0;0,0;0;0,0;0;0,0;0,0;0
4691;Portaria;9389062;2025;11;1450005;2025-09-08;2071;3;3;90;14;1;0;0;57;1;1067,5;1067,5;1067,5;089.776.126/08;MARCELA FERNANDA DE SOUZA;1067,5;1067,5;1067,5;0,0;0,0;0;0,0;0,0;0;0,0;0,0;0;0,0;0;0,0;0,0;0
4691;Portaria;9389062;2025;11;1450378;2025-10-16;2071;3;3;90;39;55;0;0;57;1;125653,47;125653,47;125653,47;07.547.143/0001-67;ARTE EVENTOS LIMITADA;125653,47;125653,47;125653,47;0,0;0,0;0;0,0;0,0;0;0,0;0,0;0;0,0;0;0,0;0,0;0
4691;Portaria;9389062;2025;12;1450005;2025-09-08;2071;3;3;90;14;1;0;0;57;1;1067,5;1067,5;1067,5;097.316.566/93;LAURA RESENDE MATTOS;1067,5;1067,5;1067,5;0,0;0,0;0;0,0;0,0;0;0,0;0,0;0;0,0;0;0,0;0,0;0
4691;Portaria;9389062;2025;13;1450005;2025-09-08;2071;3;3;90;14;1;0;0;57;1;1067,5;1067,5;1067,5;032.647.306/85;PATRICIA LUCIENE ASSUNCAO PEDRA;1067,5;1067,5;1067,5;0,0;0,0;0;0,0;0,0;0;0,0;0,0;0;0,0;0;0,0;0,0;0
4691;Portaria;9389062;2025;14;1450005;2025-09-08;2071;3;3;90;14;1;0;0;57;1;1067,5;1067,5;1067,5;122.411.886/38;PAULO HENRIQUE SILVA FONSECA;1067,5;1067,5;1067,5;0,0;0,0;0;0,0;0,0;0;0,0;0,0;0;0,0;0;0,0;0,0;0
4691;Portaria;9389062;2025;15;1450005;2025-09-08;2071;3;3;90;14;1;0;0;57;1;1067,5;1067,5;1067,5;090.464.506/19;VINICIUS ARAUJO CORREA CARVALHO;1067,5;1067,5;1067,5;0,0;0,0;0;0,0;0,0;0;0,0;0,0;0;0,0;0;0,0;0,0;0
4691;Portaria;9389062;2025;16;1450005;2025-09-09;2071;3;3;90;14;1;0;0;57;1;762,5;762,5;762,5;104.734.736/90;KARINE ANTUNES LOPES;762,5;762,5;762,5;0,0;0,0;0;0,0;0,0;0;0,0;0,0;0;0,0;0;0,0;0,0;0
4691;Portaria;9389062;2025;17;1450005;2025-09-09;2071;3;3;90;14;1;0;0;57;1;1067,5;1067,5;1067,5;086.295.696/03;THALITA FIALLA RODRIGUES ALVES;1067,5;1067,5;1067,5;0,0;0,0;0;0,0;0,0;0;0,0;0,0;0;0,0;0;0,0;0,0;0
4691;Portaria;9389062;2025;20;1450005;2025-12-05;2071;4;4;90;52;14;0;0;57;1;4410,0;4410,0;4410,0;04.443.182/0001-26;UFFICIO INDUSTRIA E COMERCIO DE MOVEIS LTDA;4410,0;0,0;0,0;4410,0;0,0;0;4410,0;4357,08;0;0,0;0,0;0;0,0;0;52,92;0,0;0
4691;Portaria;9389062;2025;42;1450376;2025-06-24;2071;4;4;90;52;9;0;0;57;1;14720,0;14720,0;14720,0;38.348.250/0001-90;PETERSON JOSE BERNARDO;14720,0;14720,0;14720,0;0,0;0,0;0;0,0;0,0;0;0,0;0,0;0;0,0;0;0,0;0,0;0
4691;Portaria;9389062;2025;44;1450376;2025-07-31;2071;4;4;90;52;9;0;0;57;1;10400,0;10400,0;10400,0;32.473.099/0001-35;DPS COMERCIO DE MATERIAIS HOSPITALARES LTDA;10400,0;10400,0;10400,0;0,0;0,0;0;0,0;0,0;0;0,0;0,0;0;0,0;0;0,0;0,0;0
4691;Portaria;9389062;2025;45;1450376;2025-07-31;2071;4;4;90;52;9;0;0;57;1;15120,0;15120,0;15120,0;07.590.023/0001-42;HAND LIFE SUPRIMENTOS MEDICOS E FISIOTERAPICOS LTDA;15120,0;15120,0;15120,0;0,0;0,0;0;0,0;0,0;0;0,0;0,0;0;0,0;0;0,0;0,0;0
4691;Portaria;9389062;2025;46;1450376;2025-07-31;2071;4;4;90;52;7;0;0;57;1;10880,0;10880,0;10880,0;12.215.178/0001-39;VLP INDUSTRIA ELETRONICA LTDA;10880,0;10880,0;10880,0;0,0;0,0;0;0,0;0,0;0;0,0;0,0;0;0,0;0;0,0;0,0;0
4691;Portaria;9389062;2025;47;1450376;2025-07-31;2071;4;4;90;52;7;0;0;57;1;7745,0;7745,0;7745,0;15.464.751/0001-36;JOVIC COMERCIAL E SERVICOS LTDA;7745,0;7745,0;7745,0;0,0;0,0;0;0,0;0,0;0;0,0;0,0;0;0,0;0;0,0;0,0;0
4691;Portaria;9389062;2025;60;1450376;2025-09-09;2071;4;4;90;52;9;0;0;57;1;6540,0;6540,0;6540,0;17.238.455/0001-42;A A Z SAUDE COMERCIO DE PRODUTOS MEDICOS E HOSPITALARES LTDA;6540,0;6540,0;6540,0;0,0;0,0;0;0,0;0,0;0;0,0;0,0;0;0,0;0;0,0;0,0;0
4691;Portaria;9389062;2025;61;1450376;2025-09-09;2071;4;4;90;52;13;0;0;57;1;12840,0;12840,0;12840,0;17.238.455/0001-42;A A Z SAUDE COMERCIO DE PRODUTOS MEDICOS E HOSPITALARES LTDA;12840,0;12840,0;12840,0;0,0;0,0;0;0,0;0,0;0;0,0;0,0;0;0,0;0;0,0;0,0;0
4691;Portaria;9389062;2025;62;1450378;2025-12-30;2071;4;4;90;52;7;0;0;57;1;0,0;0,0;0,0;04.602.789/0001-01;DATEN TECNOLOGIA LTDA;85443,06;0,0;0,0;85443,06;85443,06;0;0,0;0,0;0;0,0;0,0;0;0,0;0;0,0;0,0;0
4691;Portaria;9389062;2025;64;1450376;2025-09-12;2071;4;4;90;52;9;0;0;57;1;1378,9;1378,9;1378,9;30.056.510/0001-41;MINAS SAUDE E CONFORTO DISTRIBUIDORA LTDA;1378,9;1378,9;1378,9;0,0;0,0;0;0,0;0,0;0;0,0;0,0;0;0,0;0;0,0;0,0;0
4691;Portaria;9389062;2025;64;1450378;2025-12-31;2071;4;4;90;52;7;0;0;57;1;3430,0;3430,0;3430,0;03.619.767/0005-15;TORINO INFORMATICA LTDA..;3430,0;0,0;0,0;3430,0;0,0;0;3430,0;3388,84;0;0,0;0,0;0;0,0;0;41,16;0,0;0
4691;Portaria;9389062;2025;65;1450378;2025-12-31;2071;4;4;90;52;7;0;0;57;1;10880,0;10880,0;10880,0;12.215.178/0001-39;VLP INDUSTRIA ELETRONICA LTDA;10880,0;0,0;0,0;10880,0;0,0;0;10880,0;10749,44;0;0,0;0,0;0;0,0;0;130,56;0,0;0
4691;Portaria;9389062;2025;66;1450376;2025-09-18;2071;4;4;90;52;14;0;0;57;1;3450,0;3450,0;3450,0;05.118.766/0001-99;FISIOMEDICA PRODUTOS E EQUIPAMENTOS LTDA;3450,0;3450,0;3450,0;0,0;0,0;0;0,0;0,0;0;0,0;0,0;0;0,0;0;0,0;0,0;0
4691;Portaria;9389062;2025;66;1450378;2025-12-31;2071;4;4;90;52;6;0;0;57;1;2640,0;2640,0;2640,0;26.040.310/0001-23;ALERTA SISTEMAS DE TECNOLOGIA E SOLUCOES LTDA;2640,0;0,0;0,0;2640,0;0,0;0;2640,0;2608,32;0;0,0;0,0;0;0,0;0;31,68;0,0;0
4691;Portaria;9389062;2025;67;1450378;2025-12-31;2071;4;4;90;52;20;0;0;57;1;1200,0;1200,0;1200,0;03.029.254/0001-20;STRATUM SEGURANCA LTDA;1200,0;0,0;0,0;1200,0;0,0;0;1200,0;1185,6;0;0,0;0,0;0;0,0;0;14,4;0,0;0
4691;Portaria;9389062;2025;68;1450378;2025-12-31;2071;4;4;90;52;7;0;0;57;1;1088,0;1088,0;1088,0;65.149.197/0002-51;REPREMIG REPRESENTACAO E COMERCIO DE MINAS GERAIS LTDA;1088,0;0,0;0,0;1088,0;0,0;0;1088,0;1074,94;0;0,0;0,0;0;0,0;0;13,06;0,0;0
4691;Portaria;9389062;2025;78;1450376;2025-10-21;2071;4;4;90;52;9;0;0;57;1;32094,0;32094,0;32094,0;07.590.023/0001-42;HAND LIFE SUPRIMENTOS MEDICOS E FISIOTERAPICOS LTDA;32094,0;32094,0;32094,0;0,0;0,0;0;0,0;0,0;0;0,0;0,0;0;0,0;0;0,0;0,0;0
4691;Portaria;9389062;2025;79;1450376;2025-10-21;2071;4;4;90;52;14;0;0;57;1;5325,0;5325,0;5325,0;07.590.023/0001-42;HAND LIFE SUPRIMENTOS MEDICOS E FISIOTERAPICOS LTDA;5325,0;5325,0;5325,0;0,0;0,0;0;0,0;0,0;0;0,0;0,0;0;0,0;0;0,0;0,0;0
4691;Portaria;9389062;2025;80;1450376;2025-10-21;2071;4;4;90;52;15;0;0;57;1;3779,2;3779,2;3779,2;19.561.435/0001-33;AGENES S.DA SILVA SUPRIMENTOS DE INFORMATICA LTDA;3779,2;3779,2;3779,2;0,0;0,0;0;0,0;0,0;0;0,0;0,0;0;0,0;0;0,0;0,0;0
4691;Portaria;9389062;2025;99;1450376;2025-12-09;2071;4;4;90;52;9;0;0;57;1;11899,98;11899,98;11899,98;33.557.716/0001-43;ELIANE MEIRE BATISTA FIUZA BORBA;11899,98;11899,98;0,0;0,0;0,0;0;0,0;0,0;0;11899,98;0,0;0;11899,98;0;0,0;0,0;0
4691;Portaria;9389062;2025;100;1450376;2025-12-09;2071;4;4;90;52;11;0;0;57;1;3725,55;3725,55;3725,55;19.561.435/0001-33;AGENES S.DA SILVA SUPRIMENTOS DE INFORMATICA LTDA;3725,55;0,0;0,0;3725,55;0,0;0;3725,55;3725,55;0;0,0;0,0;0;0,0;0;0,0;0,0;0
4691;Portaria;9389062;2025;103;1450376;2025-12-15;2071;4;4;90;52;7;0;0;57;1;11560,0;11560,0;11560,0;35.652.184/0001-59;VETRE COMERCIO DE EQUIPAMENTOS E SUPRIMENTOS DE INFORMATICA LTDA;11560,0;0,0;0,0;11560,0;0,0;0;11560,0;11421,28;0;0,0;0,0;0;0,0;0;138,72;0,0;0
4691;Portaria;9389062;2026;1;1450005;2026-04-22;2071;4;4;90;52;14;0;0;57;1;2730,0;2730,0;2730,0;44.728.295/0001-92;K R MARCONDES DISTRIBUIDORA;2730,0;2730,0;2730,0;0,0;0,0;0;0,0;0,0;0;0,0;0,0;0;0,0;0;0,0;0,0;0
4691;Portaria;9389062;2026;2;1450009;2026-04-01;2071;3;3;90;39;48;0;0;57;1;330069,44;247552,08;247552,08;01.894.432/0001-56;SOCIEDADE EDUCACIONAL LEONARDO DA VINCI LTDA;330069,44;247552,08;247552,08;0,0;0,0;0;0,0;0,0;0;0,0;0,0;0;0,0;0;0,0;0,0;0
4691;Portaria;9389062;2026;18;1450005;2026-07-27;2071;4;4;90;52;7;0;0;57;1;2849,99;2849,99;2849,99;27.975.551/0003-99;VANGUARDA INFORMATICA LTDA;2849,99;2849,99;2849,99;0,0;0,0;0;0,0;0,0;0;0,0;0,0;0;0,0;0;0,0;0,0;0
4691;Portaria;9389062;2026;22;1450005;2026-08-04;2071;4;4;90;52;7;0;0;57;1;1492,0;0,0;0,0;59.717.553/0006-17;GRUPO MULTILASER S.A.;1492,0;0,0;0,0;0,0;0,0;0;0,0;0,0;0;0,0;0,0;0;0,0;0;0,0;0,0;0
4691;Portaria;9389062;2026;23;1450005;2026-08-19;2071;4;4;90;52;4;0;0;57;1;780,0;0,0;0,0;07.274.334/0001-00;T. GUIMARAES - INFORMATICA;780,0;0,0;0,0;0,0;0,0;0;0,0;0,0;0;0,0;0,0;0;0,0;0;0,0;0,0;0
4691;Portaria;9389062;2026;26;1450005;2026-09-01;2071;4;4;90;52;8;0;0;57;1;11413,9;0,0;0,0;65.149.197/0002-51;REPREMIG REPRESENTACAO E COMERCIO DE MINAS GERAIS LTDA;11413,9;0,0;0,0;0,0;0,0;0;0,0;0,0;0;0,0;0,0;0;0,0;0;0,0;0,0;0
4691;Portaria;9389062;2026;27;1450005;2026-09-03;2071;4;4;90;52;25;0;0;57;1;322,0;0,0;0,0;21.641.059/0001-39;DISTRIBUIDORA PERES & ARAUJO LTDA - ME;322,0;0,0;0,0;0,0;0,0;0;0,0;0,0;0;0,0;0,0;0;0,0;0;0,0;0,0;0
4691;Portaria;9389062;2026;27;1450376;2026-03-30;2071;3;3;90;39;98;0;0;57;1;286588,69;0,0;0,0;05.791.085/0001-97;TOPMED ASSISTENCIA A SAUDE LTDA;286588,69;0,0;0,0;0,0;0,0;0;0,0;0,0;0;0,0;0,0;0;0,0;0;0,0;0,0;0
4691;Portaria;9389062;2026;28;1450005;2026-09-08;2071;4;4;90;52;7;0;0;57;1;12165,94;0,0;0,0;04.602.789/0001-01;DATEN TECNOLOGIA LTDA;12165,94;0,0;0,0;0,0;0,0;0;0,0;0,0;0;0,0;0,0;0;0,0;0;0,0;0,0;0
4691;Portaria;9389062;2026;30;1450005;2026-09-10;2071;4;4;90;52;25;0;0;57;1;2508,0;0,0;0,0;21.982.891/0002-80;4U DIGITAL COMERCIO E SERVICOS LTDA;2508,0;0,0;0,0;0,0;0,0;0;0,0;0,0;0;0,0;0,0;0;0,0;0;0,0;0,0;0
4691;Portaria;9389062;2026;30;1450376;2026-03-31;2071;3;3;90;39;98;0;0;57;1;336662,85;286602,58;286602,58;09.557.452/0001-43;MED MAIS SOLUCOES EM SERVICOS ESPECIAIS LTDA;336662,85;286602,58;286602,58;0,0;0,0;0;0,0;0,0;0;0,0;0,0;0;0,0;0;0,0;0,0;0
4691;Portaria;9389062;2026;38;1450378;2026-06-25;2071;4;4;90;52;25;0;0;57;1;2986,8;2986,8;2986,8;18.132.510/0001-88;SOMAR ELETROFERRAGENS LTDA;2986,8;2986,8;2986,8;0,0;0,0;0;0,0;0,0;0;0,0;0,0;0;0,0;0;0,0;0,0;0
4691;Portaria;9389062;2026;39;1450378;2026-06-25;2071;4;4;90;52;25;0;0;57;1;2000,0;2000,0;2000,0;31.588.978/0001-40;GLOBO COMERCIO DE INFORMATICA LTDA;2000,0;2000,0;2000,0;0,0;0,0;0;0,0;0,0;0;0,0;0,0;0;0,0;0;0,0;0,0;0
4691;Portaria;9389062;2026;67;1450376;2026-07-02;2071;4;4;90;52;14;0;0;57;1;5600,0;5600,0;5600,0;51.972.983/0001-69;LICITA MED LTDA;5600,0;5600,0;5600,0;0,0;0,0;0;0,0;0,0;0;0,0;0,0;0;0,0;0;0,0;0,0;0
4691;Portaria;9389062;2026;67;1450378;2026-08-06;2071;4;4;90;52;17;0;0;57;1;289900,0;0,0;0,0;02.789.552/0002-37;LIDER VEICULOS S. A.;289900,0;0,0;0,0;0,0;0,0;0;0,0;0,0;0;0,0;0,0;0;0,0;0;0,0;0,0;0
4691;Portaria;9389062;2026;70;1450376;2026-07-14;2071;4;4;90;52;9;0;0;57;1;1250,0;1250,0;1250,0;17.238.455/0001-42;A A Z SAUDE COMERCIO DE PRODUTOS MEDICOS E HOSPITALARES LTDA;1250,0;1250,0;1250,0;0,0;0,0;0;0,0;0,0;0;0,0;0,0;0;0,0;0;0,0;0,0;0
4691;Portaria;9389062;2026;70;1450378;2026-08-13;2071;4;4;90;52;6;0;0;57;1;5302,5;0,0;0,0;18.152.404/0001-66;MAQNETE COMERCIO E SERVICOS LTDA -ME;5302,5;0,0;0,0;0,0;0,0;0;0,0;0,0;0;0,0;0,0;0;0,0;0;0,0;0,0;0
4691;Portaria;9389062;2026;71;1450376;2026-07-16;2071;4;4;90;52;9;0;0;57;1;7660,0;7660,0;7660,0;57.977.634/0001-16;SZ HOSPITALAR LTDA;7660,0;7660,0;7660,0;0,0;0,0;0;0,0;0,0;0;0,0;0,0;0;0,0;0;0,0;0,0;0
4691;Portaria;9389062;2026;72;1450378;2026-08-18;2071;4;4;90;52;7;0;0;57;1;99282,08;0,0;0,0;04.602.789/0001-01;DATEN TECNOLOGIA LTDA;99282,08;0,0;0,0;0,0;0,0;0;0,0;0,0;0;0,0;0,0;0;0,0;0;0,0;0,0;0
4691;Portaria;9389062;2026;76;1450376;2026-08-10;2071;4;4;90;52;14;0;0;57;1;17465,0;0,0;0,0;04.443.182/0001-26;UFFICIO INDUSTRIA E COMERCIO DE MOVEIS LTDA;17465,0;0,0;0,0;0,0;0,0;0;0,0;0,0;0;0,0;0,0;0;0,0;0;0,0;0,0;0
4691;Portaria;9389062;2026;83;1450376;2026-08-17;2071;4;4;90;52;9;0;0;57;1;2350,0;2350,0;2350,0;08.380.296/0001-25;VISAMED COMERCIO DE MATERIAL HOSPITALAR LTDA;2350,0;2350,0;2350,0;0,0;0,0;0;0,0;0,0;0;0,0;0,0;0;0,0;0;0,0;0,0;0
4691;Portaria;9389062;2026;101;1450378;2026-08-27;2071;3;3;90;30;10;0;0;57;1;680,0;0,0;0,0;19.561.435/0001-33;AGENES S.DA SILVA SUPRIMENTOS DE INFORMATICA LTDA;680,0;0,0;0,0;0,0;0,0;0;0,0;0,0;0;0,0;0,0;0;0,0;0;0,0;0,0;0
4691;Portaria;9389062;2026;102;1450378;2026-08-27;2071;4;4;90;52;13;0;0;57;1;3060,0;0,0;0,0;19.561.435/0001-33;AGENES S.DA SILVA SUPRIMENTOS DE INFORMATICA LTDA;3060,0;0,0;0,0;0,0;0,0;0;0,0;0,0;0;0,0;0,0;0;0,0;0;0,0;0,0;0
4691;Portaria;9389062;2026;103;1450378;2026-08-27;2071;3;3;90;30;2;0;0;57;1;3720,0;0,0;0,0;19.561.435/0001-33;AGENES S.DA SILVA SUPRIMENTOS DE INFORMATICA LTDA;3720,0;0,0;0,0;0,0;0,0;0;0,0;0,0;0;0,0;0,0;0;0,0;0;0,0;0,0;0
4691;Portaria;9389062;2026;134;1450378;2026-09-10;2071;4;4;90;52;13;0;0;57;1;218999,9;0,0;0,0;50.065.032/0001-43;PRO SPORT PLAYGROUNDS E FITNESS LTDA;218999,9;0,0;0,0;0,0;0,0;0;0,0;0,0;0;0,0;0,0;0;0,0;0;0,0;0,0;0
4691;Portaria;9389062;2026;135;1450378;2026-09-10;2071;4;4;90;52;13;0;0;57;1;29500,0;0,0;0,0;04.372.852/0001-60;W.E.V COMERCIAL LTDA;29500,0;0,0;0,0;0,0;0,0;0;0,0;0,0;0;0,0;0,0;0;0,0;0;0,0;0,0;0
4691;Portaria;9389062;2026;138;1450378;2026-09-17;2071;4;4;90;52;7;0;0;57;1;1850,0;0,0;0,0;07.500.596/0001-38;AIDC TECNOLOGIA LTDA;1850,0;0,0;0,0;0,0;0,0;0;0,0;0,0;0;0,0;0,0;0;0,0;0;0,0;0,0;0
4691;Portaria;9389062;2026;139;1450378;2026-09-22;2071;4;4;90;52;25;0;0;57;1;35886,99;0,0;0,0;21.641.059/0001-39;DISTRIBUIDORA PERES & ARAUJO LTDA - ME;35886,99;0,0;0,0;0,0;0,0;0;0,0;0,0;0;0,0;0,0;0;0,0;0;0,0;0,0;0
4691;Portaria;9389062;2026;140;1450378;2026-09-22;2071;3;3;90;30;20;0;0;57;1;359,65;0,0;0,0;41.954.226/0001-09;41.954.226 MARIA ANGELA LEANDRO LOPES;359,65;0,0;0,0;0,0;0,0;0;0,0;0,0;0;0,0;0,0;0;0,0;0;0,0;0,0;0
4691;Portaria;9389062;2026;141;1450378;2026-09-22;2071;4;4;90;52;12;0;0;57;1;5150,0;0,0;0,0;41.954.226/0001-09;41.954.226 MARIA ANGELA LEANDRO LOPES;5150,0;0,0;0,0;0,0;0,0;0;0,0;0,0;0;0,0;0,0;0;0,0;0;0,0;0,0;0
4691;Portaria;9389062;2026;142;1450378;2026-09-22;2071;4;4;90;52;25;0;0;57;1;2650,0;0,0;0,0;61.610.522/0001-08;EGOJET COMERCIAL LTDA;2650,0;0,0;0,0;0,0;0,0;0;0,0;0,0;0;0,0;0,0;0;0,0;0;0,0;0,0;0
4691;Portaria;9389062;2026;143;1450378;2026-09-22;2071;4;4;90;52;14;0;0;57;1;4800,0;0,0;0,0;15.318.347/0001-54;D.S.E. INDUSTRIA E COMERCIO DE MOVEIS DE ACO LTDA;4800,0;0,0;0,0;0,0;0,0;0;0,0;0,0;0;0,0;0,0;0;0,0;0;0,0;0,0;0
4691;Portaria;9389062;2026;144;1450378;2026-09-22;2071;4;4;90;52;8;0;0;57;1;6780,0;6780,0;0,0;19.561.435/0001-33;AGENES S.DA SILVA SUPRIMENTOS DE INFORMATICA LTDA;6780,0;6780,0;0,0;0,0;0,0;0;0,0;0,0;0;0,0;0,0;0;0,0;0;0,0;0,0;0
4691;Portaria;9389062;2026;146;1450378;2026-09-25;2071;3;3;90;93;26;0;0;57;1;50,34;50,34;50,34;073.731.696/94;CLAUSIR ESTER EVANGELISTA OLIVEIRA;50,34;50,34;50,34;0,0;0,0;0;0,0;0,0;0;0,0;0,0;0;0,0;0;0,0;0,0;0
4691;Portaria;9386240;2023;1;1450014;2023-11-29;2094;4;4;90;52;17;0;0;57;1;210200,0;210200,0;210200,0;17.171.612/0007-35;CARBEL S/A;210200,0;0,0;0,0;210200,0;0,0;0;210200,0;207677,6;0;0,0;0,0;0;0,0;0;2522,4;0,0;0
4691;Portaria;9386240;2023;1;1450382;2023-10-11;2094;3;3;90;40;2;0;0;57;1;220000,0;220000,0;220000,0;05.757.597/0002-18;TECHBIZ FORENSE DIGITAL LTDA;220000,0;220000,0;220000,0;0,0;0,0;0;0,0;0,0;0;0,0;0,0;0;0,0;0;0,0;0,0;0
4691;Portaria;9386240;2023;2;1450014;2023-11-29;2094;4;4;90;52;17;0;0;57;1;136500,0;136500,0;136500,0;01.654.749/0001-15;STRADA VEICULOS E PECAS LTDA;136500,0;0,0;0,0;136500,0;0,0;0;136500,0;134862,0;0;0,0;0,0;0;0,0;0;1638,0;0,0;0
4691;Portaria;9386240;2023;3;1450014;2023-11-29;2094;4;4;90;52;17;0;0;57;1;230000,0;230000,0;230000,0;12.579.490/0001-01;SAINT EMILION AUTOMOVEIS PECAS E SERVICOS LTDA;230000,0;0,0;0,0;230000,0;0,0;0;230000,0;227240,0;0;0,0;0,0;0;0,0;0;2760,0;0,0;0
4691;Portaria;9386240;2023;9;1450015;2023-11-16;2094;3;3;90;30;15;0;0;57;1;49769,8;49769,8;49769,8;18.152.404/0001-66;MAQNETE COMERCIO E SERVICOS LTDA -ME;49769,8;1997,5;0,0;47772,3;0,0;0;47772,3;47199,03;0;1997,5;0,0;0;1973,53;0;597,24;0,0;0
4691;Portaria;9386240;2023;13;1450015;2023-12-19;2094;3;3;90;40;2;0;0;57;1;64650,0;64650,0;64650,0;08.689.089/0001-57;TOCCATO TECNOLOGIA EM SISTEMAS LTDA;64650,0;0,0;0,0;64650,0;0,0;0;64650,0;61546,8;0;0,0;0,0;0;0,0;0;3103,2;0,0;0
4691;Portaria;9386240;2023;14;1450015;2023-12-20;2094;3;3;90;36;31;0;0;57;1;0,0;0,0;0,0;08.689.089/0001-57;TOCCATO TECNOLOGIA EM SISTEMAS LTDA;22650,0;0,0;0,0;22650,0;22650,0;0;0,0;0,0;0;0,0;0,0;0;0,0;0;0,0;0,0;0
4691;Portaria;9386240;2023;15;1450015;2023-12-20;2094;3;3;90;35;2;0;0;57;1;12500,0;12500,0;12500,0;08.689.089/0001-57;TOCCATO TECNOLOGIA EM SISTEMAS LTDA;12500,0;0,0;0,0;25000,0;0,0;0;12500,0;11900,0;0;0,0;0,0;0;0,0;0;600,0;0,0;0
4691;Portaria;9386240;2023;16;1450377;2023-11-23;2094;4;4;90;52;17;0;0;57;1;1998000,0;1998000,0;1998000,0;92.249.150/0001-51;MITREN - SISTEMAS E MONTAGENS VEICULARES S.A.;1998000,0;0,0;0,0;1998000,0;0,0;0;1998000,0;1974024,0;0;0,0;0,0;0;0,0;0;23976,0;0,0;0
4691;Portaria;9386240;2023;19;1450377;2023-12-13;2094;3;3;90;30;25;0;0;57;1;226840,0;226840,0;226840,0;60.042.686/0001-05;HERCULES EQUIPAMENTOS DE PROTECAO LTDA.;226840,0;0,0;0,0;226840,0;0,0;0;226840,0;224117,92;0;0,0;0,0;0;0,0;0;2722,08;0,0;0
4691;Portaria;9386240;2023;31;1450377;2023-12-22;2094;4;4;90;52;6;0;0;57;1;1795500,0;1795500,0;1795500,0;10.652.730/0006-35;MOTOROLA SOLUTIONS LTDA;1795500,0;0,0;0,0;2793000,0;0,0;0;1795500,0;1773954,0;0;0,0;0,0;0;0,0;0;21546,0;0,0;0
4691;Portaria;9386240;2023;32;1450377;2023-12-22;2094;3;3;90;30;24;0;0;57;1;123220,0;123220,0;123220,0;10.652.730/0006-35;MOTOROLA SOLUTIONS LTDA;123220,0;0,0;0,0;123220,0;0,0;0;123220,0;123220,0;0;0,0;0,0;0;0,0;0;0,0;0,0;0
4691;Portaria;9386240;2023;39;1450377;2023-12-28;2094;4;4;90;52;17;0;0;57;1;619500,0;619500,0;619500,0;03.093.776/0011-63;MANUPA COMERCIO EXPORTACAO IMPORTACAO DE EQUIPAMENTOS E VEICULOS ADAPT;619500,0;0,0;0,0;1239000,0;0,0;0;619500,0;612066,0;0;0,0;0,0;0;0,0;0;7434,0;0,0;0
4691;Portaria;9386240;2023;43;1450377;2023-12-29;2094;3;3;90;30;16;0;0;57;1;186837,5;186837,5;186837,5;81.243.735/0033-25;POSITIVO TECNOLOGIA S.A.;186837,5;0,0;0,0;186837,5;0,0;0;186837,5;184595,45;0;0,0;0,0;0;0,0;0;2242,05;0,0;0
4691;Portaria;9386240;2023;44;1450377;2023-12-29;2094;4;4;90;52;7;0;0;57;1;238089,0;238089,0;238089,0;04.602.789/0001-01;DATEN TECNOLOGIA LTDA;238089,0;0,0;0,0;238089,0;0,0;0;238089,0;235231,93;0;0,0;0,0;0;0,0;0;2857,07;0,0;0
4691;Portaria;9386240;2023;56;1450376;2023-12-11;2094;4;4;90;52;17;0;0;57;1;914253,03;914253,03;914253,03;16.701.716/0001-56;STELLANTIS AUTOMOVEIS BRASIL LTDA.;1038923,91;0,0;0,0;1163594,79;124670,88;0;914253,03;903281,99;0;0,0;0,0;0;0,0;0;10971,04;0,0;0
4691;Portaria;9386240;2023;58;1450378;2023-11-23;2094;3;3;90;30;25;0;0;57;1;272856,72;272856,72;272856,72;30.092.431/0001-96;CONDOR S/A INDUSTRIA QUIMICA;272856,72;272856,72;272856,72;0,0;0,0;0;0,0;0,0;0;0,0;0,0;0;0,0;0;0,0;0,0;0
4691;Portaria;9386240;2023;59;1450376;2023-12-13;2094;4;4;90;52;17;0;0;57;1;2565000,0;2565000,0;2565000,0;13.426.763/0001-40;RIO DOCE COMERCIO DE VEICULOS LTDA;2565000,0;0,0;0,0;2565000,0;0,0;0;2565000,0;2534220,0;0;0,0;0,0;0;0,0;0;30780,0;0,0;0
4691;Portaria;9386240;2023;59;1450378;2023-11-23;2094;3;3;90;30;25;0;0;57;1;648621,16;648621,16;648621,16;30.092.431/0001-96;CONDOR S/A INDUSTRIA QUIMICA;648621,16;648621,16;648621,16;0,0;0,0;0;0,0;0,0;0;0,0;0,0;0;0,0;0;0,0;0,0;0
4691;Portaria;9386240;2023;60;1450378;2023-11-24;2094;3;3;90;30;25;0;0;57;1;539793,0;539793,0;539793,0;71.919.328/0001-54;R J C DEFESA E AEROESPACIAL LTDA;539793,0;539793,0;539793,0;0,0;0,0;0;0,0;0,0;0;0,0;0,0;0;0,0;0;0,0;0,0;0
4691;Portaria;9386240;2023;62;1450378;2023-11-27;2094;3;3;90;30;18;0;0;57;1;428160,0;428160,0;428160,0;66.260.415/0001-02;GLAGIO DO BRASIL PROTECAO BALISTICA LTDA;428160,0;428160,0;428160,0;0,0;0,0;0;0,0;0,0;0;0,0;0,0;0;0,0;0;0,0;0,0;0
4691;Portaria;9386240;2023;65;1450378;2023-11-30;2094;4;4;90;52;17;0;0;57;1;2712000,0;2712000,0;2712000,0;06.036.612/0001-10;DEVA AUTOMOVEIS LTDA;2712000,0;0,0;0,0;2712000,0;0,0;0;2712000,0;2679456,0;0;0,0;0,0;0;0,0;0;32544,0;0,0;0
4691;Portaria;9386240;2023;66;1450378;2023-12-01;2094;4;4;90;52;17;0;0;57;1;678000,0;678000,0;678000,0;06.036.612/0001-10;DEVA AUTOMOVEIS LTDA;678000,0;0,0;0,0;678000,0;0,0;0;678000,0;669864,0;0;0,0;0,0;0;0,0;0;8136,0;0,0;0
4691;Portaria;9386240;2023;67;1450378;2023-12-01;2094;3;3;90;30;18;0;0;57;1;428160,0;428160,0;428160,0;66.260.415/0001-02;GLAGIO DO BRASIL PROTECAO BALISTICA LTDA;428160,0;428160,0;428160,0;0,0;0,0;0;0,0;0,0;0;0,0;0,0;0;0,0;0;0,0;0,0;0
4691;Portaria;9386240;2023;68;1450376;2023-12-29;2094;4;4;90;52;17;0;0;57;1;1117420,37;1117420,37;1117420,37;16.701.716/0001-56;STELLANTIS AUTOMOVEIS BRASIL LTDA.;1269795,89;0,0;0,0;1523755,08;152375,52;0;1117420,37;1105218,14;0;0,0;0,0;0;0,0;0;12202,23;0,0;0
4691;Portaria;9386240;2023;71;1450378;2023-12-05;2094;4;4;90;52;17;0;0;57;1;1629495,0;1629495,0;1629495,0;12.661.958/0001-02;AMORIM E ALVES COMERCIO DE VEICULOS LTDA;1629949,95;0,0;0,0;1630404,9;454,95;0;1629495,0;1609941,06;0;0,0;0,0;0;0,0;0;19553,94;0,0;0
4691;Portaria;9386240;2024;1;1450014;2024-03-14;2071;4;4;90;52;17;0;0;57;1;266000,0;266000,0;266000,0;26.991.097/0001-35;SIGMA MAQUINAS E REPRESENTACOES LTDA;266000,0;266000,0;266000,0;0,0;0,0;0;0,0;0,0;0;0,0;0,0;0;0,0;0;0,0;0,0;0
4691;Portaria;9386240;2024;1;1450096;2024-04-30;2071;4;4;90;52;17;0;0;57;1;1650000,0;1650000,0;1650000,0;01.654.749/0001-15;STRADA VEICULOS E PECAS LTDA;1650000,0;1650000,0;1650000,0;0,0;0,0;0;0,0;0,0;0;0,0;0,0;0;0,0;0;0,0;0,0;0
4691;Portaria;9386240;2024;2;1450014;2024-08-06;2071;4;4;90;52;17;0;0;57;1;107399,99;107399,99;107399,99;17.282.963/0001-28;REAUTO REPRESENTACAO DE AUTOMOVEIS LTDA;107399,99;107399,99;107399,99;0,0;0,0;0;0,0;0,0;0;0,0;0,0;0;0,0;0;0,0;0,0;0
4691;Portaria;9386240;2024;2;1450096;2024-12-09;2071;4;4;90;52;17;0;0;57;1;255507,0;255507,0;255507,0;16.701.716/0001-56;STELLANTIS AUTOMOVEIS BRASIL LTDA.;255507,0;0,0;0,0;255507,0;0,0;0;255507,0;252440,91;0;0,0;0,0;0;0,0;0;3066,09;0,0;0
4691;Portaria;9386240;2024;4;1450009;2024-07-01;2071;3;3;90;30;16;0;0;57;1;6726,15;6726,15;6726,15;81.243.735/0033-25;POSITIVO TECNOLOGIA S.A.;6726,15;6726,15;6726,15;0,0;0,0;0;0,0;0,0;0;0,0;0,0;0;0,0;0;0,0;0,0;0
4691;Portaria;9386240;2024;5;1450009;2024-07-05;2071;4;4;90;52;7;0;0;57;1;33416,0;33416,0;33416,0;04.602.789/0001-01;DATEN TECNOLOGIA LTDA;33416,0;33416,0;33416,0;0,0;0,0;0;0,0;0,0;0;0,0;0,0;0;0,0;0;0,0;0,0;0
4691;Portaria;9386240;2024;5;1450376;2024-04-18;2071;3;3;90;30;30;0;0;57;1;15000,0;15000,0;15000,0;11.087.084/0001-69;BIG MINAS COMERCIO E REPRESENTACOES LTDA;15000,0;15000,0;15000,0;0,0;0,0;0;0,0;0,0;0;0,0;0,0;0;0,0;0;0,0;0,0;0
4691;Portaria;9386240;2024;5;1450378;2024-04-12;2071;3;3;90;30;25;0;0;57;1;39960,0;39960,0;39960,0;71.919.328/0001-54;R J C DEFESA E AEROESPACIAL LTDA;39960,0;39960,0;39960,0;0,0;0,0;0;0,0;0,0;0;0,0;0,0;0;0,0;0;0,0;0,0;0
4691;Portaria;9386240;2024;6;1450009;2024-07-05;2071;4;4;90;52;7;0;0;57;1;9870,0;9870,0;9870,0;59.717.553/0006-17;GRUPO MULTILASER S.A.;9870,0;9870,0;9870,0;0,0;0,0;0;0,0;0,0;0;0,0;0,0;0;0,0;0;0,0;0,0;0
4691;Portaria;9386240;2024;7;1450380;2024-07-26;2071;3;3;90;39;9;0;0;57;1;994146,23;994146,23;994146,23;01.187.307/0001-06;DEZOITO COMUNICACAO LTDA;1075152,06;424003,77;424003,77;651148,29;81005,83;0;570142,46;553322,27;0;0,0;0,0;0;0,0;0;16917,09;96,9;0
4691;Portaria;9386240;2024;8;1450377;2024-09-17;2071;3;3;90;30;16;0;0;57;1;8968,2;8968,2;8968,2;81.243.735/0033-25;POSITIVO TECNOLOGIA S.A.;8968,2;8968,2;8968,2;0,0;0,0;0;0,0;0,0;0;0,0;0,0;0;0,0;0;0,0;0,0;0
4691;Portaria;9386240;2024;10;1450376;2024-05-17;2071;3;3;90;30;30;0;0;57;1;11016,25;11016,25;11016,25;05.271.078/0001-64;INES MARIA CRIACOES LTDA - ME;11016,25;11016,25;11016,25;0,0;0,0;0;0,0;0,0;0;0,0;0,0;0;0,0;0;0,0;0,0;0
4691;Portaria;9386240;2024;10;1450377;2024-09-27;2071;4;4;90;52;17;0;0;57;1;767400,0;767400,0;767400,0;01.654.749/0001-15;STRADA VEICULOS E PECAS LTDA;767400,0;0,0;0,0;767400,0;0,0;0;767400,0;758191,2;0;0,0;0,0;0;0,0;0;9208,8;0,0;0
4691;Portaria;9386240;2024;14;1450377;2024-11-13;2071;3;3;90;30;15;0;0;57;1;43895,41;43895,41;43895,41;18.342.807/0001-78;MESO TELECOMUNICACOES E SISTEMAS LTDA;43895,41;43895,41;43895,41;0,0;0,0;0;0,0;0,0;0;0,0;0,0;0;0,0;0;0,0;0,0;0
4691;Portaria;9386240;2024;15;1450377;2024-11-13;2071;4;4;90;52;7;0;0;57;1;3907,0;3907,0;3907,0;12.477.490/0002-81;LIDER NOTEBOOKS COMERCIO E SERVICOS LTDA;3907,0;0,0;0,0;3907,0;0,0;0;3907,0;3860,12;0;0,0;0,0;0;0,0;0;46,88;0,0;0
4691;Portaria;9386240;2024;16;1450377;2024-11-22;2071;3;3;90;30;24;0;0;57;1;59514,24;0,0;55723,82;10.652.730/0006-35;MOTOROLA SOLUTIONS LTDA;59514,24;0,0;0,0;119028,48;0,0;0;0,0;55723,82;0;0,0;0,0;0;0,0;0;0,0;0,0;0
4691;Portaria;9386240;2024;17;1450015;2024-05-20;2071;4;4;90;52;14;0;0;57;1;90000,0;90000,0;90000,0;06.538.230/0001-95;MAMUTE BRASIL INDUSTRIA E COMERCIO DE MOVEIS LTDA -EPP;90000,0;90000,0;90000,0;0,0;0,0;0;0,0;0,0;0;0,0;0,0;0;0,0;0;0,0;0,0;0
4691;Portaria;9386240;2024;19;1450377;2024-12-04;2071;4;4;90;52;7;0;0;57;1;61304,55;61304,55;61304,55;29.846.708/0001-40;7DATA DISTRIBUIDORA DE EQUIPAMENTOS LTDA;61304,55;0,0;0,0;61304,55;0,0;0;61304,55;60568,9;0;0,0;0,0;0;0,0;0;735,65;0,0;0
4691;Portaria;9386240;2024;20;1450376;2024-06-24;2071;3;3;90;30;30;0;0;57;1;6097,0;6097,0;6097,0;48.282.307/0001-59;RBQ COMERCIAL LTDA;6097,0;6097,0;6097,0;0,0;0,0;0;0,0;0,0;0;0,0;0,0;0;0,0;0;0,0;0,0;0
4691;Portaria;9386240;2024;20;1450377;2024-12-19;2071;3;3;90;30;25;0;0;57;1;1369550,95;1369550,95;1369550,95;90.278.565/0001-28;JGB EQUIPAMENTOS DE SEGURANCA LTDA.;1369550,95;0,0;0,0;1369550,95;0,0;0;1369550,95;1353116,34;0;0,0;0,0;0;0,0;0;16434,61;0,0;0
4691;Portaria;9386240;2024;21;1450015;2024-07-10;2071;4;4;90;52;14;0;0;57;1;22200,0;22200,0;22200,0;06.538.230/0001-95;MAMUTE BRASIL INDUSTRIA E COMERCIO DE MOVEIS LTDA -EPP;22200,0;22200,0;22200,0;0,0;0,0;0;0,0;0,0;0;0,0;0,0;0;0,0;0;0,0;0,0;0
4691;Portaria;9386240;2024;24;1450015;2024-08-05;2071;3;3;90;36;31;0;0;57;1;22650,0;22650,0;22650,0;08.689.089/0001-57;TOCCATO TECNOLOGIA EM SISTEMAS LTDA;22650,0;22650,0;22650,0;0,0;0,0;0;0,0;0,0;0;0,0;0,0;0;0,0;0;0,0;0,0;0
4691;Portaria;9386240;2024;24;1450377;2024-12-26;2071;3;3;90;30;25;0;0;57;1;335636,43;335636,43;335636,43;90.278.565/0001-28;JGB EQUIPAMENTOS DE SEGURANCA LTDA.;335636,43;0,0;0,0;335636,43;0,0;0;335636,43;331608,79;0;0,0;0,0;0;0,0;0;4027,64;0,0;0
4691;Portaria;9386240;2024;26;1450005;2024-05-07;2071;3;3;90;30;25;0;0;57;1;11988,0;11988,0;11988,0;71.919.328/0001-54;R J C DEFESA E AEROESPACIAL LTDA;11988,0;11988,0;0,0;0,0;0,0;0;0,0;0,0;0;11988,0;0,0;0;11844,14;0;143,86;0,0;0
4691;Portaria;9386240;2024;37;1450376;2024-08-09;2071;3;3;90;30;13;0;0;57;1;6150,0;6150,0;6150,0;06.003.551/0001-95;QUALIVIDROS DISTRIBUIDORA LTDA;6150,0;6150,0;6150,0;0,0;0,0;0;0,0;0,0;0;0,0;0,0;0;0,0;0;0,0;0,0;0
4691;Portaria;9386240;2024;38;1450376;2024-08-09;2071;3;3;90;30;30;0;0;57;1;153500,0;153500,0;153500,0;61.418.141/0001-13;INDUSTRIA GRAFICA BRASILEIRA LTDA;153500,0;153500,0;153500,0;0,0;0,0;0;0,0;0,0;0;0,0;0,0;0;0,0;0;0,0;0,0;0
4691;Portaria;9386240;2024;39;1450376;2024-08-09;2071;3;3;90;30;5;0;0;57;1;18798,0;18798,0;18798,0;61.418.141/0001-13;INDUSTRIA GRAFICA BRASILEIRA LTDA;18798,0;18798,0;18798,0;0,0;0,0;0;0,0;0,0;0;0,0;0,0;0;0,0;0;0,0;0,0;0
4691;Portaria;9386240;2024;40;1450376;2024-08-09;2071;3;3;90;30;5;0;0;57;1;17000,0;17000,0;17000,0;05.271.078/0001-64;INES MARIA CRIACOES LTDA - ME;17000,0;17000,0;17000,0;0,0;0,0;0;0,0;0,0;0;0,0;0,0;0;0,0;0;0,0;0,0;0
4691;Portaria;9386240;2024;41;1450376;2024-08-09;2071;3;3;90;30;30;0;0;57;1;12220,0;12220,0;12220,0;00.855.265/0001-71;VISAO E ARTE INDUSTRIA E COMERCIO DE EMBALAGENS LTDA;12220,0;12220,0;12220,0;0,0;0,0;0;0,0;0,0;0;0,0;0,0;0;0,0;0;0,0;0,0;0
4691;Portaria;9386240;2024;46;1450376;2024-08-20;2071;3;3;90;30;13;0;0;57;1;10000,0;10000,0;10000,0;23.609.226/0001-90;PRIME CIENTIFICA LTDA;10000,0;10000,0;10000,0;0,0;0,0;0;0,0;0,0;0;0,0;0,0;0;0,0;0;0,0;0,0;0
4691;Portaria;9386240;2024;47;1450376;2024-08-20;2071;3;3;90;30;30;0;0;57;1;535840,0;535840,0;535840,0;42.153.841/0001-89;SAFELOCK PRODUTOS DE SEGURANCA INDUSTRIA E COMERCIO LTDA;535840,0;535840,0;535840,0;0,0;0,0;0;0,0;0,0;0;0,0;0,0;0;0,0;0;0,0;0,0;0
4691;Portaria;9386240;2024;52;1450376;2024-08-27;2071;3;3;90;30;30;0;0;57;1;12000,0;12000,0;12000,0;11.087.084/0001-69;BIG MINAS COMERCIO E REPRESENTACOES LTDA;12000,0;12000,0;12000,0;0,0;0,0;0;0,0;0,0;0;0,0;0,0;0;0,0;0;0,0;0,0;0
4691;Portaria;9386240;2024;61;1450005;2024-06-18;2071;4;4;90;52;8;0;0;57;1;10776,0;10776,0;10776,0;19.561.435/0001-33;AGENES S.DA SILVA SUPRIMENTOS DE INFORMATICA LTDA;10776,0;10776,0;10776,0;0,0;0,0;0;0,0;0,0;0;0,0;0,0;0;0,0;0;0,0;0,0;0
4691;Portaria;9386240;2024;62;1450005;2024-06-19;2071;3;3;90;30;2;0;0;57;1;345,0;345,0;345,0;52.996.305/0001-07;52.996.305 SILVANA DE JESUS DOS SANTOS;345,0;345,0;345,0;0,0;0,0;0;0,0;0,0;0;0,0;0,0;0;0,0;0;0,0;0,0;0
4691;Portaria;9386240;2024;65;1450005;2024-07-10;2071;4;4;90;52;14;0;0;57;1;1200,0;1200,0;1200,0;06.538.230/0001-95;MAMUTE BRASIL INDUSTRIA E COMERCIO DE MOVEIS LTDA -EPP;1200,0;1200,0;1200,0;0,0;0,0;0;0,0;0,0;0;0,0;0,0;0;0,0;0;0,0;0,0;0
4691;Portaria;9386240;2024;82;1450376;2024-11-08;2071;3;3;90;30;13;0;0;57;1;4348,5;4348,5;4348,5;13.430.441/0001-75;GERAES DIAGNOSTICA LTDA;4348,5;0,0;0,0;4348,5;0,0;0;4348,5;4296,32;0;0,0;0,0;0;0,0;0;52,18;0,0;0
4691;Portaria;9386240;2024;100;1450005;2024-12-27;2071;3;3;90;39;21;0;0;57;1;444622,66;444622,66;444622,66;28.473.474/0001-70;VISAO SISTEMAS INTEGRADOS E CONSULTORIA EM TECNOLOGIA DA INFORMACAO LT;444622,66;0,0;0,0;444622,66;0,0;0;444622,66;444622,66;0;0,0;0,0;0;0,0;0;0,0;0,0;0
4691;Portaria;9386240;2024;101;1450005;2024-12-27;2071;4;4;90;52;12;0;0;57;1;1201637,33;1201637,33;1201637,33;28.473.474/0001-70;VISAO SISTEMAS INTEGRADOS E CONSULTORIA EM TECNOLOGIA DA INFORMACAO LT;1201637,33;0,0;0,0;1201637,33;0,0;0;1201637,33;1201637,33;0;0,0;0,0;0;0,0;0;0,0;0,0;0
4691;Portaria;9386240;2024;130;1450378;2024-11-08;2071;4;4;90;52;17;0;0;57;1;382824,0;382824,0;382824,0;01.654.749/0001-15;STRADA VEICULOS E PECAS LTDA;382824,0;287118,0;0,0;95706,0;0,0;0;95706,0;94557,53;0;287118,0;0,0;0;283672,58;0;4593,89;0,0;0
4691;Portaria;9386240;2025;1;1450015;2025-05-07;2071;4;4;90;40;6;0;0;57;1;3745,0;3745,0;3745,0;04.198.254/0001-17;MCR SISTEMAS E CONSULTORIA LTDA;3745,0;3745,0;3745,0;0,0;0,0;0;0,0;0,0;0;0,0;0,0;0;0,0;0;0,0;0,0;0
4691;Portaria;9386240;2025;1;1450376;2025-03-12;2071;3;3;90;30;30;0;0;57;1;297499,5;297499,5;297499,5;06.003.551/0001-95;QUALIVIDROS DISTRIBUIDORA LTDA;297499,5;294226,8;259318,0;3272,7;0,0;0;3272,7;3233,43;0;34908,8;0,0;0;34489,89;0;458,18;0,0;0
4691;Portaria;9386240;2025;2;1450005;2025-08-18;2071;4;4;90;52;17;0;0;57;1;301020,0;301020,0;301020,0;04.104.117/0007-61;NISSAN DO BRASIL AUTOMOVEIS LTDA;301020,0;301020,0;0,0;0,0;0,0;0;0,0;0,0;0;301020,0;0,0;0;297947,76;0;3072,24;0,0;0
4691;Portaria;9386240;2025;2;1450015;2025-05-20;2071;4;4;90;52;14;0;0;57;1;69150,0;69150,0;69150,0;66.455.593/0001-99;HOMEOFFICE MOVEIS LTDA;69150,0;69150,0;69150,0;0,0;0,0;0;0,0;0,0;0;0,0;0,0;0;0,0;0;0,0;0,0;0
4691;Portaria;9386240;2025;2;1450376;2025-03-12;2071;3;3;90;30;30;0;0;57;1;10000,0;10000,0;10000,0;08.195.271/0001-51;FOCOS COMERCIAL LTDA;10000,0;10000,0;10000,0;0,0;0,0;0;0,0;0,0;0;0,0;0,0;0;0,0;0;0,0;0,0;0
4691;Portaria;9386240;2025;3;1450005;2025-08-18;2071;4;4;90;52;17;0;0;57;1;90000,0;90000,0;90000,0;16.701.716/0001-56;STELLANTIS AUTOMOVEIS BRASIL LTDA.;90000,0;90000,0;0,0;0,0;0,0;0;0,0;0,0;0;90000,0;0,0;0;88920,0;0;1080,0;0,0;0
4691;Portaria;9386240;2025;4;1450005;2025-08-18;2071;4;4;90;52;17;0;0;57;1;871088,0;871088,0;871088,0;16.701.716/0001-56;STELLANTIS AUTOMOVEIS BRASIL LTDA.;871088,0;0,0;0,0;871088,0;0,0;0;871088,0;860634,96;0;0,0;0,0;0;0,0;0;10453,04;0,0;0
4691;Portaria;9386240;2025;4;1450376;2025-03-12;2071;3;3;90;30;30;0;0;57;1;28990,0;28990,0;28990,0;11.301.724/0001-91;QUALY COMERCIAL LTDA;28990,0;28990,0;28990,0;0,0;0,0;0;0,0;0,0;0;0,0;0,0;0;0,0;0;0,0;0,0;0
4691;Portaria;9386240;2025;5;1450005;2025-08-18;2071;4;4;90;52;17;0;0;57;1;0,0;0,0;0,0;16.701.716/0001-56;STELLANTIS AUTOMOVEIS BRASIL LTDA.;520072,0;0,0;0,0;520072,0;520072,0;0;0,0;0,0;0;0,0;0,0;0;0,0;0;0,0;0,0;0
4691;Portaria;9386240;2025;5;1450376;2025-03-12;2071;3;3;90;30;13;0;0;57;1;30900,0;30900,0;30900,0;11.301.724/0001-91;QUALY COMERCIAL LTDA;30900,0;30900,0;30900,0;0,0;0,0;0;0,0;0,0;0;0,0;0,0;0;0,0;0;0,0;0,0;0
4691;Portaria;9386240;2025;6;1450376;2025-03-18;2071;3;3;90;30;22;0;0;57;1;600,0;600,0;600,0;46.983.819/0001-17;FAZ VENDAS LTDA;600,0;600,0;600,0;0,0;0,0;0;0,0;0,0;0;0,0;0,0;0;0,0;0;0,0;0,0;0
4691;Portaria;9386240;2025;6;1450377;2025-03-20;2071;4;4;90;52;7;0;0;57;1;15628,0;15628,0;15628,0;12.477.490/0002-81;LIDER NOTEBOOKS COMERCIO E SERVICOS LTDA;15628,0;15628,0;15628,0;0,0;0,0;0;0,0;0,0;0;0,0;0,0;0;0,0;0;0,0;0,0;0
4691;Portaria;9386240;2025;7;1450376;2025-03-19;2071;3;3;90;30;13;0;0;57;1;30720,0;30720,0;30720,0;08.195.271/0001-51;FOCOS COMERCIAL LTDA;30720,0;30720,0;30720,0;0,0;0,0;0;0,0;0,0;0;0,0;0,0;0;0,0;0;0,0;0,0;0
4691;Portaria;9386240;2025;12;1450015;2025-11-24;2071;4;4;90;52;7;0;0;57;1;39370,0;39370,0;39370,0;12.477.490/0002-81;LIDER NOTEBOOKS COMERCIO E SERVICOS LTDA;39370,0;0,0;0,0;39370,0;0,0;0;39370,0;38897,56;0;0,0;0,0;0;0,0;0;472,44;0,0;0
4691;Portaria;9386240;2025;18;1450005;2025-10-23;2071;4;4;90;52;17;0;0;57;1;709434,0;709434,0;709434,0;16.701.716/0046-58;STELLANTIS AUTOMOVEIS BRASIL LTDA.;709434,0;0,0;0,0;709434,0;0,0;0;709434,0;700920,78;0;0,0;0,0;0;0,0;0;8513,22;0,0;0
4691;Portaria;9386240;2025;21;1450376;2025-05-06;2071;3;3;90;30;30;0;0;57;1;39560,0;39560,0;39560,0;33.169.991/0001-90;D C R SANTOS LTDA;39560,0;39560,0;39560,0;0,0;0,0;0;0,0;0,0;0;0,0;0,0;0;0,0;0;0,0;0,0;0
4691;Portaria;9386240;2025;31;1450378;2025-12-11;2071;3;3;90;30;25;0;0;57;1;611873,6;611873,6;611873,6;30.092.431/0001-96;CONDOR S/A INDUSTRIA QUIMICA;611873,6;0,0;0,0;611873,6;0,0;0;611873,6;604531,12;0;0,0;0,0;0;0,0;0;7342,48;0,0;0
4691;Portaria;9386240;2025;33;1450376;2025-06-09;2071;3;3;90;30;13;0;0;57;1;664999,5;664999,5;664999,5;25.235.133/0001-78;SMS COMERCIO E SERVICOS LTDA;664999,5;664999,5;664999,5;0,0;0,0;0;0,0;0,0;0;0,0;0,0;0;0,0;0;0,0;0,0;0
4691;Portaria;9386240;2025;42;1450378;2025-12-18;2071;4;4;90;52;17;0;0;57;1;605420,0;605420,0;605420,0;16.701.716/0001-56;STELLANTIS AUTOMOVEIS BRASIL LTDA.;605420,0;0,0;0,0;605420,0;0,0;0;605420,0;598154,96;0;0,0;0,0;0;0,0;0;7265,04;0,0;0
4691;Portaria;9386240;2025;91;1450376;2025-11-18;2071;4;4;90;52;17;0;0;57;1;874435,95;874435,95;874435,95;59.104.760/0001-91;TOYOTA DO BRASIL LTDA;874435,95;0,0;0,0;874435,95;0,0;0;874435,95;863942,72;0;0,0;0,0;0;0,0;0;10493,23;0,0;0
4691;Portaria;9386240;2025;93;1450376;2025-11-25;2071;3;3;90;30;30;0;0;57;1;3320,0;3320,0;3320,0;61.418.141/0001-13;INDUSTRIA GRAFICA BRASILEIRA LTDA;3320,0;0,0;0,0;3320,0;0,0;0;3320,0;3280,16;0;0,0;0,0;0;0,0;0;39,84;0,0;0
4691;Portaria;9386240;2025;94;1450376;2025-11-26;2071;3;3;90;30;30;0;0;57;1;6240,0;6240,0;6240,0;42.153.841/0001-89;SAFELOCK PRODUTOS DE SEGURANCA INDUSTRIA E COMERCIO LTDA;6240,0;0,0;0,0;6240,0;0,0;0;6240,0;6165,12;0;0,0;0,0;0;0,0;0;74,88;0,0;0
4691;Portaria;9386240;2025;107;1450376;2025-12-19;2071;4;4;90;52;26;0;0;57;1;13200,0;13200,0;13200,0;07.831.740/0001-19;CANTARES MAGAZINE LTDA;13200,0;0,0;0,0;13200,0;0,0;0;13200,0;13041,6;0;0,0;0,0;0;0,0;0;158,4;0,0;0
4691;Portaria;9386240;2025;108;1450376;2025-12-19;2071;4;4;90;52;9;0;0;57;1;16704,0;16704,0;16704,0;81.618.753/0001-67;ELBER INDUSTRIA DE REFRIGERACAO LTDA;16704,0;0,0;0,0;16704,0;0,0;0;16704,0;16503,55;0;0,0;0,0;0;0,0;0;200,45;0,0;0
4691;Portaria;9386240;2026;1;1450376;2026-03-20;2071;3;3;90;30;13;0;0;57;1;142000,0;142000,0;142000,0;01.334.250/0003-92;QIAGEN BIOTECNOLOGIA BRASIL LTDA.;142000,0;142000,0;142000,0;0,0;0,0;0;0,0;0,0;0;0,0;0,0;0;0,0;0;0,0;0,0;0
4691;Portaria;9386240;2026;3;1450376;2026-03-23;2071;3;3;90;30;5;0;0;57;1;11047,4;5000,0;5000,0;52.994.933/0001-45;EMPREENDIMENTOS WG LTDA;11047,4;5000,0;5000,0;0,0;0,0;0;0,0;0,0;0;0,0;0,0;0;0,0;0;0,0;0,0;0
4691;Portaria;9386240;2026;7;1450015;2026-05-05;2071;4;4;90;52;14;0;0;57;1;140250,0;140250,0;38250,0;03.098.864/0001-86;MARCELLI MOVEIS PARA ESCRITORIO E INFORMATICA LTDA -EPP;140250,0;140250,0;38250,0;0,0;0,0;0;0,0;0,0;0;0,0;0,0;0;0,0;0;0,0;0,0;0
4691;Portaria;9386240;2026;8;1450015;2026-07-21;2071;4;4;90;52;17;0;0;57;1;375000,0;0,0;0,0;16.701.716/0001-56;STELLANTIS AUTOMOVEIS BRASIL LTDA.;375000,0;0,0;0,0;0,0;0,0;0;0,0;0,0;0;0,0;0,0;0;0,0;0;0,0;0,0;0
4691;Portaria;9386240;2026;9;1450378;2026-05-04;2071;4;4;90;52;17;0;0;57;1;774840,0;774840,0;774840,0;00.913.443/0001-73;RENAULT DO BRASIL S.A.;774840,0;774840,0;774840,0;0,0;0,0;0;0,0;0,0;0;0,0;0,0;0;0,0;0;0,0;0,0;0
4691;Portaria;9386240;2026;11;1450015;2026-07-28;2071;4;4;90;52;17;0;0;57;1;175267,26;0,0;0,0;42.611.727/0001-55;GREAT WALL MOTOR BRASIL LTDA;175267,26;0,0;0,0;0,0;0,0;0;0,0;0,0;0;0,0;0,0;0;0,0;0;0,0;0,0;0
4691;Portaria;9386240;2026;11;1450378;2026-05-14;2071;3;3;90;39;31;0;0;57;1;19133,1;19133,1;19133,1;22.056.515/0001-46;INFORGRAF LTDA - ME;19133,1;19133,1;19133,1;0,0;0,0;0;0,0;0,0;0;0,0;0,0;0;0,0;0;0,0;0,0;0
4691;Portaria;9386240;2026;13;1450005;2026-06-18;2071;4;4;90;52;9;0;0;57;1;83993,0;83993,0;83993,0;07.791.107/0001-44;ELEC INDUSTRIA E COMERCIO DE EQUIPAMENTOS DE MEDICAO LTDA;83993,0;83993,0;83993,0;0,0;0,0;0;0,0;0,0;0;0,0;0,0;0;0,0;0;0,0;0,0;0
4691;Portaria;9386240;2026;14;1450005;2026-06-18;2071;4;4;90;52;9;0;0;57;1;35997,6;35997,6;35997,6;11.669.218/0001-50;CARAVAN EXPORTACAO & IMPORTACAO DO BRASIL LTDA;35997,6;35997,6;35997,6;0,0;0,0;0;0,0;0,0;0;0,0;0,0;0;0,0;0;0,0;0,0;0
4691;Portaria;9386240;2026;15;1450005;2026-07-14;2071;4;4;90;52;1;0;0;57;1;74600,0;74600,0;0,0;32.907.435/0004-53;NW DRONES COMERCIO E MANUTENCAO DE DRONES LTDA;74600,0;74600,0;0,0;0,0;0,0;0;0,0;0,0;0;0,0;0,0;0;0,0;0;0,0;0,0;0
4691;Portaria;9386240;2026;15;1450015;2026-09-04;2071;4;4;90;52;7;0;0;57;1;35959,56;0,0;0,0;81.243.735/0009-03;POSITIVO TECNOLOGIA S.A.;35959,56;0,0;0,0;0,0;0,0;0;0,0;0,0;0;0,0;0,0;0;0,0;0;0,0;0,0;0
4691;Portaria;9386240;2026;16;1450005;2026-07-17;2071;4;4;90;52;17;0;0;57;1;658072,52;0,0;0,0;23.762.552/0003-02;DEVA VEICULOS LTDA;658072,52;0,0;0,0;0,0;0,0;0;0,0;0,0;0;0,0;0,0;0;0,0;0;0,0;0,0;0
4691;Portaria;9386240;2026;22;1450015;2026-09-29;2071;4;4;90;52;7;0;0;57;1;11712,34;0,0;0,0;04.602.789/0001-01;DATEN TECNOLOGIA LTDA;11712,34;0,0;0,0;0,0;0,0;0;0,0;0,0;0;0,0;0,0;0;0,0;0;0,0;0,0;0
4691;Portaria;9386240;2026;44;1450376;2026-04-30;2071;3;3;90;30;30;0;0;57;1;33177,2;33177,2;33177,2;05.271.078/0001-64;INES MARIA CRIACOES LTDA - ME;33177,2;33177,2;33177,2;0,0;0,0;0;0,0;0,0;0;0,0;0,0;0;0,0;0;0,0;0,0;0
4691;Portaria;9386240;2026;45;1450376;2026-04-30;2071;3;3;90;30;13;0;0;57;1;744,0;744,0;744,0;08.195.271/0001-51;FOCOS COMERCIAL LTDA;744,0;744,0;744,0;0,0;0,0;0;0,0;0,0;0;0,0;0,0;0;0,0;0;0,0;0,0;0
4691;Portaria;9386240;2026;45;1450378;2026-07-27;2071;3;3;90;39;22;0;0;57;1;10032,03;10032,03;10032,03;32.822.592/0001-13;F & L MARTINS ENGENHARIA - LTDA;10032,03;10032,03;10032,03;0,0;0,0;0;0,0;0,0;0;0,0;0,0;0;0,0;0;0,0;0,0;0
4691;Portaria;9386240;2026;46;1450376;2026-04-30;2071;3;3;90;30;13;0;0;57;1;9000,0;9000,0;9000,0;20.352.354/0001-02;GC LAB DIAGNOSTICOS LTDA;9000,0;9000,0;9000,0;0,0;0,0;0;0,0;0,0;0;0,0;0,0;0;0,0;0;0,0;0,0;0
4691;Portaria;9386240;2026;61;1450376;2026-06-03;2071;3;3;90;30;10;0;0;57;1;153623,68;153623,68;153623,68;06.003.551/0001-95;QUALIVIDROS DISTRIBUIDORA LTDA;153623,68;153623,68;153623,68;0,0;0,0;0;0,0;0,0;0;0,0;0,0;0;0,0;0;0,0;0,0;0
4691;Portaria;9386240;2026;63;1450376;2026-06-03;2071;3;3;90;30;10;0;0;57;1;64700,0;64700,0;64700,0;06.003.551/0001-95;QUALIVIDROS DISTRIBUIDORA LTDA;64700,0;64700,0;64700,0;0,0;0,0;0;0,0;0,0;0;0,0;0,0;0;0,0;0;0,0;0,0;0
4691;Portaria;9386240;2026;64;1450378;2026-08-04;2071;3;3;90;39;22;0;0;57;1;565163,99;122849,0;122849,0;28.824.379/0001-73;FAP ENGENHARIA E CONSTRUCAO LTDA;565163,99;122849,0;122849,0;0,0;0,0;0;0,0;0,0;0;0,0;0,0;0;0,0;0;0,0;0,0;0
4691;Portaria;9386240;2026;66;1450378;2026-08-06;2071;4;4;90;52;17;0;0;57;1;79540,0;0,0;0,0;15.082.489/0001-65;HANBAI COMERCIO DE MOTOS LTDA;79540,0;0,0;0,0;0,0;0,0;0;0,0;0,0;0;0,0;0,0;0;0,0;0;0,0;0,0;0
4691;Portaria;9386240;2026;92;1450376;2026-09-10;2071;4;4;90;52;4;0;0;57;1;298,11;0,0;0,0;62.805.180/0001-36;62.805.180 ELISANGELA DE OLIVEIRA SANTOS;298,11;0,0;0,0;0,0;0,0;0;0,0;0,0;0;0,0;0,0;0;0,0;0;0,0;0,0;0
4691;Portaria;9386240;2026;101;1450376;2026-10-01;2071;3;3;90;30;13;0;0;57;1;24752,18;0,0;0,0;01.334.250/0003-92;QIAGEN BIOTECNOLOGIA BRASIL LTDA.;24752,18;0,0;0,0;0,0;0,0;0;0,0;0,0;0;0,0;0,0;0;0,0;0;0,0;0,0;0
4691;Portaria;9317172;2023;1;1450138;2023-10-17;2094;4;4;90;52;1;0;0;57;1;11990,0;11990,0;11990,0;21.641.059/0001-39;DISTRIBUIDORA PERES & ARAUJO LTDA - ME;11990,0;11990,0;0,0;0,0;0,0;0;0,0;0,0;0;11990,0;0,0;0;11846,12;0;143,88;0,0;0
4691;Portaria;9317172;2023;1;1450377;2023-04-12;2094;4;4;90;52;12;0;0;57;1;42660,0;42660,0;42660,0;18.132.510/0001-88;SOMAR ELETROFERRAGENS LTDA;42660,0;42660,0;42660,0;0,0;0,0;0;0,0;0,0;0;0,0;0,0;0;0,0;0;0,0;0,0;0
4691;Portaria;9317172;2023;2;1450138;2023-12-29;2094;4;4;90;52;8;0;0;57;1;11100,0;11100,0;11100,0;29.250.559/0001-51;E A DE ALMEIDA NEGOCIOS DIGITAIS;11100,0;0,0;0,0;11100,0;0,0;0;11100,0;11100,0;0;0,0;0,0;0;0,0;0;0,0;0,0;0
4691;Portaria;9317172;2023;3;1450138;2023-12-29;2094;4;4;90;52;7;0;0;57;1;3100,0;3100,0;3100,0;51.696.246/0001-80;JJT COMERCIO ELETRONICO E SERVICOS LTDA;3100,0;0,0;0,0;3100,0;0,0;0;3100,0;3100,0;0;0,0;0,0;0;0,0;0;0,0;0,0;0
4691;Portaria;9317172;2023;4;1450138;2023-12-29;2094;4;4;90;52;8;0;0;57;1;2176,86;2176,86;2176,86;51.696.246/0001-80;JJT COMERCIO ELETRONICO E SERVICOS LTDA;2176,86;0,0;0,0;2176,86;0,0;0;2176,86;2176,86;0;0,0;0,0;0;0,0;0;0,0;0,0;0
4691;Portaria;9317172;2023;4;1450377;2023-05-22;2094;4;4;90;52;7;0;0;57;1;128700,0;128700,0;128700,0;59.717.553/0006-17;GRUPO MULTILASER S.A.;128700,0;0,0;0,0;128700,0;0,0;0;128700,0;127155,6;0;0,0;0,0;0;0,0;0;1544,4;0,0;0
4691;Portaria;9317172;2023;5;1450138;2023-12-29;2094;4;4;90;52;8;0;0;57;1;3664,49;3664,49;3664,49;29.250.559/0001-51;E A DE ALMEIDA NEGOCIOS DIGITAIS;3664,49;0,0;0,0;3664,49;0,0;0;3664,49;3664,49;0;0,0;0,0;0;0,0;0;0,0;0,0;0
4691;Portaria;9317172;2023;6;1450138;2023-12-29;2094;4;4;90;52;6;0;0;57;1;1360,0;1360,0;1360,0;51.696.246/0001-80;JJT COMERCIO ELETRONICO E SERVICOS LTDA;1360,0;0,0;0,0;1360,0;0,0;0;1360,0;1360,0;0;0,0;0,0;0;0,0;0;0,0;0,0;0
4691;Portaria;9317172;2023;6;1450377;2023-06-27;2094;4;4;90;52;7;0;0;57;1;66832,0;66832,0;66832,0;04.602.789/0001-01;DATEN TECNOLOGIA LTDA;66832,0;66832,0;66832,0;0,0;0,0;0;0,0;0,0;0;0,0;0,0;0;0,0;0;0,0;0,0;0
4691;Portaria;9317172;2023;7;1450138;2023-12-29;2094;4;4;90;52;6;0;0;57;1;12870,0;12870,0;12870,0;21.641.059/0001-39;DISTRIBUIDORA PERES & ARAUJO LTDA - ME;12870,0;0,0;0,0;12870,0;0,0;0;12870,0;12715,56;0;0,0;0,0;0;0,0;0;154,44;0,0;0
4691;Portaria;9317172;2023;12;1450376;2023-03-06;2094;4;4;90;52;14;0;0;57;1;5720,0;5720,0;5720,0;08.221.047/0001-97;ACHEI INDUSTRIA DE MOVEIS LTDA;5720,0;5720,0;5720,0;0,0;0,0;0;0,0;0,0;0;0,0;0,0;0;0,0;0;0,0;0,0;0
4691;Portaria;9317172;2023;13;1450376;2023-03-06;2094;4;4;90;52;14;0;0;57;1;14154,0;14154,0;14154,0;23.044.715/0002-22;DETTO MOBILIARIO CORPORATIVO LTDA;14154,0;14154,0;14154,0;0,0;0,0;0;0,0;0,0;0;0,0;0,0;0;0,0;0;0,0;0,0;0
4691;Portaria;9317172;2023;22;1450377;2023-12-20;2094;4;4;90;52;8;0;0;57;1;14350,0;14350,0;14350,0;35.782.776/0002-76;XPR3 SOLUCOES LTDA;14350,0;0,0;0,0;14350,0;0,0;0;14350,0;14350,0;0;0,0;0,0;0;0,0;0;0,0;0,0;0
4691;Portaria;9317172;2023;23;1450377;2023-12-20;2094;3;3;90;30;10;0;0;57;1;2989,99;2989,99;2989,99;02.885.591/0001-57;CENTURY COMERCIAL LTDA;2989,99;0,0;0,0;2989,99;0,0;0;2989,99;2989,99;0;0,0;0,0;0;0,0;0;0,0;0,0;0
4691;Portaria;9317172;2023;24;1450377;2023-12-20;2094;3;3;90;30;2;0;0;57;1;85200,3;85200,3;85200,3;02.885.591/0001-57;CENTURY COMERCIAL LTDA;85200,3;0,0;0,0;85200,3;0,0;0;85200,3;85200,3;0;0,0;0,0;0;0,0;0;0,0;0,0;0
4691;Portaria;9317172;2023;25;1450378;2023-10-17;2094;3;3;90;39;22;0;0;57;1;48488,0;48488,0;48488,0;17.331.294/0001-37;W M PORTAS EMPREENDIMENTOS EM MOVEIS PLANEJADOS LTDA - EPP;48488,0;48488,0;48488,0;0,0;0,0;0;0,0;0,0;0;0,0;0,0;0;0,0;0;0,0;0,0;0
4691;Portaria;9317172;2023;26;1450378;2023-10-19;2094;3;3;90;39;22;0;0;57;1;58500,0;58500,0;58500,0;34.329.066/0001-41;ESPACO A MOVEIS LTDA;58500,0;58500,0;58500,0;0,0;0,0;0;0,0;0,0;0;0,0;0,0;0;0,0;0;0,0;0,0;0
4691;Portaria;9317172;2023;29;1450378;2023-10-23;2094;3;3;90;39;21;0;0;57;1;13625,0;13625,0;13625,0;71.313.217/0001-08;MOBILETTO INDUSTRIA E COMERCIO LTDA -EPP;13625,0;13625,0;13625,0;0,0;0,0;0;0,0;0,0;0;0,0;0,0;0;0,0;0;0,0;0,0;0
4691;Portaria;9317172;2023;33;1450376;2023-08-03;2094;4;4;90;52;14;0;0;57;1;97200,0;97200,0;97200,0;21.306.287/0001-52;TECNO 2000 INDUSTRIA E COMERCIO LTDA;97200,0;97200,0;97200,0;0,0;0,0;0;0,0;0,0;0;0,0;0,0;0;0,0;0;0,0;0,0;0
4691;Portaria;9317172;2023;36;1450378;2023-10-26;2094;3;3;90;39;22;0;0;57;1;38819,0;38819,0;38819,0;47.145.009/0001-54;47.145.009 DONIZETE DIVINO ANTONIO DA SILVA;38819,0;38819,0;38819,0;0,0;0,0;0;0,0;0,0;0;0,0;0,0;0;0,0;0;0,0;0,0;0
4691;Portaria;9317172;2023;37;1450378;2023-10-26;2094;3;3;90;39;22;0;0;57;1;29000,0;29000,0;29000,0;47.145.009/0001-54;47.145.009 DONIZETE DIVINO ANTONIO DA SILVA;29000,0;0,0;0,0;29000,0;0,0;0;29000,0;28130,0;0;0,0;0,0;0;0,0;0;870,0;0,0;0
4691;Portaria;9317172;2023;46;1450376;2023-10-23;2094;4;4;90;52;8;0;0;57;1;5317,0;5317,0;5317,0;45.650.883/0001-13;MEGA LICITACOES LTDA;5317,0;5317,0;0,0;0,0;0,0;0;0,0;0,0;0;5317,0;0,0;0;5317,0;0;0,0;0,0;0
4691;Portaria;9317172;2023;68;1450378;2023-12-01;2094;4;4;90;52;9;0;0;57;1;1980,0;1980,0;1980,0;26.159.355/0001-11;CPM - INDUSTRIA E COMERCIO DE EQUIPAMENTOS PARA SAUDE LTDA;1980,0;0,0;0,0;1980,0;0,0;0;1980,0;1980,0;0;0,0;0,0;0;0,0;0;0,0;0,0;0
4691;Portaria;9317172;2023;69;1450378;2023-12-05;2094;3;3;90;30;10;0;0;57;1;44400,0;44400,0;44400,0;10.016.132/0001-65;VITAL PRODUTOS HOSPITALARES LTDA.;44400,0;0,0;0,0;44400,0;0,0;0;44400,0;43867,2;0;0,0;0,0;0;0,0;0;532,8;0,0;0
4691;Portaria;9317172;2023;70;1450378;2023-12-05;2094;3;3;90;30;10;0;0;57;1;474618,0;474618,0;474618,0;10.512.195/0001-02;JP PHARMA IMPORTACAO E DISTRIBUICAO LTDA;474618,0;0,0;0,0;474618,0;0,0;0;474618,0;468922,59;0;0,0;0,0;0;0,0;0;5695,41;0,0;0
4691;Portaria;9317172;2023;74;1450378;2023-12-06;2094;3;3;90;39;22;0;0;57;1;14625,0;14625,0;14625,0;34.329.066/0001-41;ESPACO A MOVEIS LTDA;14625,0;0,0;0,0;14625,0;0,0;0;14625,0;13923,0;0;0,0;0,0;0;0,0;0;702,0;0,0;0
4691;Portaria;9317172;2023;75;1450378;2023-12-06;2094;3;3;90;30;5;0;0;57;1;17400,0;17400,0;17400,0;26.043.097/0001-03;FATO IMPORTADORA E EXPORTADORA DE INSTRUMENTOS CIRURGICOS LTDA;17400,0;0,0;0,0;17400,0;0,0;0;17400,0;17191,2;0;0,0;0,0;0;0,0;0;208,8;0,0;0
4691;Portaria;9317172;2023;76;1450378;2023-12-11;2094;3;3;90;39;22;0;0;57;1;386490,0;386490,0;386490,0;08.265.838/0001-19;R & V SERVICOS DE ENGENHARIA E TOPOGRAFIA LTDA -ME;386490,0;0,0;0,0;386490,0;0,0;0;386490,0;364073,58;0;0,0;0,0;0;0,0;0;22416,42;0,0;0
4691;Portaria;9317172;2023;77;1450378;2023-12-11;2094;3;3;90;30;10;0;0;57;1;334200,0;334200,0;334200,0;08.651.657/0001-20;ALL SOLUTIONS MEDICAL - PRODUTOS MEDICOS HOSPITALARES LTDA;334200,0;0,0;0,0;334200,0;0,0;0;334200,0;330189,6;0;0,0;0,0;0;0,0;0;4010,4;0,0;0
4691;Portaria;9317172;2023;80;1450378;2023-12-12;2094;3;3;90;30;10;0;0;57;1;4800,0;4800,0;4800,0;26.405.348/0001-52;PLANEJAR DISTRIBUIDORA E IMPORTADORA LTDA;4800,0;0,0;0,0;4800,0;0,0;0;4800,0;4800,0;0;0,0;0,0;0;0,0;0;0,0;0,0;0
4691;Portaria;9317172;2023;81;1450378;2023-12-13;2094;3;3;90;39;22;0;0;57;1;61900,0;61900,0;61900,0;37.513.162/0001-33;WATT CONSTRUTORA LTDA;61900,0;0,0;0,0;61900,0;0,0;0;61900,0;58062,2;0;0,0;0,0;0;0,0;0;3837,8;0,0;0
4691;Portaria;9317172;2023;83;1450378;2023-12-13;2094;3;3;90;30;25;0;0;57;1;53400,0;53400,0;53400,0;16.650.985/0001-30;ROSDELMULTI CONFECCAO E COMERCIO EIRELI;53400,0;0,0;0,0;53400,0;0,0;0;53400,0;53400,0;0;0,0;0,0;0;0,0;0;0,0;0,0;0
4691;Portaria;9317172;2023;84;1450378;2023-12-14;2094;3;3;90;30;25;0;0;57;1;15900,0;15900,0;15900,0;18.252.904/0001-70;HEALTH CARE & DUBEBE INDUSTRIA, COMERCIO, IMPORTACAO, EXPORTACAO DE PR;15900,0;0,0;0,0;15900,0;0,0;0;15900,0;15709,2;0;0,0;0,0;0;0,0;0;190,8;0,0;0
4691;Portaria;9317172;2023;85;1450378;2023-12-15;2094;3;3;90;39;22;0;0;57;1;13600,0;13600,0;13600,0;07.820.223/0001-44;MARCELO LUIZ CLEMENTE BRANDAO -ME;13600,0;0,0;0,0;13600,0;0,0;0;13600,0;13032,88;0;0,0;0,0;0;0,0;0;567,12;0,0;0
4691;Portaria;9317172;2023;86;1450378;2023-12-15;2094;4;4;90;52;9;0;0;57;1;6120,0;6120,0;6120,0;03.479.428/0001-57;ATUANTE COMERCIAL LTDA -ME;6120,0;0,0;0,0;6120,0;0,0;0;6120,0;6046,56;0;0,0;0,0;0;0,0;0;73,44;0,0;0
4691;Portaria;9317172;2023;87;1450378;2023-12-15;2094;4;4;90;52;14;0;0;57;1;12532,0;12532,0;12532,0;19.349.607/0001-00;CLASSIC COMERCIO LTDA - ME;12532,0;0,0;0,0;12532,0;0,0;0;12532,0;12381,62;0;0,0;0,0;0;0,0;0;150,38;0,0;0
4691;Portaria;9317172;2023;88;1450378;2023-12-15;2094;4;4;90;52;9;0;0;57;1;42436,06;42436,06;42436,06;19.349.607/0001-00;CLASSIC COMERCIO LTDA - ME;42436,06;0,0;0,0;42436,06;0,0;0;42436,06;41926,83;0;0,0;0,0;0;0,0;0;509,23;0,0;0
4691;Portaria;9317172;2023;89;1450378;2023-12-15;2094;4;4;90;52;9;0;0;57;1;21800,0;21800,0;21800,0;38.658.399/0001-75;DATAMED LTDA;21800,0;0,0;0,0;21800,0;0,0;0;21800,0;21538,4;0;0,0;0,0;0;0,0;0;261,6;0,0;0
4691;Portaria;9317172;2023;90;1450378;2023-12-18;2094;4;4;90;52;9;0;0;57;1;16505,0;16505,0;16505,0;61.012.811/0001-05;NOVA TECNICA INDUSTRIA E COMERCIO DE EQUIPAMENTOS PARA LABORATORIO LTD;16505,0;0,0;0,0;16505,0;0,0;0;16505,0;16306,94;0;0,0;0,0;0;0,0;0;198,06;0,0;0
4691;Portaria;9317172;2023;92;1450378;2023-12-20;2094;4;4;90;52;14;0;0;57;1;174178,0;174178,0;174178,0;21.306.287/0001-52;TECNO 2000 INDUSTRIA E COMERCIO LTDA;174178,0;0,0;0,0;174178,0;0,0;0;174178,0;172087,86;0;0,0;0,0;0;0,0;0;2090,14;0,0;0
4691;Portaria;9317172;2023;93;1450378;2023-12-20;2094;3;3;90;39;21;0;0;57;1;12600,0;12600,0;12600,0;29.340.740/0001-59;PRODUTOR RODRIGO LOCACOES E SERVICOS LTDA;12600,0;0,0;0,0;12600,0;0,0;0;12600,0;12600,0;0;0,0;0,0;0;0,0;0;0,0;0,0;0
4691;Portaria;9317172;2023;98;1450378;2023-12-26;2094;3;3;90;39;22;0;0;57;1;21272,26;21272,26;21272,26;24.660.733/0001-10;E.G.F ARMARIOS PLANEJADOS LTDA;21272,26;0,0;0,0;21272,26;0,0;0;21272,26;21272,26;0;0,0;0,0;0;0,0;0;0,0;0,0;0
4691;Portaria;9317172;2023;99;1450378;2023-12-26;2094;3;3;90;39;21;0;0;57;1;3150,0;3150,0;3150,0;29.340.740/0001-59;PRODUTOR RODRIGO LOCACOES E SERVICOS LTDA;3150,0;0,0;0,0;3150,0;0,0;0;3150,0;3150,0;0;0,0;0,0;0;0,0;0;0,0;0,0;0
4691;Portaria;9317172;2023;100;1450378;2023-12-27;2094;3;3;90;39;22;0;0;57;1;24000,0;24000,0;24000,0;11.919.604/0001-52;AFW COMERCIO E SERVICOS LTDA;24000,0;0,0;0,0;24000,0;0,0;0;24000,0;23280,0;0;0,0;0,0;0;0,0;0;720,0;0,0;0
4691;Portaria;9317172;2023;101;1450378;2023-12-28;2094;4;4;90;52;17;0;0;57;1;1036000,0;1036000,0;1036000,0;01.654.749/0001-15;STRADA VEICULOS E PECAS LTDA;1036000,0;0,0;0,0;1036000,0;0,0;0;1036000,0;1023568,0;0;0,0;0,0;0;0,0;0;12432,0;0,0;0
4691;Portaria;9317172;2023;102;1450378;2023-12-28;2094;4;4;90;52;17;0;0;57;1;565000,0;565000,0;565000,0;01.654.749/0001-15;STRADA VEICULOS E PECAS LTDA;565000,0;0,0;0,0;565000,0;0,0;0;565000,0;558220,0;0;0,0;0,0;0;0,0;0;6780,0;0,0;0
4691;Portaria;9317172;2023;103;1450378;2023-12-28;2094;4;4;90;52;9;0;0;57;1;53000,0;53000,0;53000,0;19.834.932/0001-68;BIOLABBRASIL - EQUIPAMENTOS PARA LABORATORIOS LTDA;53000,0;0,0;0,0;53000,0;0,0;0;53000,0;52364,0;0;0,0;0,0;0;0,0;0;636,0;0,0;0
4691;Portaria;9317172;2024;1;1450138;2024-04-01;2071;4;4;90;52;8;0;0;57;1;5000,0;5000,0;5000,0;51.696.246/0001-80;JJT COMERCIO ELETRONICO E SERVICOS LTDA;5000,0;5000,0;5000,0;0,0;0,0;0;0,0;0,0;0;0,0;0,0;0;0,0;0;0,0;0,0;0
4691;Portaria;9317172;2024;1;1450376;2024-04-03;2071;3;3;90;39;48;0;0;57;1;301780,0;301780,0;301780,0;23.201.313/0001-03;GATTAZ SAUDE E RESULTADOS LTDA;301780,0;271602,0;271602,0;30178,0;0,0;0;30178,0;29815,86;0;0,0;0,0;0;0,0;0;362,14;0,0;0
4691;Portaria;9317172;2024;1;1450380;2024-03-22;2071;3;3;90;39;9;0;0;57;1;64800,0;64800,0;64800,0;01.187.307/0001-06;DEZOITO COMUNICACAO LTDA;64800,0;64800,0;64800,0;0,0;0,0;0;0,0;0,0;0;0,0;0,0;0;0,0;0;0,0;0,0;0
4691;Portaria;9317172;2024;2;1450138;2024-09-23;2071;4;4;90;52;7;0;0;57;1;40680,0;40680,0;40680,0;59.717.553/0006-17;GRUPO MULTILASER S.A.;40680,0;0,0;0,0;40680,0;0,0;0;40680,0;40191,84;0;0,0;0,0;0;0,0;0;488,16;0,0;0
4691;Portaria;9317172;2024;2;1450380;2024-03-22;2071;3;3;90;39;9;0;0;57;1;9451,0;9451,0;9451,0;01.187.307/0001-06;DEZOITO COMUNICACAO LTDA;159455,52;9451,0;3635,85;150004,52;150004,52;0;0,0;0,0;0;5815,15;0,0;0;5527,39;0;287,76;0,0;0
4691;Portaria;9317172;2024;3;1450138;2024-11-22;2071;4;4;90;52;7;0;0;57;1;46884,0;46884,0;46884,0;12.477.490/0002-81;LIDER NOTEBOOKS COMERCIO E SERVICOS LTDA;46884,0;0,0;0,0;46884,0;0,0;0;46884,0;46321,39;0;0,0;0,0;0;0,0;0;562,61;0,0;0
4691;Portaria;9317172;2024;4;1450138;2024-11-28;2071;4;4;90;52;8;0;0;57;1;5768,0;5768,0;5768,0;21.641.059/0001-39;DISTRIBUIDORA PERES & ARAUJO LTDA - ME;5768,0;0,0;0,0;5768,0;0,0;0;5768,0;5698,78;0;0,0;0,0;0;0,0;0;69,22;0,0;0
4691;Portaria;9317172;2024;4;1450378;2024-04-09;2071;3;3;90;30;5;0;0;57;1;4620,0;4620,0;4620,0;52.042.924/0001-54;SABINO EMPREENDIMENTOS LTDA;4620,0;4620,0;4620,0;0,0;0,0;0;0,0;0,0;0;0,0;0,0;0;0,0;0;0,0;0,0;0
4691;Portaria;9317172;2024;5;1450138;2024-11-29;2071;4;4;90;52;7;0;0;57;1;10993,0;10993,0;10993,0;03.265.966/0001-49;POSITIVA DISTRIBUIDORA DE MATERIAIS E SERVICOS LTDA;10993,0;0,0;0,0;10993,0;0,0;0;10993,0;10993,0;0;0,0;0,0;0;0,0;0;0,0;0,0;0
4691;Portaria;9317172;2024;6;1450138;2024-11-29;2071;4;4;90;52;8;0;0;57;1;25855,0;25855,0;25855,0;21.641.059/0001-39;DISTRIBUIDORA PERES & ARAUJO LTDA - ME;25855,0;0,0;0,0;25855,0;0,0;0;25855,0;25544,74;0;0,0;0,0;0;0,0;0;310,26;0,0;0
4691;Portaria;9317172;2024;7;1450138;2024-11-29;2071;4;4;90;52;8;0;0;57;1;627,0;627,0;627,0;19.561.435/0001-33;AGENES S.DA SILVA SUPRIMENTOS DE INFORMATICA LTDA;627,0;0,0;0,0;627,0;0,0;0;627,0;627,0;0;0,0;0,0;0;0,0;0;0,0;0,0;0
4691;Portaria;9317172;2024;8;1450138;2024-11-29;2071;4;4;90;52;8;0;0;57;1;4814,5;4814,5;4814,5;03.265.966/0001-49;POSITIVA DISTRIBUIDORA DE MATERIAIS E SERVICOS LTDA;4814,5;0,0;0,0;4814,5;0,0;0;4814,5;4814,5;0;0,0;0,0;0;0,0;0;0,0;0,0;0
4691;Portaria;9317172;2024;9;1450138;2024-12-03;2071;4;4;90;30;15;0;0;57;1;180,0;180,0;180,0;19.561.435/0001-33;AGENES S.DA SILVA SUPRIMENTOS DE INFORMATICA LTDA;180,0;0,0;0,0;180,0;0,0;0;180,0;180,0;0;0,0;0,0;0;0,0;0;0,0;0,0;0
4691;Portaria;9317172;2024;9;1450380;2024-08-06;2071;3;3;90;39;9;0;0;57;1;203857,56;203857,56;203857,56;01.187.307/0001-06;DEZOITO COMUNICACAO LTDA;533879,31;5718,6;12,71;528160,71;330021,75;0;198138,96;196572,81;0;5705,89;0,0;0;5431,4;0;1840,64;0,0;0
4691;Portaria;9317172;2024;10;1450138;2024-12-03;2071;4;4;90;52;8;0;0;57;1;195522,81;195522,81;195522,81;34.354.190/0001-67;PUBLIC SHOP ELETRO ELETRONICOS EIRELI;195522,81;0,0;0,0;195522,81;0,0;0;195522,81;195522,81;0;0,0;0,0;0;0,0;0;0,0;0,0;0
4691;Portaria;9317172;2024;10;1450378;2024-05-16;2071;3;3;90;39;22;0;0;57;1;26294,37;26294,37;26294,37;45.270.563/0001-38;CONSULTORIA E CLIMATIZACAO LTDA;26294,37;26294,37;26294,37;0,0;0,0;0;0,0;0,0;0;0,0;0,0;0;0,0;0;0,0;0,0;0
4691;Portaria;9317172;2024;11;1450138;2024-12-04;2071;4;4;90;30;15;0;0;57;1;11132,29;11132,28;11132,28;34.354.190/0001-67;PUBLIC SHOP ELETRO ELETRONICOS EIRELI;11132,29;0,0;0,0;11132,3;0,0;0;11132,28;11132,28;0;0,0;0,0;0;0,0;0;0,0;0,0;0
4691;Portaria;9317172;2024;11;1450378;2024-05-16;2071;3;3;90;39;22;0;0;57;1;12056,79;12056,79;12056,79;18.747.803/0001-70;M O SERVICOS ESPECIALIZADOS DA CONSTRUCAO CIVIL LTDA - ME;12056,79;12056,79;12056,79;0,0;0,0;0;0,0;0,0;0;0,0;0,0;0;0,0;0;0,0;0,0;0
4691;Portaria;9317172;2024;16;1450378;2024-08-22;2071;3;3;90;39;22;0;0;57;1;9120,0;9120,0;9120,0;24.660.733/0001-10;E.G.F ARMARIOS PLANEJADOS LTDA;9120,0;9120,0;9120,0;0,0;0,0;0;0,0;0,0;0;0,0;0,0;0;0,0;0;0,0;0,0;0
4691;Portaria;9317172;2024;17;1450376;2024-06-14;2071;4;4;90;52;9;0;0;57;1;124000,0;124000,0;124000,0;48.447.897/0001-22;ALPHAMEDIC EQUIPAMENTOS INDUSTRIA E COMERCIO LTDA;124000,0;124000,0;124000,0;0,0;0,0;0;0,0;0,0;0;0,0;0,0;0;0,0;0;0,0;0,0;0
4691;Portaria;9317172;2024;26;1450376;2024-07-02;2071;4;4;90;52;7;0;0;57;1;58478,0;58478,0;58478,0;04.602.789/0001-01;DATEN TECNOLOGIA LTDA;58478,0;58478,0;58478,0;0,0;0,0;0;0,0;0,0;0;0,0;0,0;0;0,0;0;0,0;0,0;0
4691;Portaria;9317172;2024;27;1450376;2024-07-08;2071;4;4;90;52;7;0;0;57;1;23030,0;23030,0;23030,0;59.717.553/0006-17;GRUPO MULTILASER S.A.;23030,0;0,0;0,0;23030,0;0,0;0;23030,0;22753,64;0;0,0;0,0;0;0,0;0;276,36;0,0;0
4691;Portaria;9317172;2024;42;1450376;2024-08-14;2071;4;4;90;52;13;0;0;57;1;28400,0;28400,0;28400,0;02.885.591/0001-57;CENTURY COMERCIAL LTDA;28400,0;28400,0;28400,0;0,0;0,0;0;0,0;0,0;0;0,0;0,0;0;0,0;0;0,0;0,0;0
4691;Portaria;9317172;2024;43;1450376;2024-08-14;2071;4;4;90;52;13;0;0;57;1;45000,0;45000,0;45000,0;08.738.035/0001-34;MAXIMUS ESPORTES COMERCIO LTDA;45000,0;45000,0;45000,0;0,0;0,0;0;0,0;0,0;0;0,0;0,0;0;0,0;0;0,0;0,0;0
4691;Portaria;9317172;2024;44;1450376;2024-08-14;2071;4;4;90;52;13;0;0;57;1;1860,0;1860,0;1860,0;47.252.266/0001-95;ONELINE DISTRIBUIDORA E COMERCIO LTDA;1860,0;1860,0;1860,0;0,0;0,0;0;0,0;0,0;0;0,0;0,0;0;0,0;0;0,0;0,0;0
4691;Portaria;9317172;2024;45;1450376;2024-08-19;2071;4;4;90;52;13;0;0;57;1;1540,0;1540,0;1540,0;49.912.909/0001-05;START COMERCIO DE ARTIGOS ESPORTIVOS LTDA;1540,0;1540,0;1540,0;0,0;0,0;0;0,0;0,0;0;0,0;0,0;0;0,0;0;0,0;0,0;0
4691;Portaria;9317172;2024;54;1450378;2024-09-26;2071;3;3;90;39;22;0;0;57;1;2280,0;2280,0;2280,0;24.660.733/0001-10;E.G.F ARMARIOS PLANEJADOS LTDA;2280,0;2280,0;2280,0;0,0;0,0;0;0,0;0,0;0;0,0;0,0;0;0,0;0;0,0;0,0;0
4691;Portaria;9317172;2024;59;1450378;2024-10-31;2071;3;3;90;39;22;0;0;57;1;67699,0;67699,0;67699,0;17.331.294/0001-37;W M PORTAS EMPREENDIMENTOS EM MOVEIS PLANEJADOS LTDA - EPP;67699,0;0,0;0,0;67699,0;0,0;0;67699,0;67699,0;0;0,0;0,0;0;0,0;0;0,0;0,0;0
4691;Portaria;9317172;2024;70;1450376;2024-09-30;2071;4;4;90;52;14;0;0;57;1;6575,0;6575,0;6575,0;86.729.324/0002-61;MILANFLEX INDUSTRIA E COMERCIO DE MOVEIS E EQUIPAMENTOS LTDA;6575,0;6575,0;6575,0;0,0;0,0;0;0,0;0,0;0;0,0;0,0;0;0,0;0;0,0;0,0;0
4691;Portaria;9317172;2024;83;1450376;2024-11-12;2071;4;4;90;52;7;0;0;57;1;8354,0;8354,0;8354,0;04.602.789/0001-01;DATEN TECNOLOGIA LTDA;8354,0;0,0;0,0;8354,0;0,0;0;8354,0;8253,75;0;0,0;0,0;0;0,0;0;100,25;0,0;0
4691;Portaria;9317172;2024;164;1450378;2024-12-20;2071;3;3;90;39;4;0;0;57;1;25999,99;25999,99;25999,99;20.323.529/0001-53;ABADE & CAPELLI INDUSTRIA E COMERCIO DE MOVEIS LTDA - ME;25999,99;0,0;0,0;25999,99;0,0;0;25999,99;25688,0;0;0,0;0,0;0;0,0;0;311,99;0,0;0
4691;Portaria;9317172;2025;2;1450377;2025-03-19;2071;4;4;90;52;7;0;0;57;1;39070,0;39070,0;39070,0;12.477.490/0002-81;LIDER NOTEBOOKS COMERCIO E SERVICOS LTDA;39070,0;39070,0;39070,0;0,0;0,0;0;0,0;0,0;0;0,0;0,0;0;0,0;0;0,0;0,0;0
4691;Portaria;9317172;2025;4;1450380;2025-08-11;2071;3;3;90;39;9;0;0;57;1;37925,25;37925,25;37925,25;24.172.716/0001-34;FLD LTDA;38142,2;37925,25;37925,25;216,95;216,95;0;0,0;0,0;0;0,0;0,0;0;0,0;0;0,0;0,0;0
4691;Portaria;9317172;2025;7;1450138;2025-10-15;2071;4;4;90;52;8;0;0;57;1;2300,0;2300,0;2300,0;57.032.406/0001-73;FJF COMERCIO E SERVICO LTDA;2300,0;0,0;0,0;2300,0;0,0;0;2300,0;2300,0;0;0,0;0,0;0;0,0;0;0,0;0,0;0
4691;Portaria;9317172;2025;8;1450138;2025-10-15;2071;4;4;90;52;8;0;0;57;1;1875,86;1875,86;1875,86;24.608.949/0001-37;J & A E-COMMERCE LTDA;1875,86;1875,86;1875,86;0,0;0,0;0;0,0;0,0;0;0,0;0,0;0;0,0;0;0,0;0,0;0
4691;Portaria;9317172;2025;9;1450138;2025-10-15;2071;4;4;90;52;8;0;0;57;1;3885,0;3885,0;3885,0;43.431.371/0001-30;DLS COMERCIO LTDA;3885,0;3885,0;3885,0;0,0;0,0;0;0,0;0,0;0;0,0;0,0;0;0,0;0;0,0;0,0;0
4691;Portaria;9317172;2025;10;1450138;2025-10-15;2071;4;4;90;52;8;0;0;57;1;4900,0;4900,0;4900,0;21.641.059/0001-39;DISTRIBUIDORA PERES & ARAUJO LTDA - ME;4900,0;4900,0;0,0;0,0;0,0;0;0,0;0,0;0;4900,0;0,0;0;4841,2;0;58,8;0,0;0
4691;Portaria;9317172;2025;11;1450138;2025-10-15;2071;4;4;90;52;8;0;0;57;1;7046,0;7046,0;7046,0;36.996.487/0001-51;LOBO SOLUCOES EM LICITACOES E COMERCIO LTDA;7046,0;7046,0;7046,0;0,0;0,0;0;0,0;0,0;0;0,0;0,0;0;0,0;0;0,0;0,0;0
4691;Portaria;9317172;2025;12;1450138;2025-12-10;2071;4;4;90;52;7;0;0;57;1;12064,0;12064,0;12064,0;21.982.891/0002-80;4U DIGITAL COMERCIO E SERVICOS LTDA;12064,0;0,0;0,0;12064,0;0,0;0;12064,0;11919,23;0;0,0;0,0;0;0,0;0;144,77;0,0;0
4691;Portaria;9317172;2025;13;1450377;2025-08-19;2071;3;3;90;39;22;0;0;57;1;154881,72;154881,72;154881,72;28.397.051/0001-18;GALFI SERVICOS E LOCACOES LTDA;154881,72;101444,71;101444,71;53437,01;0,0;0;53437,01;53437,01;0;0,0;0,0;0;0,0;0;0,0;0,0;0
4691;Portaria;9317172;2025;51;1450378;2025-12-23;2071;4;4;90;52;14;0;0;57;1;41340,0;41340,0;41340,0;21.306.287/0001-52;TECNO 2000 INDUSTRIA E COMERCIO LTDA;41340,0;0,0;0,0;41340,0;0,0;0;41340,0;40843,92;0;0,0;0,0;0;0,0;0;496,08;0,0;0
4691;Portaria;9317172;2026;2;1450138;2026-04-13;2071;4;4;90;52;8;0;0;57;1;13100,0;13100,0;13100,0;38.179.851/0001-16;B2G COMERCIO DE PRODUTOS E EQUIPAMENTOS LIMITADA;13100,0;13100,0;13100,0;0,0;0,0;0;0,0;0,0;0;0,0;0,0;0;0,0;0;0,0;0,0;0
4691;Portaria;9317172;2026;2;1450380;2026-09-29;2071;3;3;90;39;9;0;0;57;1;263884,07;0,0;0,0;24.172.716/0001-34;FLD LTDA;263884,07;0,0;0,0;0,0;0,0;0;0,0;0,0;0;0,0;0,0;0;0,0;0;0,0;0,0;0
4691;Portaria;9317172;2026;3;1450138;2026-07-30;2071;4;4;90;52;7;0;0;57;1;16412,0;0,0;0,0;59.717.553/0006-17;GRUPO MULTILASER S.A.;16412,0;0,0;0,0;0,0;0,0;0;0,0;0,0;0;0,0;0,0;0;0,0;0;0,0;0,0;0
4691;Portaria;9317172;2026;4;1450138;2026-09-11;2071;4;4;90;52;7;0;0;57;1;160050,0;0,0;0,0;03.619.767/0005-15;TORINO INFORMATICA LTDA..;160050,0;0,0;0,0;0,0;0,0;0;0,0;0,0;0;0,0;0,0;0;0,0;0;0,0;0,0;0
4691;Portaria;9317172;2026;5;1450138;2026-09-14;2071;4;4;90;52;14;0;0;57;1;1800,0;0,0;0,0;65.149.197/0002-51;REPREMIG REPRESENTACAO E COMERCIO DE MINAS GERAIS LTDA;1800,0;0,0;0,0;0,0;0,0;0;0,0;0,0;0;0,0;0,0;0;0,0;0;0,0;0,0;0
4691;Portaria;9317172;2026;19;1450005;2026-07-29;2071;3;3;90;39;53;0;0;57;1;170000,0;170000,0;170000,0;09.014.155/0001-51;ALPHA INSTRUTORIA E TREINAMENTO LTDA - ME;170000,0;170000,0;170000,0;0,0;0,0;0;0,0;0,0;0;0,0;0,0;0;0,0;0;0,0;0,0;0
4691;Portaria;9317172;2026;24;1450376;2026-03-30;2071;3;3;90;39;98;0;0;57;1;661181,74;218115,34;218115,34;05.791.085/0001-97;TOPMED ASSISTENCIA A SAUDE LTDA;661181,74;218115,34;218115,34;0,0;0,0;0;0,0;0,0;0;0,0;0,0;0;0,0;0;0,0;0,0;0
4691;Portaria;9317172;2026;25;1450005;2026-09-01;2071;4;4;90;52;14;0;0;57;1;1800,0;0,0;0,0;65.149.197/0002-51;REPREMIG REPRESENTACAO E COMERCIO DE MINAS GERAIS LTDA;1800,0;0,0;0,0;0,0;0,0;0;0,0;0,0;0;0,0;0,0;0;0,0;0;0,0;0,0;0
4691;Portaria;9317172;2026;58;1450376;2026-05-25;2071;4;4;90;52;13;0;0;57;1;88930,2;88930,2;88930,2;42.418.039/0001-73;BRAVA SUL COMERCIO DE EQUIPAMENTOS DE ESCRITORIO LTDA;88930,2;88930,2;88930,2;0,0;0,0;0;0,0;0,0;0;0,0;0,0;0;0,0;0;0,0;0,0;0
4691;Portaria;9317172;2026;66;1450376;2026-06-22;2071;4;4;90;52;8;0;0;57;1;14797,41;14797,41;14797,41;65.149.197/0002-51;REPREMIG REPRESENTACAO E COMERCIO DE MINAS GERAIS LTDA;14797,41;14797,41;14797,41;0,0;0,0;0;0,0;0,0;0;0,0;0,0;0;0,0;0;0,0;0,0;0
4691;Portaria;9317172;2026;77;1450376;2026-08-13;2071;4;4;90;52;14;0;0;57;1;10336,8;0,0;0,0;04.443.182/0001-26;UFFICIO INDUSTRIA E COMERCIO DE MOVEIS LTDA;10336,8;0,0;0,0;0,0;0,0;0;0,0;0,0;0;0,0;0,0;0;0,0;0;0,0;0,0;0
4691;Portaria;9317172;2026;78;1450376;2026-08-13;2071;4;4;90;52;14;0;0;57;1;5181,0;0,0;0,0;37.059.533/0001-59;AMETTAL INDUSTRIA E COMERCIO DE MOVEIS LTDA;5181,0;0,0;0,0;0,0;0,0;0;0,0;0,0;0;0,0;0,0;0;0,0;0;0,0;0,0;0
4691;Portaria;9317172;2026;79;1450376;2026-08-14;2071;4;4;90;52;14;0;0;57;1;17850,0;0,0;0,0;03.098.864/0001-86;MARCELLI MOVEIS PARA ESCRITORIO E INFORMATICA LTDA -EPP;17850,0;0,0;0,0;0,0;0,0;0;0,0;0,0;0;0,0;0,0;0;0,0;0;0,0;0,0;0
4691;Portaria;9317172;2026;82;1450376;2026-08-14;2071;4;4;90;52;7;0;0;57;1;95247,82;95247,82;95247,82;04.602.789/0001-01;DATEN TECNOLOGIA LTDA;95247,82;95247,82;95247,82;0,0;0,0;0;0,0;0,0;0;0,0;0,0;0;0,0;0;0,0;0,0;0
4691;Portaria;9317172;2026;93;1450376;2026-09-14;2071;4;4;90;52;12;0;0;57;1;87240,0;0,0;0,0;20.819.329/0001-96;ALCANCE VIBE LTDA;87240,0;0,0;0,0;0,0;0,0;0;0,0;0,0;0;0,0;0,0;0;0,0;0;0,0;0,0;0
4691;Portaria;9317172;2026;94;1450376;2026-09-14;2071;4;4;90;52;4;0;0;57;1;62400,0;0,0;0,0;20.819.329/0001-96;ALCANCE VIBE LTDA;62400,0;0,0;0,0;0,0;0,0;0;0,0;0,0;0;0,0;0,0;0;0,0;0;0,0;0,0;0
4691;Portaria;9317172;2026;97;1450376;2026-09-16;2071;4;4;90;52;12;0;0;57;1;107700,0;0,0;0,0;11.319.557/0003-78;DENTECK LTDA;107700,0;0,0;0,0;0,0;0,0;0;0,0;0,0;0;0,0;0,0;0;0,0;0;0,0;0,0;0
4691;Portaria;9317170;2023;2;1450015;2023-03-24;2094;4;4;90;52;6;0;0;57;1;495000,0;495000,0;495000,0;07.259.712/0001-79;BERKANA TECNOLOGIA EM SEGURANCA LTDA;495000,0;495000,0;495000,0;0,0;0,0;0;0,0;0,0;0;0,0;0,0;0;0,0;0;0,0;0,0;0
4691;Portaria;9317170;2023;2;1450377;2023-05-03;2094;4;4;90;52;26;0;0;57;1;354860,0;354860,0;354860,0;15.453.449/0001-82;RESGATECNICA COMERCIO DE EQUIPAMENTOS DE RESGATE LTDA;354860,0;43390,0;43390,0;311470,0;0,0;0;311470,0;307732,36;0;0,0;0,0;0;0,0;0;3737,64;0,0;0
4691;Portaria;9317170;2023;3;1450015;2023-06-06;2094;4;4;90;52;7;0;0;57;1;626550,0;626550,0;626550,0;04.602.789/0001-01;DATEN TECNOLOGIA LTDA;626550,0;626550,0;626550,0;0,0;0,0;0;0,0;0,0;0;0,0;0,0;0;0,0;0;0,0;0,0;0
4691;Portaria;9317170;2023;5;1450377;2023-06-15;2094;3;3;90;30;25;0;0;57;1;1872000,0;1872000,0;1872000,0;05.734.043/0001-14;ITURRI S.A.;1872000,0;0,0;0,0;1872000,0;0,0;0;1872000,0;1872000,0;0;0,0;0,0;0;0,0;0;0,0;0,0;0
4691;Portaria;9317170;2023;6;1450378;2023-04-19;2094;3;3;91;39;53;0;0;57;1;68000,0;68000,0;68000,0;17.464.652/0001-80;FUNDACAO JOAO PINHEIRO;68000,0;68000,0;68000,0;0,0;0,0;0;0,0;0,0;0;0,0;0,0;0;0,0;0;0,0;0,0;0
4691;Portaria;9317170;2023;7;1450377;2023-09-20;2094;4;4;90;52;17;0;0;57;1;2159920,0;2159920,0;2159920,0;54.305.743/0011-70;HPE AUTOMOTORES DO BRASIL LTDA;2159920,0;0,0;0,0;2159920,0;0,0;0;2159920,0;2134000,96;0;0,0;0,0;0;0,0;0;25919,04;0,0;0
4691;Portaria;9317170;2023;8;1450015;2023-11-16;2094;3;3;90;30;15;0;0;57;1;42482,5;42482,5;42482,5;18.152.404/0001-66;MAQNETE COMERCIO E SERVICOS LTDA -ME;42482,5;28987,5;0,0;13495,0;0,0;0;13495,0;13333,06;0;28987,5;0,0;0;28639,65;0;509,79;0,0;0
4691;Portaria;9317170;2023;8;1450378;2023-04-26;2094;3;3;91;39;56;0;0;57;1;122000,0;122000,0;122000,0;17.464.652/0001-80;FUNDACAO JOAO PINHEIRO;122000,0;122000,0;122000,0;0,0;0,0;0;0,0;0,0;0;0,0;0,0;0;0,0;0;0,0;0,0;0
4691;Portaria;9317170;2023;9;1450377;2023-09-21;2094;4;4;90;52;17;0;0;57;1;1210000,0;1210000,0;1210000,0;17.161.241/0001-15;MINASMAQUINAS S/A;1210000,0;0,0;0,0;1210000,0;0,0;0;1210000,0;1193500,0;0;0,0;0,0;0;0,0;0;16500,0;0,0;0
4691;Portaria;9317170;2023;10;1450378;2023-05-25;2094;3;3;90;33;4;0;0;57;1;9290,43;9290,43;9290,43;14.807.420/0001-99;FACTO TURISMO  LTDA;9290,43;9290,43;9290,43;0,0;0,0;0;0,0;0,0;0;0,0;0,0;0;0,0;0;0,0;0,0;0
4691;Portaria;9317170;2023;11;1450377;2023-09-22;2094;4;4;90;52;26;0;0;57;1;610000,0;610000,0;610000,0;03.928.511/0001-66;S.O.S SUL RESGATE - COMERCIO E SERVICOS DE SEGURANCA E SINALIZACAO LTD;610000,0;0,0;0,0;610000,0;0,0;0;610000,0;602680,0;0;0,0;0,0;0;0,0;0;7320,0;0,0;0
4691;Portaria;9317170;2023;11;1450378;2023-05-26;2094;3;3;90;39;23;0;0;57;1;11286,0;11286,0;11286,0;07.132.995/0001-93;KEPLER VIAGENS, EVENTOS E TURISMO LTDA;11286,0;11286,0;11286,0;0,0;0,0;0;0,0;0,0;0;0,0;0,0;0;0,0;0;0,0;0,0;0
4691;Portaria;9317170;2023;13;1450377;2023-10-27;2094;3;3;90;30;25;0;0;57;1;226200,0;226200,0;226200,0;05.734.043/0001-14;ITURRI S.A.;226200,0;0,0;0,0;226200,0;0,0;0;226200,0;226200,0;0;0,0;0,0;0;0,0;0;0,0;0,0;0
4691;Portaria;9317170;2023;14;1450377;2023-10-30;2094;4;4;90;52;17;0;0;57;1;539980,0;539980,0;539980,0;54.305.743/0011-70;HPE AUTOMOTORES DO BRASIL LTDA;539980,0;0,0;0,0;539980,0;0,0;0;539980,0;533500,24;0;0,0;0,0;0;0,0;0;6479,76;0,0;0
4691;Portaria;9317170;2023;20;1450376;2023-04-05;2094;3;3;90;30;25;0;0;57;1;399849,0;399849,0;399849,0;57.494.031/0001-63;COMPANHIA BRASILEIRA DE CARTUCHOS;399849,0;399849,0;399849,0;0,0;0,0;0;0,0;0,0;0;0,0;0,0;0;0,0;0;0,0;0,0;0
4691;Portaria;9317170;2023;23;1450378;2023-09-01;2094;3;3;90;39;55;0;0;57;1;316234,28;316234,28;316234,28;26.871.302/0001-29;SENIOR VILLAGE SERVICO EIRELI;316234,28;316234,28;316234,28;0,0;0,0;0;0,0;0,0;0;0,0;0,0;0;0,0;0;0,0;0,0;0
4691;Portaria;9317170;2023;24;1450376;2023-05-12;2094;3;3;90;40;2;0;0;57;1;680685,3;680685,3;680685,3;05.757.597/0002-18;TECHBIZ FORENSE DIGITAL LTDA;680685,3;680685,3;680685,3;0,0;0,0;0;0,0;0,0;0;0,0;0,0;0;0,0;0;0,0;0,0;0
4691;Portaria;9317170;2023;43;1450376;2023-09-28;2094;3;3;90;40;2;0;0;57;1;244571,45;244571,45;244571,45;05.757.597/0002-18;TECHBIZ FORENSE DIGITAL LTDA;244571,45;244571,45;244571,45;0,0;0,0;0;0,0;0,0;0;0,0;0,0;0;0,0;0;0,0;0,0;0
4691;Portaria;9317170;2023;44;1450376;2023-09-28;2094;3;3;90;40;2;0;0;57;1;244571,45;244571,45;244571,45;05.757.597/0002-18;TECHBIZ FORENSE DIGITAL LTDA;244571,45;244571,45;244571,45;0,0;0,0;0;0,0;0,0;0;0,0;0,0;0;0,0;0;0,0;0,0;0
4691;Portaria;9317170;2023;51;1450376;2023-11-24;2094;3;3;90;40;2;0;0;57;1;23500,0;23500,0;23500,0;37.982.238/0001-70;VIA APPIA INFORMATICA LTDA;23500,0;23500,0;0,0;0,0;0,0;0;0,0;0,0;0;23500,0;0,0;0;23500,0;0;0,0;0,0;0
4691;Portaria;9317170;2023;52;1450376;2023-11-24;2094;3;3;90;40;2;0;0;57;1;74964,11;74964,11;74964,11;06.984.836/0001-54;INTELIGENCIA DE NEGOCIOS, SISTEMAS E INFORMATICA LTDA.;74964,11;74964,11;0,0;0,0;0,0;0;0,0;0,0;0;74964,11;0,0;0;71365,83;0;3598,28;0,0;0
4691;Portaria;9317170;2023;53;1450376;2023-12-07;2094;3;3;90;40;2;0;0;57;1;23500,0;23500,0;23500,0;37.982.238/0001-70;VIA APPIA INFORMATICA LTDA;23500,0;23500,0;0,0;0,0;0,0;0;0,0;0,0;0;23500,0;0,0;0;23218,0;0;282,0;0,0;0
4691;Portaria;9317170;2023;54;1450376;2023-12-07;2094;3;3;90;40;2;0;0;57;1;74964,11;74964,11;74964,11;06.984.836/0001-54;INTELIGENCIA DE NEGOCIOS, SISTEMAS E INFORMATICA LTDA.;74964,11;74964,11;0,0;0,0;0,0;0;0,0;0,0;0;74964,11;0,0;0;71365,83;0;3598,28;0,0;0
4691;Portaria;9317170;2023;55;1450376;2023-12-11;2094;4;4;90;52;17;0;0;57;1;3596985,41;3596985,41;3555428,45;16.701.716/0001-56;STELLANTIS AUTOMOVEIS BRASIL LTDA.;4040259,65;0,0;0,0;4483533,89;443274,24;0;3596985,41;3512763,31;0;41556,96;0,0;0;0,0;0;42665,14;0,0;0
4691;Portaria;9317170;2023;56;1450378;2023-11-23;2094;3;3;90;30;25;0;0;57;1;597727,68;597727,68;597727,68;30.092.431/0001-96;CONDOR S/A INDUSTRIA QUIMICA;597727,68;597727,68;597727,68;0,0;0,0;0;0,0;0,0;0;0,0;0,0;0;0,0;0;0,0;0,0;0
4691;Portaria;9317170;2023;57;1450378;2023-11-23;2094;3;3;90;30;25;0;0;57;1;402759,72;402759,72;402759,72;30.092.431/0001-96;CONDOR S/A INDUSTRIA QUIMICA;402759,72;402759,72;402759,72;0,0;0,0;0;0,0;0,0;0;0,0;0,0;0;0,0;0;0,0;0,0;0
4691;Portaria;9317170;2023;58;1450376;2023-12-13;2094;4;4;90;52;17;0;0;57;1;855000,0;855000,0;855000,0;13.426.763/0001-40;RIO DOCE COMERCIO DE VEICULOS LTDA;855000,0;0,0;0,0;855000,0;0,0;0;855000,0;844740,0;0;0,0;0,0;0;0,0;0;10260,0;0,0;0
4691;Portaria;9317170;2023;60;1450376;2023-12-20;2094;3;3;90;30;25;0;0;57;1;222460,0;222460,0;222460,0;57.494.031/0001-63;COMPANHIA BRASILEIRA DE CARTUCHOS;222460,0;0,0;0,0;222460,0;0,0;0;222460,0;219790,48;0;0,0;0,0;0;0,0;0;2669,52;0,0;0
4691;Portaria;9317170;2023;61;1450378;2023-11-24;2094;3;3;90;30;25;0;0;57;1;562437,0;562437,0;562437,0;71.919.328/0001-54;R J C DEFESA E AEROESPACIAL LTDA;562437,0;562437,0;0,0;0,0;0,0;0;0,0;0,0;0;562437,0;0,0;0;555687,76;0;6749,24;0,0;0
4691;Portaria;9317170;2023;64;1450378;2023-11-29;2094;4;4;90;52;17;0;0;57;1;2520000,0;2520000,0;2520000,0;04.743.359/0001-00;CARBEL PARIS VEICULOS LTDA;2520000,0;0,0;0,0;2520000,0;0,0;0;2520000,0;2489760,0;0;0,0;0,0;0;0,0;0;30240,0;0,0;0
4691;Portaria;9317170;2023;72;1450378;2023-12-05;2094;4;4;90;52;17;0;0;57;1;325899,0;325899,0;325899,0;12.661.958/0001-02;AMORIM E ALVES COMERCIO DE VEICULOS LTDA;325989,99;0,0;0,0;326080,98;90,99;0;325899,0;321988,22;0;0,0;0,0;0;0,0;0;3910,78;0,0;0
4691;Portaria;9317170;2023;82;1450378;2023-12-13;2094;4;4;90;52;17;0;0;57;1;741190,0;741190,0;741190,0;04.104.117/0007-61;NISSAN DO BRASIL AUTOMOVEIS LTDA;741190,0;0,0;0,0;741190,0;0,0;0;741190,0;732295,7;0;0,0;0,0;0;0,0;0;8894,3;0,0;0
4691;Portaria;9317170;2023;91;1450378;2023-12-19;2094;4;4;90;52;17;0;0;57;1;108633,0;108633,0;108633,0;12.661.958/0001-02;AMORIM E ALVES COMERCIO DE VEICULOS LTDA;108663,33;0,0;0,0;108693,66;30,33;0;108633,0;107329,41;0;0,0;0,0;0;0,0;0;1303,59;0,0;0
4691;Portaria;9317170;2023;107;1450378;2023-12-29;2094;4;4;90;52;17;0;0;57;1;1037666,0;1037666,0;1037666,0;04.104.117/0007-61;NISSAN DO BRASIL AUTOMOVEIS LTDA;1037666,0;0,0;0,0;1037666,0;0,0;0;1037666,0;1025213,98;0;0,0;0,0;0;0,0;0;12452,02;0,0;0
4691;Portaria;9317170;2024;1;1450009;2024-05-22;2071;4;4;90;52;17;0;0;57;1;308000,0;308000,0;308000,0;30.330.883/0001-69;CKS VEICULOS ESPECIAIS LTDA;308000,0;308000,0;308000,0;0,0;0,0;0;0,0;0,0;0;0,0;0,0;0;0,0;0;0,0;0,0;0
4691;Portaria;9317170;2024;6;1450378;2024-04-15;2071;4;4;90;52;17;0;0;57;1;148238,0;148238,0;148238,0;04.104.117/0007-61;NISSAN DO BRASIL AUTOMOVEIS LTDA;148238,0;148238,0;148238,0;0,0;0,0;0;0,0;0,0;0;0,0;0,0;0;0,0;0;0,0;0,0;0
4691;Portaria;9317170;2024;7;1450015;2024-04-11;2071;4;4;90;52;7;0;0;57;1;53550,0;53550,0;53550,0;59.717.553/0006-17;GRUPO MULTILASER S.A.;53550,0;53550,0;53550,0;0,0;0,0;0;0,0;0,0;0;0,0;0,0;0;0,0;0;0,0;0,0;0
4691;Portaria;9317170;2024;8;1450015;2024-04-22;2071;4;4;90;52;7;0;0;57;1;781400,0;781400,0;781400,0;12.477.490/0002-81;LIDER NOTEBOOKS COMERCIO E SERVICOS LTDA;781400,0;781400,0;781400,0;0,0;0,0;0;0,0;0,0;0;0,0;0,0;0;0,0;0;0,0;0,0;0
4691;Portaria;9317170;2024;9;1450015;2024-04-22;2071;4;4;90;52;7;0;0;57;1;118650,0;118650,0;118650,0;59.717.553/0006-17;GRUPO MULTILASER S.A.;118650,0;118650,0;0,0;0,0;0,0;0;0,0;0,0;0;118650,0;0,0;0;117226,2;0;1423,8;0,0;0
4691;Portaria;9317170;2024;11;1450009;2024-10-08;2071;3;3;90;36;31;0;0;57;1;736980,0;736980,0;736980,0;10.598.417/0001-51;OSMOSE CURSOS TECNICOS LTDA;736980,0;0,0;0,0;958074,0;0,0;0;736980,0;701604,96;0;0,0;0,0;0;0,0;0;35375,04;0,0;0
4691;Portaria;9317170;2024;12;1450009;2024-10-08;2071;3;3;90;36;31;0;0;57;1;198799,92;198799,92;198799,92;05.200.681/0001-55;CENTRO EDUCACIONAL  PAULA LTDA;198799,92;0,0;0,0;397599,84;0,0;0;198799,92;198799,92;0;0,0;0,0;0;0,0;0;0,0;0,0;0
4691;Portaria;9317170;2024;12;1450015;2024-05-06;2071;4;4;90;52;7;0;0;57;1;16000,0;16000,0;16000,0;17.359.233/0001-88;TECIDOS E ARMARINHOS MIGUEL BARTOLOMEU S/A;16000,0;16000,0;16000,0;0,0;0,0;0;0,0;0,0;0;0,0;0,0;0;0,0;0;0,0;0,0;0
4691;Portaria;9317170;2024;13;1450015;2024-05-06;2071;4;4;90;52;7;0;0;57;1;347538,6;347538,6;347538,6;07.275.920/0001-61;LENOVO TECNOLOGIA (BRASIL) LIMITADA;347538,6;347538,6;347538,6;0,0;0,0;0;0,0;0,0;0;0,0;0,0;0;0,0;0;0,0;0,0;0
4691;Portaria;9317170;2024;14;1450015;2024-05-08;2071;4;4;90;52;7;0;0;57;1;532892,52;532892,52;532892,52;07.275.920/0001-61;LENOVO TECNOLOGIA (BRASIL) LIMITADA;532892,52;532892,52;532892,52;0,0;0,0;0;0,0;0,0;0;0,0;0,0;0;0,0;0;0,0;0,0;0
4691;Portaria;9317170;2024;15;1450015;2024-05-10;2071;4;4;90;52;7;0;0;57;1;482416,62;482416,62;482416,62;65.149.197/0002-51;REPREMIG REPRESENTACAO E COMERCIO DE MINAS GERAIS LTDA;482416,62;0,0;0,0;482416,62;0,0;0;482416,62;476627,62;0;0,0;0,0;0;0,0;0;5789,0;0,0;0
4691;Portaria;9317170;2024;16;1450009;2024-10-09;2071;3;3;90;39;56;0;0;57;1;132680,0;132680,0;132680,0;16.950.128/0001-56;SER DESENVOLVIMENTO HUMANO E EMPRESARIAL LTDA;132680,0;39804,0;39804,0;92876,0;0,0;0;92876,0;92876,0;0;0,0;0,0;0;0,0;0;0,0;0,0;0
4691;Portaria;9317170;2024;16;1450015;2024-05-15;2071;3;3;90;30;16;0;0;57;1;11957,6;11957,6;11957,6;81.243.735/0033-25;POSITIVO TECNOLOGIA S.A.;11957,6;11957,6;11957,6;0,0;0,0;0;0,0;0,0;0;0,0;0,0;0;0,0;0;0,0;0,0;0
4691;Portaria;9317170;2024;21;1450009;2024-11-22;2071;4;4;90;52;17;0;0;57;1;90000,0;90000,0;90000,0;16.701.716/0001-56;STELLANTIS AUTOMOVEIS BRASIL LTDA.;90000,0;0,0;0,0;90000,0;0,0;0;90000,0;88920,0;0;0,0;0,0;0;0,0;0;1080,0;0,0;0
4691;Portaria;9317170;2024;22;1450015;2024-07-15;2071;4;4;90;52;7;0;0;57;1;482750,0;482750,0;482750,0;10.862.298/0004-45;CLICK TI TECNOLOGIA LTDA;482750,0;482750,0;0,0;0,0;0,0;0;0,0;0,0;0;482750,0;0,0;0;476957,0;0;5793,0;0,0;0
4691;Portaria;9317170;2024;25;1450015;2024-08-06;2071;4;4;90;52;9;0;0;57;1;10800,0;10800,0;10800,0;11.669.218/0001-50;CARAVAN EXPORTACAO & IMPORTACAO DO BRASIL LTDA;10800,0;10800,0;10800,0;0,0;0,0;0;0,0;0,0;0;0,0;0,0;0;0,0;0;0,0;0,0;0
4691;Portaria;9317170;2024;26;1450015;2024-08-23;2071;4;4;90;52;7;0;0;57;1;71190,0;71190,0;71190,0;59.717.553/0006-17;GRUPO MULTILASER S.A.;71190,0;0,0;0,0;71190,0;0,0;0;71190,0;70335,72;0;0,0;0,0;0;0,0;0;854,28;0,0;0
4691;Portaria;9317170;2024;31;1450015;2024-12-27;2071;4;4;90;52;8;0;0;57;1;55452,0;55452,0;55452,0;65.149.197/0002-51;REPREMIG REPRESENTACAO E COMERCIO DE MINAS GERAIS LTDA;55452,0;0,0;0,0;55452,0;0,0;0;55452,0;54786,58;0;0,0;0,0;0;0,0;0;665,42;0,0;0
4691;Portaria;9317170;2024;35;1450005;2024-05-16;2071;4;4;90;52;9;0;0;57;1;348030,0;348030,0;348030,0;07.791.107/0001-44;ELEC INDUSTRIA E COMERCIO DE EQUIPAMENTOS DE MEDICAO LTDA;348030,0;348030,0;348030,0;0,0;0,0;0;0,0;0,0;0;0,0;0,0;0;0,0;0;0,0;0,0;0
4691;Portaria;9317170;2025;1;1450138;2025-04-01;2071;4;4;90;52;7;0;0;57;1;68916,66;68916,66;68916,66;65.149.197/0002-51;REPREMIG REPRESENTACAO E COMERCIO DE MINAS GERAIS LTDA;68916,66;0,0;0,0;68916,66;0,0;0;68916,66;68089,66;0;0,0;0,0;0;0,0;0;827,0;0,0;0
4691;Portaria;9317170;2025;13;1450376;2025-04-23;2071;3;3;90;40;2;0;0;57;1;23500,0;23500,0;23500,0;37.982.238/0001-70;VIA APPIA INFORMATICA LTDA;23500,0;23500,0;23500,0;0,0;0,0;0;0,0;0,0;0;0,0;0,0;0;0,0;0;0,0;0,0;0
4691;Portaria;9317170;2025;14;1450376;2025-04-24;2071;3;3;90;40;2;0;0;57;1;48628,0;48628,0;48628,0;06.984.836/0001-54;INTELIGENCIA DE NEGOCIOS, SISTEMAS E INFORMATICA LTDA.;48628,0;48628,0;48628,0;0,0;0,0;0;0,0;0,0;0;0,0;0,0;0;0,0;0;0,0;0,0;0
4691;Portaria;9317170;2025;15;1450015;2025-12-29;2071;4;4;90;52;7;0;0;57;1;152392,0;152392,0;152392,0;78.126.950/0011-26;MICROSENS S/A;152392,0;0,0;0,0;152392,0;0,0;0;152392,0;150563,3;0;0,0;0,0;0;0,0;0;1828,7;0,0;0
4691;Portaria;9317170;2025;92;1450376;2025-11-18;2071;4;4;90;52;17;0;0;57;1;349774,38;349774,38;349774,38;59.104.760/0001-91;TOYOTA DO BRASIL LTDA;349774,38;0,0;0,0;349774,38;0,0;0;349774,38;345577,09;0;0,0;0,0;0;0,0;0;4197,29;0,0;0
4691;Portaria;9317170;2025;113;1450376;2025-12-30;2071;4;4;90;52;17;0;0;57;1;2697000,0;2697000,0;2697000,0;59.104.760/0001-91;TOYOTA DO BRASIL LTDA;2697000,0;0,0;0,0;2697000,0;0,0;0;2697000,0;2664636,0;0;0,0;0,0;0;0,0;0;32364,0;0,0;0
4691;Portaria;9317170;2025;116;1450376;2025-12-31;2071;3;3;90;39;21;0;0;57;1;29425,0;29425,0;29425,0;61.070.787/0001-52;LOGICRON SERVICOS LTDA;29425,0;0,0;0,0;29425,0;0,0;0;29425,0;28833,56;0;0,0;0,0;0;0,0;0;1182,88;591,44;0
4691;Portaria;9317170;2026;1;1450009;2026-04-01;2071;3;3;90;39;48;0;0;57;1;330069,44;247552,08;247552,08;01.894.432/0001-56;SOCIEDADE EDUCACIONAL LEONARDO DA VINCI LTDA;330069,44;247552,08;247552,08;0,0;0,0;0;0,0;0,0;0;0,0;0,0;0;0,0;0;0,0;0,0;0
4691;Portaria;9317170;2026;5;1450015;2026-03-30;2071;3;3;90;30;16;0;0;57;1;236545,22;236545,22;236545,22;07.953.689/0001-18;FAGUNDEZ DISTRIBUICAO LTDA;236545,22;236545,22;236545,22;0,0;0,0;0;0,0;0,0;0;0,0;0,0;0;0,0;0;0,0;0,0;0
4691;Portaria;9317170;2026;10;1450015;2026-07-24;2071;4;4;90;52;8;0;0;57;1;4931,04;4931,04;4931,04;11.090.831/0001-18;FOCO LICITACOES LTDA;4931,04;4931,04;4931,04;0,0;0,0;0;0,0;0,0;0;0,0;0,0;0;0,0;0;0,0;0,0;0
4691;Portaria;9317170;2026;14;1450015;2026-08-28;2071;3;3;90;30;16;0;0;57;1;407386,93;0,0;0,0;07.953.689/0001-18;FAGUNDEZ DISTRIBUICAO LTDA;407386,93;0,0;0,0;0,0;0,0;0;0,0;0,0;0;0,0;0,0;0;0,0;0;0,0;0,0;0
4691;Portaria;9317170;2026;74;1450376;2026-07-29;2071;4;4;90;52;17;0;0;57;1;211896,0;0,0;0,0;04.104.117/0007-61;NISSAN DO BRASIL AUTOMOVEIS LTDA;211896,0;0,0;0,0;0,0;0,0;0;0,0;0,0;0;0,0;0,0;0;0,0;0;0,0;0,0;0
4691;Portaria;9317170;2026;95;1450376;2026-09-15;2071;3;3;90;30;25;0;0;57;1;972830,0;0,0;0,0;57.494.031/0001-63;COMPANHIA BRASILEIRA DE CARTUCHOS;972830,0;0,0;0,0;0,0;0,0;0;0,0;0,0;0;0,0;0,0;0;0,0;0;0,0;0,0;0
4691;Portaria;9270127;2021;10;1450376;2021-05-27;2094;4;4;90;52;7;0;0;57;1;215840,89;215840,89;215840,89;37.982.238/0001-70;VIA APPIA INFORMATICA EIRELI;215840,89;215840,89;215840,89;0,0;0,0;0;0,0;0,0;0;0,0;0,0;0;0,0;0;0,0;0,0;0
4691;Portaria;9270127;2021;11;1450376;2021-05-28;2094;3;3;90;40;2;0;0;57;1;150359,96;150359,96;150359,96;05.757.597/0002-18;TECHBIZ FORENSE DIGITAL LTDA;150359,96;150359,96;150359,96;0,0;0,0;0;0,0;0,0;0;0,0;0,0;0;0,0;0;0,0;0,0;0
4691;Portaria;9270127;2021;12;1450376;2021-05-28;2094;3;3;90;40;2;0;0;57;1;150359,96;150359,96;150359,96;05.757.597/0002-18;TECHBIZ FORENSE DIGITAL LTDA;150359,96;150359,96;150359,96;0,0;0,0;0;0,0;0,0;0;0,0;0,0;0;0,0;0;0,0;0,0;0
4691;Portaria;9270127;2021;13;1450376;2021-05-28;2094;3;3;90;40;2;0;0;57;1;150359,96;150359,96;150359,96;05.757.597/0002-18;TECHBIZ FORENSE DIGITAL LTDA;150359,96;150359,96;150359,96;0,0;0,0;0;0,0;0,0;0;0,0;0,0;0;0,0;0;0,0;0,0;0
4691;Portaria;9270127;2021;27;1450376;2021-08-18;2094;4;4;90;52;6;0;0;57;1;33561,11;33561,11;33561,11;82.901.000/0001-27;INTELBRAS S.A. INDUSTRIA DE TELECOMUNICACAO ELETRONICA BRASILEIRA;33561,11;0,0;0,0;33561,11;0,0;0;33561,11;33561,11;0;0,0;0,0;0;0,0;0;0,0;0,0;0
4691;Portaria;9270127;2021;70;1450376;2021-12-29;2094;4;4;90;40;6;0;0;57;1;93000,0;0,0;0,0;37.982.238/0001-70;VIA APPIA INFORMATICA EIRELI;93000,0;0,0;0,0;0,0;0,0;0;0,0;0,0;0;0,0;0,0;0;0,0;0;0,0;0,0;0
4691;Portaria;9270127;2021;70;1450376;2021-12-29;2094;4;4;90;40;6;0;0;57;1;0,0;93000,0;93000,0;37.982.238/0001-70;VIA APPIA INFORMATICA LTDA;0,0;0,0;0,0;93000,0;0,0;0;93000,0;93000,0;0;0,0;0,0;0;0,0;0;0,0;0,0;0
4691;Portaria;9270127;2021;72;1450376;2021-12-30;2094;4;4;90;40;6;0;0;57;1;268000,0;268000,0;268000,0;06.984.836/0001-54;INTELIGENCIA DE NEGOCIOS, SISTEMAS E INFORMATICA LTDA.;268000,0;0,0;0,0;268000,0;0,0;0;268000,0;268000,0;0;0,0;0,0;0;0,0;0;0,0;0,0;0
4691;Portaria;9270127;2021;74;1450376;2021-12-30;2094;4;4;90;52;7;0;0;57;1;0,0;0,0;0,0;05.757.597/0002-18;TECHBIZ FORENSE DIGITAL LTDA;8343,5;0,0;0,0;8343,5;8343,5;0;0,0;0,0;0;0,0;0,0;0;0,0;0;0,0;0,0;0
4691;Portaria;9270127;2021;75;1450376;2021-12-30;2094;4;4;90;40;6;0;0;57;1;0,0;0,0;0,0;05.757.597/0002-18;TECHBIZ FORENSE DIGITAL LTDA;252360,68;0,0;0,0;252360,68;252360,68;0;0,0;0,0;0;0,0;0,0;0;0,0;0;0,0;0,0;0
4691;Portaria;9270127;2022;1;1450376;2022-02-22;2094;4;4;90;52;7;0;0;57;1;420000,0;420000,0;420000,0;12.477.490/0002-81;LIDER NOTEBOOKS COMERCIO E SERVICOS LTDA;420000,0;420000,0;420000,0;0,0;0,0;0;0,0;0,0;0;0,0;0,0;0;0,0;0;0,0;0,0;0
4691;Portaria;9270127;2022;1;1450378;2022-04-25;2094;4;4;90;52;3;0;0;57;1;64241,52;64241,52;64241,52;30.092.431/0001-96;CONDOR S/A INDUSTRIA QUIMICA;64241,52;64241,52;64241,52;0,0;0,0;0;0,0;0,0;0;0,0;0,0;0;0,0;0;0,0;0,0;0
4691;Portaria;9270127;2022;3;1450378;2022-04-27;2094;4;4;90;52;6;0;0;57;1;72750,0;72750,0;72750,0;10.652.730/0006-35;MOTOROLA SOLUTIONS LTDA;72750,0;72750,0;72750,0;0,0;0,0;0;0,0;0,0;0;0,0;0,0;0;0,0;0;0,0;0,0;0
4691;Portaria;9270127;2022;5;1450376;2022-03-17;2094;4;4;90;52;7;0;0;57;1;25030,5;25030,5;25030,5;05.757.597/0002-18;TECHBIZ FORENSE DIGITAL LTDA;25030,5;25030,5;25030,5;0,0;0,0;0;0,0;0,0;0;0,0;0,0;0;0,0;0;0,0;0,0;0
4691;Portaria;9270127;2022;6;1450376;2022-03-17;2094;4;4;90;40;6;0;0;57;1;565063,23;565063,23;565063,23;05.757.597/0002-18;TECHBIZ FORENSE DIGITAL LTDA;565063,23;565063,23;565063,23;0,0;0,0;0;0,0;0,0;0;0,0;0,0;0;0,0;0;0,0;0,0;0
4691;Portaria;9270127;2022;6;1450377;2022-08-03;2094;4;4;90;52;17;0;0;57;1;2569568,0;2569568,0;2569568,0;61.451.654/0001-26;ITURRI COIMPAR INDUSTRIA E COMERCIO DE EPI S LTDA;2569568,0;0,0;0,0;5139136,0;0,0;0;2569568,0;2538733,18;0;0,0;0,0;0;0,0;0;30834,82;0,0;0
4691;Portaria;9270127;2022;6;1450378;2022-06-14;2094;4;4;90;52;17;0;0;57;1;1287770,0;1287770,0;1287770,0;08.206.867/0001-00;ECS COMERCIO DE VEICULOS E EQUIPAMENTOS LTDA;1287770,0;1287770,0;1287770,0;0,0;0,0;0;0,0;0,0;0;0,0;0,0;0;0,0;0;0,0;0,0;0
4691;Portaria;9270127;2022;8;1450377;2022-08-25;2094;4;4;90;52;6;0;0;57;1;86200,0;86200,0;86200,0;10.652.730/0006-35;MOTOROLA SOLUTIONS LTDA;86200,0;0,0;0,0;86200,0;0,0;0;86200,0;0,0;0;86200,0;0,0;0;86200,0;0;0,0;0,0;0
4691;Portaria;9270127;2022;8;1450378;2022-07-01;2094;3;3;90;39;22;0;0;57;1;255283,18;255283,18;255283,18;27.362.580/0001-13;RECRIAR SERVICOS LTDA;259700,0;255283,18;255283,18;4416,82;4416,82;0;0,0;0,0;0;0,0;0,0;0;0,0;0;0,0;0,0;0
4691;Portaria;9270127;2022;10;1450377;2022-11-03;2094;4;4;90;52;26;0;0;57;1;251645,12;251645,12;251645,12;99.999.990/1117-64;MSA SAFETY SALES LLC;251645,12;0,0;0,0;503290,24;0,0;0;251645,12;251645,12;0;0,0;0,0;0;0,0;0;0,0;0,0;0
4691;Portaria;9270127;2022;12;1450378;2022-07-07;2094;3;3;90;39;22;0;0;57;1;827398,98;827398,98;827398,98;04.469.835/0001-46;TELECO ENGENHARIA LTDA -EPP;849000,0;778745,05;587894,84;70254,95;21601,02;0;48653,93;46318,55;0;190850,21;0,0;0;190850,21;0;2335,38;0,0;0
4691;Portaria;9270127;2022;14;1450376;2022-04-13;2094;4;4;90;52;6;0;0;57;1;56000,0;56000,0;56000,0;05.757.597/0002-18;TECHBIZ FORENSE DIGITAL LTDA;56000,0;56000,0;56000,0;0,0;0,0;0;0,0;0,0;0;0,0;0,0;0;0,0;0;0,0;0,0;0
4691;Portaria;9270127;2022;14;1450377;2022-12-31;2094;3;3;90;30;25;0;0;57;1;1261485,0;1261485,0;1261485,0;99.999.990/1115-00;HAIX SCHUHE PRODUKTIONS UND VERTRIEBS GMBH;1261485,0;0,0;0,0;2522970,0;0,0;0;1261485,0;1261485,0;0;0,0;0,0;0;0,0;0;0,0;0,0;0
4691;Portaria;9270127;2022;15;1450376;2022-04-20;2094;4;4;90;52;7;0;0;57;1;30998,88;30998,88;30998,88;22.416.068/0001-99;CMK AUTOMACAO COMERCIAL EIRELI;30998,88;30998,88;30998,88;0,0;0,0;0;0,0;0,0;0;0,0;0,0;0;0,0;0;0,0;0,0;0
4691;Portaria;9270127;2022;16;1450376;2022-04-27;2094;4;4;90;52;7;0;0;57;1;31578,0;31578,0;31578,0;10.793.812/0001-95;LS SERVICOS DE INFORMATICA E ELETRONICA LTDA;31578,0;31578,0;31578,0;0,0;0,0;0;0,0;0,0;0;0,0;0,0;0;0,0;0;0,0;0,0;0
4691;Portaria;9270127;2022;17;1450376;2022-05-04;2094;4;4;90;52;7;0;0;57;1;210000,0;210000,0;210000,0;12.477.490/0002-81;LIDER NOTEBOOKS COMERCIO E SERVICOS LTDA;210000,0;210000,0;210000,0;0,0;0,0;0;0,0;0,0;0;0,0;0,0;0;0,0;0;0,0;0,0;0
4691;Portaria;9270127;2022;19;1450378;2022-09-09;2094;3;3;90;30;25;0;0;57;1;583410,0;583410,0;583410,0;57.494.031/0001-63;COMPANHIA BRASILEIRA DE CARTUCHOS;583410,0;583410,0;583410,0;0,0;0,0;0;0,0;0,0;0;0,0;0,0;0;0,0;0;0,0;0,0;0
4691;Portaria;9270127;2022;20;1450378;2022-09-12;2094;4;4;90;52;3;0;0;57;1;990417,34;990417,34;990417,34;30.092.431/0001-96;CONDOR S/A INDUSTRIA QUIMICA;990417,34;990417,34;0,0;0,0;0,0;0;0,0;0,0;0;990417,34;0,0;0;990417,34;0;0,0;0,0;0
4691;Portaria;9270127;2022;21;1450378;2022-09-12;2094;3;3;90;30;25;0;0;57;1;532036,26;532036,26;532036,26;30.092.431/0001-96;CONDOR S/A INDUSTRIA QUIMICA;532036,26;532036,26;0,0;0,0;0,0;0;0,0;0,0;0;532036,26;0,0;0;532036,26;0;0,0;0,0;0
4691;Portaria;9270127;2022;22;1450378;2022-09-12;2094;3;3;90;30;25;0;0;57;1;141879,48;141879,48;141879,48;30.092.431/0001-96;CONDOR S/A INDUSTRIA QUIMICA;141879,48;141879,48;141879,48;0,0;0,0;0;0,0;0,0;0;0,0;0,0;0;0,0;0;0,0;0,0;0
4691;Portaria;9270127;2022;23;1450376;2022-05-20;2094;4;4;90;52;7;0;0;57;1;152250,0;152250,0;152250,0;12.477.490/0002-81;LIDER NOTEBOOKS COMERCIO E SERVICOS LTDA;152250,0;152250,0;152250,0;0,0;0,0;0;0,0;0,0;0;0,0;0,0;0;0,0;0;0,0;0,0;0
4691;Portaria;9270127;2022;24;1450376;2022-05-20;2094;4;4;90;52;7;0;0;57;1;14700,0;14700,0;14700,0;18.152.404/0001-66;MAQNETE COMERCIO E SERVICOS LTDA -ME;14700,0;14700,0;14700,0;0,0;0,0;0;0,0;0,0;0;0,0;0,0;0;0,0;0;0,0;0,0;0
4691;Portaria;9270127;2022;24;1450378;2022-10-28;2094;4;4;90;52;17;0;0;57;1;986000,0;986000,0;986000,0;03.093.776/0001-91;MANUPA COMERCIO, EXPORTACAO, IMPORTACAO DE EQUIPAMENTOS E VEICULOS ADA;986000,0;0,0;0,0;986000,0;0,0;0;986000,0;986000,0;0;0,0;0,0;0;0,0;0;0,0;0,0;0
4691;Portaria;9270127;2022;27;1450376;2022-06-09;2094;4;4;90;52;7;0;0;57;1;95922,0;95922,0;95922,0;28.584.157/0003-92;METDATA TECNOLOGIA DA INFORMACAO EIRELI;95922,0;95922,0;95922,0;0,0;0,0;0;0,0;0,0;0;0,0;0,0;0;0,0;0;0,0;0,0;0
4691;Portaria;9270127;2022;31;1450376;2022-06-15;2094;4;4;90;52;8;0;0;57;1;81604,55;81604,55;81604,55;01.590.728/0008-50;MICROTECNICA INFORMATICA LTDA;81604,55;81604,55;81604,55;0,0;0,0;0;0,0;0,0;0;0,0;0,0;0;0,0;0;0,0;0,0;0
4691;Portaria;9270127;2022;32;1450376;2022-06-15;2094;4;4;90;52;12;0;0;57;1;3180,0;3180,0;3180,0;40.305.811/0001-15;SIC LOGISTICA E DISTRIBUIDORA LTDA;3180,0;3180,0;3180,0;0,0;0,0;0;0,0;0,0;0;0,0;0,0;0;0,0;0;0,0;0,0;0
4691;Portaria;9270127;2022;33;1450376;2022-06-15;2094;4;4;90;52;14;0;0;57;1;3072,0;3072,0;3072,0;21.306.287/0001-52;TECNO 2000 INDUSTRIA E COMERCIO LTDA;3072,0;3072,0;3072,0;0,0;0,0;0;0,0;0,0;0;0,0;0,0;0;0,0;0;0,0;0,0;0
4691;Portaria;9270127;2022;34;1450376;2022-06-15;2094;4;4;90;52;14;0;0;57;1;1347,0;1347,0;1347,0;75.395.665/0001-40;INDUSTRIA E COMERCIO DE MOVEIS LACHI LTDA.;1347,0;1347,0;1347,0;0,0;0,0;0;0,0;0,0;0;0,0;0,0;0;0,0;0;0,0;0,0;0
4691;Portaria;9270127;2022;35;1450376;2022-06-15;2094;4;4;90;52;14;0;0;57;1;3480,0;3480,0;3480,0;08.221.047/0001-97;ACHEI INDUSTRIA DE MOVEIS LTDA;3480,0;3480,0;3480,0;0,0;0,0;0;0,0;0,0;0;0,0;0,0;0;0,0;0;0,0;0,0;0
4691;Portaria;9270127;2022;36;1450376;2022-06-20;2094;4;4;90;52;26;0;0;57;1;142238,04;142238,04;142238,04;11.876.321/0001-70;COFRES DE ACO COMERCIO LTDA -ME;142238,04;142238,04;142238,04;0,0;0,0;0;0,0;0,0;0;0,0;0,0;0;0,0;0;0,0;0,0;0
4691;Portaria;9270127;2022;42;1450378;2022-12-30;2094;4;4;90;52;17;0;0;57;1;868200,0;868200,0;868200,0;12.674.914/0001-17;BERTIOGA VEICULOS E SERVICOS LTDA;868200,0;0,0;0,0;868200,0;0,0;0;868200,0;868200,0;0;0,0;0,0;0;0,0;0;0,0;0,0;0
4691;Portaria;9270127;2022;46;1450376;2022-07-01;2094;4;4;90;52;14;0;0;57;1;46400,0;46400,0;46400,0;02.604.236/0001-62;LAYOUT MOVEIS PARA ESCRITORIO LTDA;46400,0;46400,0;46400,0;0,0;0,0;0;0,0;0,0;0;0,0;0,0;0;0,0;0;0,0;0,0;0
4691;Portaria;9270127;2022;48;1450376;2022-07-01;2094;4;4;90;52;14;0;0;57;1;145174,0;145174,0;145174,0;35.173.456/0001-38;MFSUL COMERCIO DE MOVEIS CORPORATIVOS E ESCOLARES LTDA;145174,0;145174,0;145174,0;0,0;0,0;0;0,0;0,0;0;0,0;0,0;0;0,0;0;0,0;0,0;0
4691;Portaria;9270127;2022;50;1450376;2022-07-06;2094;3;3;90;39;22;0;0;57;1;171918,95;171918,95;171918,95;28.962.123/0001-22;L&R COMERCIO VAREJISTA E SERVICOS LTDA;181483,8;16876,96;16876,96;174171,69;9564,85;0;155041,99;131985,22;0;0,0;0,0;0;0,0;0;28022,84;4966,07;0
4691;Portaria;9270127;2022;51;1450376;2022-07-06;2094;3;3;90;39;22;0;0;57;1;231756,23;231756,23;231756,23;13.050.599/0001-10;A & R COMERCIO E SERVICOS LTDA;231756,23;0,0;0,0;319875,94;0,0;0;231756,23;216620,37;0;0,0;0,0;0;0,0;0;17759,71;2623,85;0
4691;Portaria;9270127;2022;56;1450376;2022-07-11;2094;4;4;90;52;14;0;0;57;1;21750,0;21750,0;21750,0;02.604.236/0001-62;LAYOUT MOVEIS PARA ESCRITORIO LTDA;21750,0;21750,0;21750,0;0,0;0,0;0;0,0;0,0;0;0,0;0,0;0;0,0;0;0,0;0,0;0
4691;Portaria;9270127;2022;58;1450376;2022-07-20;2094;4;4;90;52;25;0;0;57;1;70500,0;70500,0;70500,0;17.417.928/0001-79;VENTISOL DA AMAZONIA INDUSTRIA DE APARELHOS ELETRICOS LTDA;70500,0;70500,0;70500,0;0,0;0,0;0;0,0;0,0;0;0,0;0,0;0;0,0;0;0,0;0,0;0
4691;Portaria;9270127;2022;66;1450376;2022-08-02;2094;3;3;90;39;22;0;0;57;1;0,0;16668,23;16668,23;16.826.643/0001-29;TESLA INSTALACOES ELETRICAS LTDA;0,0;0,0;0,0;16668,23;0,0;0;16668,23;15626,44;0;0,0;0,0;0;0,0;0;1041,79;0,0;0
4691;Portaria;9270127;2022;66;1450376;2022-08-02;2094;3;3;90;39;22;0;0;57;1;16668,23;0,0;0,0;16.826.643/0001-29;TESLA INSTALACOES ELETRICAS LTDA - EPP;16668,23;0,0;0,0;0,0;0,0;0;0,0;0,0;0;0,0;0,0;0;0,0;0;0,0;0,0;0
4691;Portaria;9270127;2022;69;1450376;2022-08-03;2094;4;4;90;52;7;0;0;57;1;79750,0;79750,0;79750,0;65.149.197/0002-51;REPREMIG REPRESENTACAO E COMERCIO DE MINAS GERAIS LTDA;79750,0;79750,0;79750,0;0,0;0,0;0;0,0;0,0;0;0,0;0,0;0;0,0;0;0,0;0,0;0
4691;Portaria;9270127;2022;70;1450376;2022-08-03;2094;4;4;90;40;6;0;0;57;1;45104,62;45104,62;45104,62;05.757.597/0002-18;TECHBIZ FORENSE DIGITAL LTDA;45104,62;45104,62;45104,62;0,0;0,0;0;0,0;0,0;0;0,0;0,0;0;0,0;0;0,0;0,0;0
4691;Portaria;9270127;2022;74;1450376;2022-08-25;2094;3;3;90;39;22;0;0;57;1;0,0;0,0;0,0;27.846.891/0001-58;VIVAL CONSTRUCOES E SERVICOS LTDA;281488,95;0,0;0,0;281488,95;281488,95;0;0,0;0,0;0;0,0;0,0;0;0,0;0;0,0;0,0;0
4691;Portaria;9270127;2022;77;1450376;2022-09-28;2094;4;4;90;52;8;0;0;57;1;6203,97;6203,97;6203,97;42.981.902/0001-04;SUPREMA HIDROELETRICA LTDA - EPP;6203,97;6203,97;6203,97;0,0;0,0;0;0,0;0,0;0;0,0;0,0;0;0,0;0;0,0;0,0;0
4691;Portaria;9270127;2022;78;1450376;2022-09-28;2094;4;4;90;52;7;0;0;57;1;16455,76;16455,76;16455,76;07.820.223/0001-44;MARCELO LUIZ CLEMENTE BRANDAO -ME;16455,76;16455,76;16455,76;0,0;0,0;0;0,0;0,0;0;0,0;0,0;0;0,0;0;0,0;0,0;0
4691;Portaria;9270127;2022;80;1450376;2022-10-06;2094;4;4;90;52;6;0;0;57;1;5385,88;5385,88;5385,88;45.482.206/0001-33;45.482.206 ERASMO DE SOUZA BRAGA;5385,88;5385,88;5385,88;0,0;0,0;0;0,0;0,0;0;0,0;0,0;0;0,0;0;0,0;0,0;0
4691;Portaria;9270127;2022;82;1450376;2022-10-14;2094;4;4;90;52;7;0;0;57;1;28670,27;28670,27;28670,27;14.623.593/0002-38;CH TECNOLOGIA DA INFORMACAO EIRELI - ME;28670,27;28670,27;28670,27;0,0;0,0;0;0,0;0,0;0;0,0;0,0;0;0,0;0;0,0;0,0;0
4691;Portaria;9270127;2022;85;1450376;2022-10-17;2094;4;4;90;52;12;0;0;57;1;17033,0;17033,0;17033,0;71.402.192/0001-00;ELETROELETRONICOS INCONFIDENTES EIRELI;17033,0;17033,0;17033,0;0,0;0,0;0;0,0;0,0;0;0,0;0,0;0;0,0;0;0,0;0,0;0
4691;Portaria;9270127;2022;89;1450376;2022-10-21;2094;4;4;90;52;7;0;0;57;1;58200,0;58200,0;58200,0;12.477.490/0002-81;LIDER NOTEBOOKS COMERCIO E SERVICOS LTDA;58200,0;58200,0;0,0;0,0;0,0;0;0,0;0,0;0;58200,0;0,0;0;58200,0;0;0,0;0,0;0
4691;Portaria;9270127;2022;90;1450376;2022-10-21;2094;4;4;90;52;7;0;0;57;1;5400,0;5400,0;5400,0;12.477.490/0002-81;LIDER NOTEBOOKS COMERCIO E SERVICOS LTDA;5400,0;5400,0;0,0;0,0;0,0;0;0,0;0,0;0;5400,0;0,0;0;5400,0;0;0,0;0,0;0
4691;Portaria;9270127;2022;91;1450376;2022-10-24;2094;4;4;90;52;14;0;0;57;1;7500,0;7500,0;7500,0;02.604.236/0001-62;LAYOUT MOVEIS PARA ESCRITORIO LTDA;7500,0;7500,0;0,0;0,0;0,0;0;0,0;0,0;0;7500,0;0,0;0;7500,0;0;0,0;0,0;0
4691;Portaria;9270127;2022;92;1450376;2022-10-24;2094;4;4;90;52;14;0;0;57;1;16000,0;16000,0;16000,0;02.604.236/0001-62;LAYOUT MOVEIS PARA ESCRITORIO LTDA;16000,0;16000,0;0,0;0,0;0,0;0;0,0;0,0;0;16000,0;0,0;0;16000,0;0;0,0;0,0;0
4691;Portaria;9270127;2022;103;1450376;2022-10-28;2094;4;4;90;52;7;0;0;57;1;43845,1;43845,1;43845,1;12.680.125/0001-99;ELLOS INDUSTRIA E COMERCIO DE MOVEIS LTDA;43845,1;0,0;0,0;43845,1;0,0;0;43845,1;43845,1;0;0,0;0,0;0;0,0;0;0,0;0,0;0
4691;Portaria;9270127;2022;105;1450376;2022-11-10;2094;4;4;90;52;4;0;0;57;1;19600,0;19600,0;19600,0;08.194.579/0001-82;LEANDRO LUIZ LEAL SILVA -EPP;19600,0;19600,0;0,0;0,0;0,0;0;0,0;0,0;0;19600,0;0,0;0;19600,0;0;0,0;0,0;0
4691;Portaria;9270127;2022;106;1450376;2022-11-17;2094;4;4;90;52;26;0;0;57;1;49047,6;49047,6;49047,6;11.876.321/0001-70;COFRES DE ACO COMERCIO LTDA -ME;49047,6;0,0;0,0;49047,6;0,0;0;49047,6;49047,6;0;0,0;0,0;0;0,0;0;0,0;0,0;0
4691;Portaria;9270127;2022;107;1450376;2022-11-18;2094;4;4;90;52;14;0;0;57;1;54684,0;54684,0;0,0;35.173.456/0001-38;MFSUL COMERCIO DE MOVEIS CORPORATIVOS E ESCOLARES LTDA;54684,0;54684,0;0,0;0,0;0,0;0;0,0;0,0;0;0,0;0,0;0;0,0;0;0,0;0,0;0
4691;Portaria;9270127;2022;107;1450376;2022-11-18;2094;4;4;90;52;14;0;0;57;1;0,0;0,0;54684,0;35.173.456/0001-38;MFSUL INDUSTRIA DE MOVEIS LTDA;0,0;0,0;0,0;0,0;0,0;0;0,0;0,0;0;54684,0;0,0;0;54684,0;0;0,0;0,0;0
4691;Portaria;9270127;2022;110;1450376;2022-11-23;2094;4;4;90;52;8;0;0;57;1;28139,5;28139,5;28139,5;01.590.728/0008-50;MICROTECNICA INFORMATICA LTDA;28139,5;0,0;0,0;28139,5;0,0;0;28139,5;28139,5;0;0,0;0,0;0;0,0;0;0,0;0,0;0
4691;Portaria;9270127;2022;114;1450376;2022-12-13;2094;4;4;90;52;8;0;0;57;1;25850,5;25850,5;25850,5;65.149.197/0002-51;REPREMIG REPRESENTACAO E COMERCIO DE MINAS GERAIS LTDA;25850,5;25850,5;0,0;0,0;0,0;0;0,0;0,0;0;25850,5;0,0;0;25850,5;0;0,0;0,0;0
4691;Portaria;9270127;2023;1;1450378;2023-03-03;2094;3;3;90;39;26;0;0;57;1;182,25;182,25;182,25;29.979.036/0001-40;INSTITUTO NACIONAL DO SEGURO SOCIAL;182,25;182,25;182,25;0,0;0,0;0;0,0;0,0;0;0,0;0,0;0;0,0;0;0,0;0,0;0
4691;Portaria;9270127;2023;2;1450376;2023-03-01;2094;4;4;90;52;7;0;0;57;1;972,79;972,79;972,79;07.820.223/0001-44;MARCELO LUIZ CLEMENTE BRANDAO -ME;972,79;972,79;972,79;0,0;0,0;0;0,0;0,0;0;0,0;0,0;0;0,0;0;0,0;0,0;0
4691;Portaria;9270127;2023;2;1450378;2023-03-03;2094;3;3;90;39;22;0;0;57;1;55873,18;55873,18;55873,18;38.288.855/0001-32;ENJID SOLUCOES EM ENGENHARIA LTDA;60900,0;55873,18;55873,18;5026,82;5026,82;0;0,0;0,0;0;0,0;0,0;0;0,0;0;0,0;0,0;0
4691;Portaria;9270127;2023;3;1450377;2023-05-11;2094;4;4;90;52;26;0;0;57;1;12000,0;12000,0;12000,0;15.453.449/0001-82;RESGATECNICA COMERCIO DE EQUIPAMENTOS DE RESGATE LTDA;12000,0;12000,0;12000,0;0,0;0,0;0;0,0;0,0;0;0,0;0,0;0;0,0;0;0,0;0,0;0
4691;Portaria;9270127;2023;4;1450376;2023-03-01;2094;4;4;90;52;8;0;0;57;1;46400,0;46400,0;46400,0;12.934.928/0001-22;BETA LTDA;46400,0;46400,0;46400,0;0,0;0,0;0;0,0;0,0;0;0,0;0,0;0;0,0;0;0,0;0,0;0
4691;Portaria;9270127;2023;9;1450376;2023-03-02;2094;4;4;90;52;6;0;0;57;1;103571,18;103571,18;103571,18;01.115.345/0001-53;MULTIREDE DISTRIBUIDORA LTDA;103571,18;103571,18;103571,18;0,0;0,0;0;0,0;0,0;0;0,0;0,0;0;0,0;0;0,0;0,0;0
4691;Portaria;9270127;2023;10;1450015;2023-11-22;2094;4;4;90;52;17;0;0;57;1;136500,0;136500,0;136500,0;01.654.749/0001-15;STRADA VEICULOS E PECAS LTDA;136500,0;0,0;0,0;136500,0;0,0;0;136500,0;134862,0;0;0,0;0,0;0;0,0;0;1638,0;0,0;0
4691;Portaria;9270127;2023;10;1450377;2023-09-22;2094;4;4;90;52;10;0;0;57;1;16107,5;16107,5;16107,5;27.209.293/0001-78;D E M - MAQUINAS, IMPLEMENTOS E SERVICOS LTDA;16107,5;16107,5;0,0;0,0;0,0;0;0,0;0,0;0;16107,5;0,0;0;16107,5;0;0,0;0,0;0
4691;Portaria;9270127;2023;11;1450015;2023-11-22;2094;4;4;90;52;17;0;0;57;1;210200,0;210200,0;210200,0;17.171.612/0007-35;CARBEL S/A;210200,0;0,0;0,0;210200,0;0,0;0;210200,0;207677,6;0;0,0;0,0;0;0,0;0;2522,4;0,0;0
4691;Portaria;9270127;2023;20;1450377;2023-12-19;2094;4;4;90;52;26;0;0;57;1;212500,0;212500,0;212500,0;03.928.511/0001-66;S.O.S SUL RESGATE - COMERCIO E SERVICOS DE SEGURANCA E SINALIZACAO LTD;212500,0;0,0;0,0;212500,0;0,0;0;212500,0;209950,0;0;0,0;0,0;0;0,0;0;2550,0;0,0;0
4691;Portaria;9270127;2023;24;1450378;2023-09-18;2094;4;4;90;52;6;0;0;57;1;42750,0;42750,0;42750,0;10.652.730/0006-35;MOTOROLA SOLUTIONS LTDA;42750,0;0,0;0,0;42750,0;0,0;0;42750,0;42237,0;0;0,0;0,0;0;0,0;0;513,0;0,0;0
4691;Portaria;9270127;2023;25;1450376;2023-05-22;2094;3;3;90;39;26;0;0;57;1;1146,66;1146,66;1146,66;29.979.036/0001-40;INSTITUTO NACIONAL DO SEGURO SOCIAL;1146,66;1146,66;1146,66;0,0;0,0;0;0,0;0,0;0;0,0;0,0;0;0,0;0;0,0;0,0;0
4691;Portaria;9270127;2023;26;1450377;2023-12-21;2094;4;4;90;52;26;0;0;57;1;132500,0;132500,0;132500,0;03.928.511/0001-66;S.O.S SUL RESGATE - COMERCIO E SERVICOS DE SEGURANCA E SINALIZACAO LTD;132500,0;0,0;0,0;132500,0;0,0;0;132500,0;130910,0;0;0,0;0,0;0;0,0;0;1590,0;0,0;0
4691;Portaria;9270127;2023;30;1450377;2023-12-22;2094;3;3;90;30;25;0;0;57;1;148200,0;148200,0;148200,0;05.734.043/0001-14;ITURRI S.A.;148200,0;0,0;0,0;148200,0;0,0;0;148200,0;148200,0;0;0,0;0,0;0;0,0;0;0,0;0,0;0
4691;Portaria;9270127;2023;35;1450376;2023-08-21;2094;3;3;90;39;22;0;0;57;1;25765,63;25765,63;25765,63;16.826.643/0001-29;TESLA INSTALACOES ELETRICAS LTDA;25765,63;25765,63;9893,1;0,0;0,0;0;0,0;0,0;0;15872,53;0,0;0;15872,53;0;0,0;0,0;0
4691;Portaria;9270127;2023;50;1450376;2023-11-24;2094;4;4;90;52;7;0;0;57;1;120220,0;120220,0;120220,0;08.195.271/0001-51;FOCOS COMERCIAL LTDA;120220,0;0,0;0,0;120220,0;0,0;0;120220,0;120220,0;0;0,0;0,0;0;0,0;0;0,0;0,0;0
4691;Portaria;9270127;2023;55;1450378;2023-11-23;2094;3;3;90;30;25;0;0;57;1;156470,38;156470,38;156470,38;30.092.431/0001-96;CONDOR S/A INDUSTRIA QUIMICA;156470,38;156470,38;156470,38;0,0;0,0;0;0,0;0,0;0;0,0;0,0;0;0,0;0;0,0;0,0;0
4691;Portaria;9270127;2023;61;1450376;2023-12-21;2094;4;4;90;52;7;0;0;57;1;9870,0;9870,0;9870,0;59.717.553/0006-17;GRUPO MULTILASER S.A.;9870,0;0,0;0,0;9870,0;0,0;0;9870,0;9751,56;0;0,0;0,0;0;0,0;0;118,44;0,0;0
4691;Portaria;9270127;2023;62;1450376;2023-12-21;2094;4;4;90;52;7;0;0;57;1;66832,0;66832,0;66832,0;04.602.789/0001-01;DATEN TECNOLOGIA LTDA;66832,0;0,0;0,0;66832,0;0,0;0;66832,0;66030,02;0;0,0;0,0;0;0,0;0;801,98;0,0;0
4691;Portaria;9270127;2023;63;1450376;2023-12-21;2094;3;3;90;39;22;0;0;57;1;78724,82;78724,82;78724,82;16.826.643/0001-29;TESLA INSTALACOES ELETRICAS LTDA;78724,82;78724,82;4329,86;0,0;0,0;0;0,0;0,0;0;74394,96;0,0;0;74394,96;0;0,0;0,0;0
4691;Portaria;9270127;2023;64;1450376;2023-12-21;2094;4;4;90;52;7;0;0;57;1;34753,86;34753,86;34753,86;07.275.920/0001-61;LENOVO TECNOLOGIA (BRASIL) LIMITADA;34753,86;0,0;0,0;34753,86;0,0;0;34753,86;34336,81;0;0,0;0,0;0;0,0;0;417,05;0,0;0
4691;Portaria;9270127;2024;3;1450015;2024-04-01;2071;3;3;90;30;15;0;0;57;1;3745,0;3745,0;3745,0;08.164.723/0001-38;MTV.NET INFORMATICA E ELETRONICA LTDA;3745,0;3745,0;3745,0;0,0;0,0;0;0,0;0,0;0;0,0;0,0;0;0,0;0;0,0;0,0;0
4691;Portaria;9270127;2024;4;1450015;2024-04-01;2071;3;3;90;30;16;0;0;57;1;13248,0;13248,0;13248,0;18.152.404/0001-66;MAQNETE COMERCIO E SERVICOS LTDA -ME;13248,0;13248,0;13248,0;0,0;0,0;0;0,0;0,0;0;0,0;0,0;0;0,0;0;0,0;0,0;0
4691;Portaria;9270127;2024;5;1450015;2024-04-01;2071;3;3;90;30;16;0;0;57;1;3522,05;3522,05;3522,05;08.164.723/0001-38;MTV.NET INFORMATICA E ELETRONICA LTDA;3522,05;3522,05;3522,05;0,0;0,0;0;0,0;0,0;0;0,0;0,0;0;0,0;0;0,0;0,0;0
4691;Portaria;9270127;2024;6;1450015;2024-04-01;2071;3;3;90;30;15;0;0;57;1;126583,1;126583,1;126583,1;18.152.404/0001-66;MAQNETE COMERCIO E SERVICOS LTDA -ME;126583,1;126583,1;126583,1;0,0;0,0;0;0,0;0,0;0;0,0;0,0;0;0,0;0;0,0;0,0;0
4691;Portaria;9270127;2024;11;1450376;2024-05-21;2071;3;3;90;39;22;0;0;57;1;14513,03;14513,03;14513,03;16.826.643/0001-29;TESLA INSTALACOES ELETRICAS LTDA;14513,03;14513,03;14513,03;0,0;0,0;0;0,0;0,0;0;0,0;0,0;0;0,0;0;0,0;0,0;0
4691;Portaria;9270127;2024;16;1450376;2024-06-03;2071;3;3;90;39;22;0;0;57;1;56941,76;56941,76;56941,76;13.050.599/0001-10;A & R COMERCIO E SERVICOS LTDA;56941,76;4692,93;4692,93;52248,83;0,0;0;52248,83;48748,15;0;0,0;0,0;0;0,0;0;3500,68;0,0;0
4691;Portaria;9270127;2024;22;1450376;2024-06-28;2071;4;4;90;52;25;0;0;57;1;4380,0;4380,0;4380,0;31.588.978/0001-40;GLOBO COMERCIO DE INFORMATICA LTDA;4380,0;4380,0;4380,0;0,0;0,0;0;0,0;0,0;0;0,0;0,0;0;0,0;0;0,0;0,0;0
4691;Portaria;9270127;2024;23;1450376;2024-06-28;2071;4;4;90;52;12;0;0;57;1;1638,0;1638,0;1638,0;27.748.454/0001-00;ATIVA LICITACOES EMPREENDIMENTOS COMERCIAIS LTDA;1638,0;1638,0;1638,0;0,0;0,0;0;0,0;0,0;0;0,0;0,0;0;0,0;0;0,0;0,0;0
4691;Portaria;9270127;2024;24;1450376;2024-06-28;2071;4;4;90;52;25;0;0;57;1;2920,0;2920,0;2920,0;07.214.878/0001-79;RAFTECO COMERCIO DE MATERIAL DE INFORMATICA LTDA - ME;2920,0;2920,0;2920,0;0,0;0,0;0;0,0;0,0;0;0,0;0,0;0;0,0;0;0,0;0,0;0
4691;Portaria;9270127;2024;25;1450376;2024-06-28;2071;4;4;90;52;8;0;0;57;1;5802,0;5802,0;5802,0;65.149.197/0002-51;REPREMIG REPRESENTACAO E COMERCIO DE MINAS GERAIS LTDA;5802,0;5802,0;5802,0;0,0;0,0;0;0,0;0,0;0;0,0;0,0;0;0,0;0;0,0;0,0;0
4691;Portaria;9270127;2024;29;1450376;2024-07-12;2071;4;4;90;52;7;0;0;57;1;131689,0;131689,0;131689,0;01.181.242/0008-68;COMPWIRE INFORMATICA LTDA;131689,0;131689,0;131689,0;0,0;0,0;0;0,0;0,0;0;0,0;0,0;0;0,0;0;0,0;0,0;0
4691;Portaria;9270127;2024;33;1450376;2024-08-06;2071;4;4;90;52;14;0;0;57;1;4800,0;4800,0;4800,0;09.177.776/0001-56;SA GONDOLAS DE ACO LTDA;4800,0;4800,0;4800,0;0,0;0,0;0;0,0;0,0;0;0,0;0,0;0;0,0;0;0,0;0,0;0
4691;Portaria;9270127;2024;34;1450376;2024-08-06;2071;4;4;90;52;14;0;0;57;1;1758,0;1758,0;1758,0;18.493.830/0001-63;META X INDUSTRIA E COMERCIO LTDA;1758,0;1758,0;1758,0;0,0;0,0;0;0,0;0,0;0;0,0;0,0;0;0,0;0;0,0;0,0;0
4691;Portaria;9270127;2024;48;1450376;2024-08-20;2071;4;4;90;52;14;0;0;57;1;1760,0;1760,0;1760,0;24.476.378/0001-24;2P COMERCIO E SERVICOS EM MOVEIS LTDA;1760,0;1760,0;1760,0;0,0;0,0;0;0,0;0,0;0;0,0;0,0;0;0,0;0;0,0;0,0;0
4691;Portaria;9270127;2024;49;1450376;2024-08-20;2071;4;4;90;52;14;0;0;57;1;1700,0;1700,0;1700,0;09.258.263/0001-70;OFFICE MAX INDUSTRIA E COMERCIO DE MOVEIS LTDA;1700,0;1700,0;1700,0;0,0;0,0;0;0,0;0,0;0;0,0;0,0;0;0,0;0;0,0;0,0;0
4691;Portaria;9270127;2024;57;1450376;2024-09-09;2071;4;4;90;52;14;0;0;57;1;1500,0;1500,0;1500,0;12.281.362/0001-87;ADELIO JOSE DO NASCIMENTO;1500,0;1500,0;1500,0;0,0;0,0;0;0,0;0,0;0;0,0;0,0;0;0,0;0;0,0;0,0;0
4691;Portaria;9270127;2024;58;1450376;2024-09-09;2071;4;4;90;52;14;0;0;57;1;102715,6;102715,6;102715,6;14.193.613/0001-05;KADOSHI COMERCIO E REPRESENTACOES LTDA;102715,6;102715,6;102715,6;0,0;0,0;0;0,0;0,0;0;0,0;0,0;0;0,0;0;0,0;0,0;0
4691;Portaria;9270127;2024;59;1450376;2024-09-09;2071;4;4;90;52;12;0;0;57;1;16928,0;16928,0;16928,0;17.359.233/0001-88;TECIDOS E ARMARINHOS MIGUEL BARTOLOMEU S/A;16928,0;16928,0;16928,0;0,0;0,0;0;0,0;0,0;0;0,0;0,0;0;0,0;0;0,0;0,0;0
4691;Portaria;9270127;2024;60;1450376;2024-09-09;2071;4;4;90;52;25;0;0;57;1;6184,7;6184,7;6184,7;17.359.233/0001-88;TECIDOS E ARMARINHOS MIGUEL BARTOLOMEU S/A;6184,7;6184,7;6184,7;0,0;0,0;0;0,0;0,0;0;0,0;0,0;0;0,0;0;0,0;0,0;0
4691;Portaria;9270127;2024;61;1450376;2024-09-09;2071;4;4;90;52;25;0;0;57;1;20440,0;20440,0;20440,0;07.214.878/0001-79;RAFTECO COMERCIO DE MATERIAL DE INFORMATICA LTDA - ME;20440,0;20440,0;20440,0;0,0;0,0;0;0,0;0,0;0;0,0;0,0;0;0,0;0;0,0;0,0;0
4691;Portaria;9270127;2024;62;1450376;2024-09-09;2071;4;4;90;52;8;0;0;57;1;42345,0;42345,0;42345,0;65.149.197/0002-51;REPREMIG REPRESENTACAO E COMERCIO DE MINAS GERAIS LTDA;42345,0;42345,0;42345,0;0,0;0,0;0;0,0;0,0;0;0,0;0,0;0;0,0;0;0,0;0,0;0
4691;Portaria;9270127;2024;63;1450376;2024-09-09;2071;4;4;90;52;14;0;0;57;1;25600,0;25600,0;25600,0;21.306.287/0001-52;TECNO 2000 INDUSTRIA E COMERCIO LTDA;25600,0;25600,0;25600,0;0,0;0,0;0;0,0;0,0;0;0,0;0,0;0;0,0;0;0,0;0,0;0
4691;Portaria;9270127;2024;64;1450376;2024-09-09;2071;4;4;90;52;14;0;0;57;1;81372,6;81372,6;81372,6;14.193.613/0001-05;KADOSHI COMERCIO E REPRESENTACOES LTDA;81372,6;81372,6;81372,6;0,0;0,0;0;0,0;0,0;0;0,0;0,0;0;0,0;0;0,0;0,0;0
4691;Portaria;9270127;2024;65;1450376;2024-09-09;2071;4;4;90;52;25;0;0;57;1;1613,4;1613,4;1613,4;17.359.233/0001-88;TECIDOS E ARMARINHOS MIGUEL BARTOLOMEU S/A;1613,4;1613,4;1613,4;0,0;0,0;0;0,0;0,0;0;0,0;0,0;0;0,0;0;0,0;0,0;0
4691;Portaria;9270127;2024;66;1450376;2024-09-09;2071;4;4;90;52;14;0;0;57;1;50,0;50,0;50,0;12.281.362/0001-87;ADELIO JOSE DO NASCIMENTO;50,0;50,0;50,0;0,0;0,0;0;0,0;0,0;0;0,0;0,0;0;0,0;0;0,0;0,0;0
4691;Portaria;9270127;2024;68;1450376;2024-09-20;2071;4;4;90;52;7;0;0;57;1;11584,56;11584,56;11584,56;07.275.920/0001-61;LENOVO TECNOLOGIA (BRASIL) LIMITADA;11584,56;11584,56;11584,56;0,0;0,0;0;0,0;0,0;0;0,0;0,0;0;0,0;0;0,0;0,0;0
4691;Portaria;9270127;2024;71;1450376;2024-10-01;2071;4;4;90;52;12;0;0;57;1;19307,0;19307,0;19307,0;17.417.928/0001-79;VENTISOL DA AMAZONIA INDUSTRIA DE APARELHOS ELETRICOS LTDA;19307,0;19307,0;19307,0;0,0;0,0;0;0,0;0,0;0;0,0;0,0;0;0,0;0;0,0;0,0;0
4691;Portaria;9270127;2024;74;1450376;2024-10-07;2071;4;4;90;52;7;0;0;57;1;289118,0;289118,0;289118,0;12.477.490/0002-81;LIDER NOTEBOOKS COMERCIO E SERVICOS LTDA;289118,0;0,0;0,0;289118,0;0,0;0;289118,0;285648,58;0;0,0;0,0;0;0,0;0;3469,42;0,0;0
4691;Portaria;9270127;2024;76;1450376;2024-10-14;2071;4;4;90;52;7;0;0;57;1;47460,0;47460,0;47460,0;59.717.553/0006-17;GRUPO MULTILASER S.A.;47460,0;0,0;0,0;47460,0;0,0;0;47460,0;46890,48;0;0,0;0,0;0;0,0;0;569,52;0,0;0
4691;Portaria;9270127;2024;84;1450376;2024-11-13;2071;4;4;90;52;7;0;0;57;1;94900,0;94900,0;94900,0;07.953.689/0001-18;FAGUNDEZ DISTRIBUICAO LTDA;94900,0;0,0;0,0;94900,0;0,0;0;94900,0;93761,2;0;0,0;0,0;0;0,0;0;1138,8;0,0;0
4691;Portaria;9270127;2024;89;1450376;2024-11-29;2071;4;4;90;52;12;0;0;57;1;53820,0;53820,0;53820,0;02.688.100/0004-20;AKIYAMA S.A. - INDUSTRIA E COMERCIO DE EQUIPAMENTOS ELETRONICOS E SIST;53820,0;53820,0;0,0;0,0;0,0;0;0,0;0,0;0;53820,0;0,0;0;53174,16;0;645,84;0,0;0
4691;Portaria;9270127;2024;94;1450376;2024-12-17;2071;4;4;90;52;6;0;0;57;1;33579,0;33579,0;33579,0;24.490.141/0001-06;CONEXAO MAXIMA INFORMATICA LTDA;33579,0;0,0;0,0;33579,0;0,0;0;33579,0;33579,0;0;0,0;0,0;0;0,0;0;0,0;0,0;0
4691;Portaria;9270127;2024;95;1450376;2024-12-17;2071;4;4;90;52;6;0;0;57;1;8299,8;8299,8;8299,8;18.152.404/0001-66;MAQNETE COMERCIO E SERVICOS LTDA -ME;8299,8;0,0;0,0;8299,8;0,0;0;8299,8;8299,8;0;0,0;0,0;0;0,0;0;0,0;0,0;0
4691;Portaria;9270127;2025;1;1450378;2025-03-18;2071;4;4;90;52;3;0;0;57;1;232847,85;232847,85;232847,85;12.158.172/0005-09;BRAKO COMERCIO DE EQUIPAMENTOS ELETRONICOS LTDA;232847,85;232847,85;232847,85;0,0;0,0;0;0,0;0,0;0;0,0;0,0;0;0,0;0;0,0;0,0;0
4691;Portaria;9270127;2025;32;1450378;2025-12-15;2071;3;3;90;30;25;0;0;57;1;48087,0;48087,0;48087,0;30.092.431/0001-96;CONDOR S/A INDUSTRIA QUIMICA;48087,0;0,0;0,0;48087,0;0,0;0;48087,0;47509,96;0;0,0;0,0;0;0,0;0;577,04;0,0;0
4691;Portaria;9270127;2025;41;1450378;2025-12-18;2071;4;4;90;52;17;0;0;57;1;651200,0;651200,0;651200,0;00.754.526/0001-67;VEMINAS CAMINHOES LTDA;651200,0;0,0;0,0;651200,0;0,0;0;651200,0;643385,6;0;0,0;0,0;0;0,0;0;7814,4;0,0;0
4691;Portaria;9270127;2025;43;1450378;2025-12-22;2071;4;4;90;52;3;0;0;57;1;490674,24;447696,43;447696,43;99.999.990/1126-55;AXON ENTERPRISE INC;490674,24;0,0;0,0;490674,24;0,0;0;447696,43;447696,43;0;0,0;0,0;0;0,0;0;0,0;0,0;0
4691;Portaria;9270127;2025;53;1450378;2025-12-29;2071;3;3;90;30;25;0;0;57;1;233600,0;233600,0;233600,0;57.494.031/0001-63;COMPANHIA BRASILEIRA DE CARTUCHOS;233600,0;0,0;0,0;233600,0;0,0;0;233600,0;230796,8;0;0,0;0,0;0;0,0;0;2803,2;0,0;0
4691;Portaria;9270127;2025;96;1450376;2025-11-28;2071;3;3;90;40;2;0;0;57;1;335000,0;335000,0;335000,0;13.104.255/0001-46;TBLM - SISTEMAS FORENSES LTDA.;335000,0;335000,0;335000,0;0,0;0,0;0;0,0;0,0;0;0,0;0,0;0;0,0;0;0,0;0,0;0
4691;Portaria;9270127;2026;18;1450376;2026-03-27;2071;4;4;90;52;7;0;0;57;1;81662,0;81662,0;81662,0;81.243.735/0009-03;POSITIVO TECNOLOGIA S.A.;81662,0;81662,0;81662,0;0,0;0,0;0;0,0;0,0;0;0,0;0,0;0;0,0;0;0,0;0,0;0
4691;Portaria;9270127;2026;22;1450376;2026-03-30;2071;3;3;90;39;21;0;0;57;1;21560,0;21560,0;21560,0;47.636.699/0001-44;GVE COMERCIO LTDA;21560,0;21560,0;21560,0;0,0;0,0;0;0,0;0,0;0;0,0;0,0;0;0,0;0;0,0;0,0;0
4691;Portaria;9270127;2026;23;1450376;2026-03-30;2071;3;3;90;39;21;0;0;57;1;8992,0;0,0;0,0;40.359.757/0001-90;OPPORTUNITY COMERCIO E SERVICOS LTDA;8992,0;0,0;0,0;0,0;0,0;0;0,0;0,0;0;0,0;0,0;0;0,0;0;0,0;0,0;0
4691;Portaria;9270127;2026;64;1450376;2026-06-08;2071;3;3;90;30;16;0;0;57;1;990,0;990,0;990,0;31.724.820/0001-50;ELETRICA VILEMAR LTDA;990,0;990,0;990,0;0,0;0,0;0;0,0;0,0;0;0,0;0,0;0;0,0;0;0,0;0,0;0
4691;Portaria;9270126;2021;56;1450376;2021-12-21;2094;4;4;90;52;14;0;0;57;1;0,0;0,0;0,0;02.604.236/0001-62;LAYOUT MOVEIS PARA ESCRITORIO LTDA;72085,0;0,0;0,0;72085,0;72085,0;0;0,0;0,0;0;0,0;0,0;0;0,0;0;0,0;0,0;0
4691;Portaria;9270126;2022;11;1450377;2022-12-07;2094;3;3;90;39;22;0;0;57;1;96555,77;96555,77;96555,77;42.260.700/0001-65;WE ENGENHARIA TECNOSOLAR LTDA;96555,77;0,0;0,0;96555,77;0,0;0;96555,77;93696,8;0;0,0;0,0;0;0,0;0;2858,97;0,0;0
4691;Portaria;9270126;2022;12;1450377;2022-12-30;2094;4;4;90;52;13;0;0;57;1;169832,0;169832,0;169832,0;37.670.865/0001-75;EXCLUSIVE FITPLAY FITNESS E PLAYGROUNDS LTDA;169832,0;0,0;0,0;169832,0;0,0;0;169832,0;169832,0;0;0,0;0,0;0;0,0;0;0,0;0,0;0
4691;Portaria;9270126;2022;13;1450377;2022-12-30;2094;4;4;90;52;13;0;0;57;1;21942,5;21942,5;21942,5;32.328.127/0001-20;HENRIQUE DE SOUZA MOURA 10810453614;21942,5;0,0;0,0;21942,5;0,0;0;21942,5;21942,5;0;0,0;0,0;0;0,0;0;0,0;0,0;0
4691;Portaria;9270126;2022;18;1450376;2022-05-06;2094;3;3;90;39;22;0;0;57;1;208701,62;208701,62;208701,62;22.645.262/0001-46;NREYS ENGENHARIA LTDA;208701,62;165539,24;165539,24;43162,38;0,0;0;43162,38;39018,79;0;0,0;0,0;0;0,0;0;4143,59;0,0;0
4691;Portaria;9270126;2022;28;1450376;2022-06-15;2094;4;4;90;52;9;0;0;57;1;52990,0;52990,0;52990,0;24.638.170/0001-64;DISTRIBUIDORA MENDONCA E MIRANDA LTDA;52990,0;52990,0;52990,0;0,0;0,0;0;0,0;0,0;0;0,0;0,0;0;0,0;0;0,0;0,0;0
4691;Portaria;9270126;2022;29;1450376;2022-06-15;2094;4;4;90;52;14;0;0;57;1;14040,0;14040,0;14040,0;31.401.798/0001-07;DENTAL BH BRASIL COMERCIO DE PRODUTOS ODONTO-MEDICO-HOSPITALAR LTDA;14040,0;14040,0;14040,0;0,0;0,0;0;0,0;0,0;0;0,0;0,0;0;0,0;0;0,0;0,0;0
4691;Portaria;9270126;2022;30;1450376;2022-06-15;2094;4;4;90;52;9;0;0;57;1;21709,11;21709,11;21709,11;31.401.798/0001-07;DENTAL BH BRASIL COMERCIO DE PRODUTOS ODONTO-MEDICO-HOSPITALAR LTDA;21709,11;21709,11;21709,11;0,0;0,0;0;0,0;0,0;0;0,0;0,0;0;0,0;0;0,0;0,0;0
4691;Portaria;9270126;2022;44;1450376;2022-06-29;2094;4;4;90;52;11;0;0;57;1;30616,68;30616,68;30616,68;34.412.925/0001-61;ATHENA COMERCIO DE PRODUTOS ODONTOLOGICOS MEDICOS E HOSPITALARES LTDA;30616,68;29025,48;29025,48;1591,2;0,0;0;1591,2;1591,2;0;0,0;0,0;0;0,0;0;0,0;0,0;0
4691;Portaria;9270126;2022;65;1450376;2022-08-01;2094;4;4;90;52;13;0;0;57;1;76078,0;76078,0;76078,0;41.453.677/0002-43;3G FITNESS LTDA;76078,0;76078,0;76078,0;0,0;0,0;0;0,0;0,0;0;0,0;0,0;0;0,0;0;0,0;0,0;0
4691;Portaria;9270126;2022;68;1450376;2022-08-03;2094;4;4;90;52;13;0;0;57;1;12465,4;12465,4;12465,4;08.738.035/0001-34;MAXIMUS ESPORTES COMERCIO LTDA;12465,4;12465,4;12465,4;0,0;0,0;0;0,0;0,0;0;0,0;0,0;0;0,0;0;0,0;0,0;0
4691;Portaria;9270126;2022;117;1450376;2022-12-16;2094;4;4;90;52;9;0;0;57;1;21000,0;21000,0;21000,0;30.323.616/0001-64;QUICKBUM E-COMMERCE LTDA;21000,0;21000,0;0,0;0,0;0,0;0;0,0;0,0;0;21000,0;0,0;0;21000,0;0;0,0;0,0;0
4691;Portaria;9270126;2022;118;1450376;2022-12-16;2094;4;4;90;52;9;0;0;57;1;4200,0;4200,0;4200,0;08.380.296/0001-25;VISAMED COMERCIO DE MATERIAL HOSPITALAR LTDA;4200,0;4200,0;0,0;0,0;0,0;0;0,0;0,0;0;4200,0;0,0;0;4200,0;0;0,0;0,0;0
4691;Portaria;9270126;2023;6;1450005;2023-10-17;2094;4;4;90;52;7;0;0;57;1;29610,0;29610,0;29610,0;59.717.553/0006-17;GRUPO MULTILASER S.A.;29610,0;0,0;0,0;29610,0;0,0;0;29610,0;29254,68;0;0,0;0,0;0;0,0;0;355,32;0,0;0
4691;Portaria;9270126;2023;7;1450005;2023-10-19;2094;4;4;90;52;9;0;0;57;1;1920,0;1920,0;1920,0;09.251.627/0001-90;K.C.R. INDUSTRIA E COMERCIO DE EQUIPAMENTOS LTDA;1920,0;1920,0;0,0;0,0;0,0;0;0,0;0,0;0;1920,0;0,0;0;1896,96;0;23,04;0,0;0
4691;Portaria;9270126;2023;11;1450005;2023-11-21;2094;4;4;90;52;9;0;0;57;1;1920,0;1920,0;1920,0;09.251.627/0001-90;K.C.R. INDUSTRIA E COMERCIO DE EQUIPAMENTOS LTDA;1920,0;0,0;0,0;3840,0;0,0;0;1920,0;1896,96;0;0,0;0,0;0;0,0;0;23,04;0,0;0
4691;Portaria;9270126;2023;14;1450005;2023-12-26;2094;4;4;90;52;25;0;0;57;1;1614,68;1614,68;1614,68;45.329.312/0001-81;BT COMERCIO INTELIGENTE LTDA;1614,68;0,0;0,0;1614,68;0,0;0;1614,68;1595,3;0;0,0;0,0;0;0,0;0;19,38;0,0;0
4691;Portaria;9270126;2023;15;1450377;2023-11-13;2094;4;4;90;52;13;0;0;57;1;56341,32;56341,32;56341,32;02.885.591/0001-57;CENTURY COMERCIAL LTDA;56341,32;0,0;0,0;56341,32;0,0;0;56341,32;56341,32;0;0,0;0,0;0;0,0;0;0,0;0,0;0
4691;Portaria;9270126;2023;15;1450378;2023-08-03;2094;4;4;90;52;14;0;0;57;1;36519,0;36519,0;36519,0;08.221.047/0001-97;ACHEI INDUSTRIA DE MOVEIS LTDA;36519,0;36519,0;36519,0;0,0;0,0;0;0,0;0,0;0;0,0;0,0;0;0,0;0;0,0;0,0;0
4691;Portaria;9270126;2023;16;1450378;2023-08-03;2094;4;4;90;52;14;0;0;57;1;33999,74;33999,74;33999,74;09.368.381/0001-30;LOGGERAIS, INDUSTRIA, COMERCIO E DISTRIBUIDORA LTDA - ME;33999,74;33999,74;33999,74;0,0;0,0;0;0,0;0,0;0;0,0;0,0;0;0,0;0;0,0;0,0;0
4691;Portaria;9270126;2023;19;1450378;2023-08-17;2094;4;4;90;52;14;0;0;57;1;59999,5;59999,5;59999,5;07.467.900/0001-92;GOL COMERCIO E INDUSTRIA LTDA;59999,5;59999,5;59999,5;0,0;0,0;0;0,0;0,0;0;0,0;0,0;0;0,0;0;0,0;0,0;0
4691;Portaria;9270126;2023;20;1450378;2023-08-17;2094;4;4;90;52;8;0;0;57;1;303979,38;303979,38;303979,38;42.689.838/0001-84;RJJ INFORMATICA E SERVICOS LTDA;303979,38;303979,38;303979,38;0,0;0,0;0;0,0;0,0;0;0,0;0,0;0;0,0;0;0,0;0,0;0
4691;Portaria;9270126;2023;21;1450378;2023-08-17;2094;4;4;90;52;7;0;0;57;1;523110,0;523110,0;523110,0;59.717.553/0006-17;GRUPO MULTILASER S.A.;523110,0;0,0;0,0;523110,0;0,0;0;523110,0;516832,68;0;0,0;0,0;0;0,0;0;6277,32;0,0;0
4691;Portaria;9270126;2023;22;1450378;2023-08-30;2094;3;3;90;39;22;0;0;57;1;770850,0;770850,0;770850,0;43.730.128/0001-13;CONSTRUTORA E INCORPORADORA TERSAN LTDA;770850,0;239203,37;239203,37;531646,63;0,0;0;531646,63;520045,28;0;0,0;0,0;0;0,0;0;14643,86;3042,51;0
4691;Portaria;9270126;2023;29;1450377;2023-12-22;2094;3;3;90;39;26;0;0;57;1;58,63;58,63;58,63;18.715.383/0001-40;PM BELO HORIZONTE;58,63;58,63;58,63;0,0;0,0;0;0,0;0,0;0;0,0;0,0;0;0,0;0;0,0;0,0;0
4691;Portaria;9270126;2023;38;1450378;2023-10-27;2094;4;4;90;52;12;0;0;57;1;303235,8;303235,8;303235,8;36.079.995/0001-75;AILZA PEREIRA DOS SANTOS 86997432620;303235,8;303235,8;303235,8;0,0;0,0;0;0,0;0,0;0;0,0;0,0;0;0,0;0;0,0;0,0;0
4691;Portaria;9270126;2023;40;1450377;2023-12-28;2094;4;4;90;52;13;0;0;57;1;45000,0;45000,0;45000,0;08.738.035/0001-34;MAXIMUS ESPORTES COMERCIO LTDA;45000,0;0,0;0,0;45000,0;0,0;0;45000,0;45000,0;0;0,0;0,0;0;0,0;0;0,0;0,0;0
4691;Portaria;9270126;2023;41;1450377;2023-12-28;2094;4;4;90;52;13;0;0;57;1;23567,22;23567,22;23567,22;02.885.591/0001-57;CENTURY COMERCIAL LTDA;23567,22;0,0;0,0;23567,22;0,0;0;23567,22;23567,22;0;0,0;0,0;0;0,0;0;0,0;0,0;0
4691;Portaria;9270126;2023;42;1450377;2023-12-28;2094;4;4;90;52;13;0;0;57;1;1880,0;1880,0;1880,0;10.478.755/0001-50;BEAGA HOSPITALAR LTDA;1880,0;0,0;0,0;1880,0;0,0;0;1880,0;1880,0;0;0,0;0,0;0;0,0;0;0,0;0,0;0
4691;Portaria;9270126;2023;57;1450376;2023-12-13;2094;4;4;90;52;17;0;0;57;1;168500,0;168500,0;168500,0;13.426.763/0001-40;RIO DOCE COMERCIO DE VEICULOS LTDA;168500,0;0,0;0,0;168500,0;0,0;0;168500,0;166478,0;0;0,0;0,0;0;0,0;0;2022,0;0,0;0
4691;Portaria;9270126;2023;106;1450378;2023-12-29;2094;4;4;90;52;7;0;0;57;1;143520,0;143520,0;143520,0;65.149.197/0002-51;REPREMIG REPRESENTACAO E COMERCIO DE MINAS GERAIS LTDA;143520,0;0,0;0,0;143520,0;0,0;0;143520,0;141797,76;0;0,0;0,0;0;0,0;0;1722,24;0,0;0
4691;Portaria;9270126;2024;1;1450005;2024-03-21;2071;3;3;90;30;16;0;0;57;1;572,55;572,55;572,55;08.164.723/0001-38;MTV.NET INFORMATICA E ELETRONICA LTDA;572,55;572,55;572,55;0,0;0,0;0;0,0;0,0;0;0,0;0,0;0;0,0;0;0,0;0,0;0
4691;Portaria;9270126;2024;2;1450005;2024-03-21;2071;3;3;90;30;15;0;0;57;1;1160,95;1160,95;1160,95;08.164.723/0001-38;MTV.NET INFORMATICA E ELETRONICA LTDA;1160,95;1160,95;1160,95;0,0;0,0;0;0,0;0,0;0;0,0;0,0;0;0,0;0;0,0;0,0;0
4691;Portaria;9270126;2024;3;1450378;2024-03-26;2071;3;3;90;39;22;0;0;57;1;89413,16;89413,16;89413,16;43.730.128/0001-13;CONSTRUTORA E INCORPORADORA TERSAN LTDA;89413,16;89413,16;89413,16;0,0;0,0;0;0,0;0,0;0;0,0;0,0;0;0,0;0;0,0;0,0;0
4691;Portaria;9270126;2024;4;1450005;2024-03-21;2071;4;4;90;52;7;0;0;57;1;23030,0;23030,0;23030,0;59.717.553/0006-17;GRUPO MULTILASER S.A.;23030,0;23030,0;23030,0;0,0;0,0;0;0,0;0,0;0;0,0;0,0;0;0,0;0;0,0;0,0;0
4691;Portaria;9270126;2024;8;1450005;2024-04-05;2071;4;4;90;52;25;0;0;57;1;26189,28;26189,28;26189,28;17.417.928/0001-79;VENTISOL DA AMAZONIA INDUSTRIA DE APARELHOS ELETRICOS LTDA;26189,28;26189,28;26189,28;0,0;0,0;0;0,0;0,0;0;0,0;0,0;0;0,0;0;0,0;0,0;0
4691;Portaria;9270126;2024;9;1450005;2024-04-05;2071;4;4;90;52;14;0;0;57;1;3738,0;3738,0;3738,0;09.177.776/0001-56;SA GONDOLAS DE ACO LTDA;3738,0;3738,0;3738,0;0,0;0,0;0;0,0;0,0;0;0,0;0,0;0;0,0;0;0,0;0,0;0
4691;Portaria;9270126;2024;10;1450380;2024-08-06;2071;3;3;90;39;9;0;0;57;1;9527,65;9527,65;9527,65;01.187.307/0001-06;DEZOITO COMUNICACAO LTDA;159509,26;9527,65;21,17;149981,61;149981,61;0;0,0;0,0;0;9506,48;0,0;0;9472,61;0;33,87;0,0;0
4691;Portaria;9270126;2024;18;1450377;2024-11-22;2071;3;3;90;39;22;0;0;57;1;39563,13;39563,13;39563,13;28.397.051/0001-18;GALFI SERVICOS E LOCACOES LTDA;39563,13;0,0;0,0;39563,13;0,0;0;39563,13;39563,13;0;0,0;0,0;0;0,0;0;0,0;0,0;0
4691;Portaria;9270126;2024;21;1450005;2024-04-12;2071;4;4;90;52;14;0;0;57;1;3736,01;3736,01;3736,01;09.177.776/0001-56;SA GONDOLAS DE ACO LTDA;3738,0;3736,01;0,0;1,99;1,99;0;0,0;0,0;0;3736,01;0,0;0;3691,18;0;44,83;0,0;0
4691;Portaria;9270126;2024;24;1450005;2024-04-30;2071;4;4;90;52;25;0;0;57;1;21278,79;21278,79;21278,79;17.417.928/0001-79;VENTISOL DA AMAZONIA INDUSTRIA DE APARELHOS ELETRICOS LTDA;21278,79;21278,79;21278,79;0,0;0,0;0;0,0;0,0;0;0,0;0,0;0;0,0;0;0,0;0,0;0
4691;Portaria;9270126;2024;25;1450005;2024-05-02;2071;4;4;90;52;14;0;0;57;1;3738,0;3738,0;3738,0;09.177.776/0001-56;SA GONDOLAS DE ACO LTDA;3738,0;3738,0;3738,0;0,0;0,0;0;0,0;0,0;0;0,0;0,0;0;0,0;0;0,0;0,0;0
4691;Portaria;9270126;2024;27;1450005;2024-05-08;2071;4;4;90;52;25;0;0;57;1;7590,18;7590,18;7590,18;01.590.728/0008-50;MICROTECNICA INFORMATICA LTDA;7590,18;6580,14;6580,14;1010,04;0,0;0;1010,04;997,92;0;0,0;0,0;0;0,0;0;12,12;0,0;0
4691;Portaria;9270126;2024;28;1450005;2024-05-08;2071;4;4;90;52;25;0;0;57;1;5840,0;5840,0;5840,0;07.214.878/0001-79;RAFTECO COMERCIO DE MATERIAL DE INFORMATICA LTDA - ME;5840,0;5840,0;5840,0;0,0;0,0;0;0,0;0,0;0;0,0;0,0;0;0,0;0;0,0;0,0;0
4691;Portaria;9270126;2024;29;1450005;2024-05-08;2071;4;4;90;52;8;0;0;57;1;7736,0;7736,0;7736,0;65.149.197/0002-51;REPREMIG REPRESENTACAO E COMERCIO DE MINAS GERAIS LTDA;7736,0;7736,0;7736,0;0,0;0,0;0;0,0;0,0;0;0,0;0,0;0;0,0;0;0,0;0,0;0
4691;Portaria;9270126;2024;30;1450005;2024-05-08;2071;4;4;90;52;25;0;0;57;1;2482,24;2482,24;2482,24;05.808.628/0001-31;SAMUEL PADOVAM;2482,24;2482,24;2482,24;0,0;0,0;0;0,0;0,0;0;0,0;0,0;0;0,0;0;0,0;0,0;0
4691;Portaria;9270126;2024;32;1450005;2024-05-10;2071;4;4;90;52;14;0;0;57;1;1071,2;1071,2;1071,2;07.266.248/0001-48;PAPELARIA OURO LTDA;1071,2;1071,2;1071,2;0,0;0,0;0;0,0;0,0;0;0,0;0,0;0;0,0;0;0,0;0,0;0
4691;Portaria;9270126;2024;37;1450005;2024-05-17;2071;4;4;90;52;14;0;0;57;1;815,44;815,44;815,44;18.152.404/0001-66;MAQNETE COMERCIO E SERVICOS LTDA -ME;815,44;815,44;815,44;0,0;0,0;0;0,0;0,0;0;0,0;0,0;0;0,0;0;0,0;0,0;0
4691;Portaria;9270126;2024;38;1450005;2024-05-20;2071;4;4;90;52;14;0;0;57;1;5400,0;5400,0;5400,0;06.538.230/0001-95;MAMUTE BRASIL INDUSTRIA E COMERCIO DE MOVEIS LTDA -EPP;5400,0;5400,0;5400,0;0,0;0,0;0;0,0;0,0;0;0,0;0,0;0;0,0;0;0,0;0,0;0
4691;Portaria;9270126;2024;39;1450005;2024-05-21;2071;4;4;90;52;14;0;0;57;1;2580,0;2580,0;2580,0;18.493.830/0001-63;META X INDUSTRIA E COMERCIO LTDA;2580,0;2580,0;2580,0;0,0;0,0;0;0,0;0,0;0;0,0;0,0;0;0,0;0;0,0;0,0;0
4691;Portaria;9270126;2024;47;1450005;2024-06-11;2071;4;4;90;52;7;0;0;57;1;12949,98;12949,98;12949,98;18.152.404/0001-66;MAQNETE COMERCIO E SERVICOS LTDA -ME;12949,98;12949,98;12949,98;0,0;0,0;0;0,0;0,0;0;0,0;0,0;0;0,0;0;0,0;0,0;0
4691;Portaria;9270126;2024;48;1450005;2024-06-12;2071;4;4;90;52;9;0;0;57;1;756,0;756,0;756,0;03.479.428/0001-57;ATUANTE COMERCIAL LTDA -ME;756,0;756,0;756,0;0,0;0,0;0;0,0;0,0;0;0,0;0,0;0;0,0;0;0,0;0,0;0
4691;Portaria;9270126;2024;55;1450005;2024-06-17;2071;4;4;90;52;14;0;0;57;1;36526,0;36526,0;36526,0;08.221.047/0001-97;ACHEI INDUSTRIA DE MOVEIS LTDA;36526,0;0,0;0,0;36526,0;0,0;0;36526,0;36087,69;0;0,0;0,0;0;0,0;0;438,31;0,0;0
4691;Portaria;9270126;2024;56;1450005;2024-06-17;2071;4;4;90;52;14;0;0;57;1;20382,5;20382,5;20382,5;86.729.324/0002-61;MILANFLEX INDUSTRIA E COMERCIO DE MOVEIS E EQUIPAMENTOS LTDA;20382,5;20382,5;20382,5;0,0;0,0;0;0,0;0,0;0;0,0;0,0;0;0,0;0;0,0;0,0;0
4691;Portaria;9270126;2024;57;1450005;2024-06-17;2071;4;4;90;52;14;0;0;57;1;2880,0;2880,0;2880,0;09.368.381/0001-30;LOGGERAIS, INDUSTRIA, COMERCIO E DISTRIBUIDORA LTDA - ME;2880,0;2880,0;2880,0;0,0;0,0;0;0,0;0,0;0;0,0;0,0;0;0,0;0;0,0;0,0;0
4691;Portaria;9270126;2024;58;1450005;2024-06-17;2071;4;4;90;52;14;0;0;57;1;15048,0;15048,0;15048,0;06.538.230/0001-95;MAMUTE BRASIL INDUSTRIA E COMERCIO DE MOVEIS LTDA -EPP;15048,0;15048,0;15048,0;0,0;0,0;0;0,0;0,0;0;0,0;0,0;0;0,0;0;0,0;0,0;0
4691;Portaria;9270126;2024;59;1450005;2024-06-17;2071;4;4;90;52;14;0;0;57;1;10730,0;10730,0;10730,0;86.729.324/0002-61;MILANFLEX INDUSTRIA E COMERCIO DE MOVEIS E EQUIPAMENTOS LTDA;10730,0;10730,0;10730,0;0,0;0,0;0;0,0;0,0;0;0,0;0,0;0;0,0;0;0,0;0,0;0
4691;Portaria;9270126;2024;66;1450005;2024-07-16;2071;4;4;90;52;14;0;0;57;1;100,0;100,0;100,0;12.281.362/0001-87;ADELIO JOSE DO NASCIMENTO;100,0;100,0;100,0;0,0;0,0;0;0,0;0,0;0;0,0;0,0;0;0,0;0;0,0;0,0;0
4691;Portaria;9270126;2024;67;1450005;2024-07-16;2071;4;4;90;52;14;0;0;57;1;100,0;100,0;100,0;12.281.362/0001-87;ADELIO JOSE DO NASCIMENTO;100,0;100,0;100,0;0,0;0,0;0;0,0;0,0;0;0,0;0,0;0;0,0;0;0,0;0,0;0
4691;Portaria;9270126;2024;68;1450005;2024-07-16;2071;4;4;90;52;25;0;0;57;1;971,37;971,37;971,37;01.590.728/0008-50;MICROTECNICA INFORMATICA LTDA;971,37;971,37;971,37;0,0;0,0;0;0,0;0,0;0;0,0;0,0;0;0,0;0;0,0;0,0;0
4691;Portaria;9270126;2024;72;1450005;2024-07-22;2071;4;4;90;52;7;0;0;57;1;19535,0;19535,0;19535,0;12.477.490/0002-81;LIDER NOTEBOOKS COMERCIO E SERVICOS LTDA;19535,0;19535,0;19535,0;0,0;0,0;0;0,0;0,0;0;0,0;0,0;0;0,0;0;0,0;0,0;0
4691;Portaria;9270126;2024;73;1450005;2024-07-22;2071;4;4;90;52;7;0;0;57;1;61020,0;61020,0;61020,0;59.717.553/0006-17;GRUPO MULTILASER S.A.;61020,0;0,0;0,0;61020,0;0,0;0;61020,0;60287,76;0;0,0;0,0;0;0,0;0;732,24;0,0;0
4691;Portaria;9270126;2024;75;1450376;2024-10-09;2071;4;4;90;52;17;0;0;57;1;126400,0;126400,0;126400,0;24.344.495/0003-04;COMPANHIA MINEIRA DE AUTOMOVEIS LTDA;126400,0;0,0;0,0;126400,0;0,0;0;126400,0;124883,2;0;0,0;0,0;0;0,0;0;1516,8;0,0;0
4691;Portaria;9270126;2024;83;1450005;2024-08-21;2071;4;4;90;52;14;0;0;57;1;100,0;100,0;100,0;12.281.362/0001-87;ADELIO JOSE DO NASCIMENTO;100,0;100,0;0,0;0,0;0,0;0;0,0;0,0;0;100,0;0,0;0;100,0;0;0,0;0,0;0
4691;Portaria;9270126;2024;84;1450005;2024-08-21;2071;4;4;90;52;8;0;0;57;1;3868,0;3868,0;3868,0;65.149.197/0002-51;REPREMIG REPRESENTACAO E COMERCIO DE MINAS GERAIS LTDA;3868,0;3868,0;3868,0;0,0;0,0;0;0,0;0,0;0;0,0;0,0;0;0,0;0;0,0;0,0;0
4691;Portaria;9270126;2024;85;1450005;2024-08-28;2071;4;4;90;52;14;0;0;57;1;590,0;590,0;590,0;08.221.047/0001-97;ACHEI INDUSTRIA DE MOVEIS LTDA;590,0;0,0;0,0;590,0;0,0;0;590,0;582,92;0;0,0;0,0;0;0,0;0;7,08;0,0;0
4691;Portaria;9270126;2024;87;1450005;2024-09-10;2071;4;4;90;52;7;0;0;57;1;4120,69;4120,69;4120,69;01.590.728/0009-30;MICROTECNICA INFORMATICA LTDA;4120,69;4120,69;4120,69;0,0;0,0;0;0,0;0,0;0;0,0;0,0;0;0,0;0;0,0;0,0;0
4691;Portaria;9270126;2024;88;1450005;2024-09-16;2071;4;4;90;52;7;0;0;57;1;23730,0;23730,0;23730,0;59.717.553/0006-17;GRUPO MULTILASER S.A.;23730,0;0,0;0,0;23730,0;0,0;0;23730,0;23445,24;0;0,0;0,0;0;0,0;0;284,76;0,0;0
4691;Portaria;9270126;2024;96;1450005;2024-11-25;2071;4;4;90;52;14;0;0;57;1;975,0;975,0;975,0;24.660.733/0001-10;E.G.F ARMARIOS PLANEJADOS LTDA;975,0;0,0;0,0;975,0;0,0;0;975,0;975,0;0;0,0;0,0;0;0,0;0;0,0;0,0;0
4691;Portaria;9270126;2024;137;1450378;2024-11-12;2071;4;4;90;52;14;0;0;57;1;181880,0;181880,0;181880,0;54.826.367/0004-30;MAQMOVEIS INDUSTRIA E COMERCIO DE MOVEIS LTDA.;181880,0;181880,0;181880,0;0,0;0,0;0;0,0;0,0;0;0,0;0,0;0;0,0;0;0,0;0,0;0
4691;Portaria;9270126;2024;154;1450378;2024-12-11;2071;4;4;90;52;14;0;0;57;1;463320,0;463320,0;466170,14;21.306.287/0001-52;TECNO 2000 INDUSTRIA E COMERCIO LTDA;463320,0;0,0;0,0;463320,0;0,0;0;463320,0;457760,16;0;0,0;0,0;0;0,0;0;8409,98;0,0;0
4691;Portaria;9270126;2025;3;1450380;2025-08-07;2071;3;3;90;39;9;0;0;57;1;55362,5;55362,5;55362,5;24.172.716/0001-34;FLD LTDA;149981,61;55362,5;55362,5;94619,11;94619,11;0;0,0;0,0;0;0,0;0,0;0;0,0;0;0,0;0,0;0
4691;Portaria;9270126;2025;15;1450376;2025-04-25;2071;3;3;90;30;11;0;0;57;1;1060,0;1060,0;1060,0;15.131.757/0001-91;ABSOLUTA COMERCIO DE PRODUTOS MEDICOS E HOSPITALARES LTDA.;1060,0;1060,0;1060,0;0,0;0,0;0;0,0;0,0;0;0,0;0,0;0;0,0;0;0,0;0,0;0
4691;Portaria;9270126;2025;16;1450376;2025-04-25;2071;3;3;90;30;11;0;0;57;1;3790,0;3790,0;3790,0;31.401.798/0001-07;DENTAL BH BRASIL COMERCIO DE PRODUTOS ODONTO-MEDICO-HOSPITALAR LTDA;3790,0;3790,0;3790,0;0,0;0,0;0;0,0;0,0;0;0,0;0,0;0;0,0;0;0,0;0,0;0
4691;Portaria;9270126;2025;17;1450376;2025-04-25;2071;3;3;90;30;11;0;0;57;1;200,0;200,0;200,0;32.677.058/0001-60;DENTAL FREE MATERIAIS E SOLUCOES ODONTOLOGICAS LTDA;200,0;200,0;200,0;0,0;0,0;0;0,0;0,0;0;0,0;0,0;0;0,0;0;0,0;0,0;0
4691;Portaria;9270126;2025;18;1450376;2025-04-25;2071;3;3;90;30;11;0;0;57;1;62,6;62,6;62,6;43.197.048/0001-44;DUTRA E SILVA DISTRIBUIDORA LTDA;62,6;62,6;62,6;0,0;0,0;0;0,0;0,0;0;0,0;0,0;0;0,0;0;0,0;0,0;0
4691;Portaria;9270126;2025;19;1450005;2025-12-03;2071;4;4;90;52;14;0;0;57;1;1470,0;1470,0;1470,0;04.443.182/0001-26;UFFICIO INDUSTRIA E COMERCIO DE MOVEIS LTDA;1470,0;0,0;0,0;1470,0;0,0;0;1470,0;1452,36;0;0,0;0,0;0;0,0;0;17,64;0,0;0
4691;Portaria;9270126;2025;19;1450376;2025-04-28;2071;3;3;90;30;11;0;0;57;1;25988,15;25988,15;25988,15;31.401.798/0001-07;DENTAL BH BRASIL COMERCIO DE PRODUTOS ODONTO-MEDICO-HOSPITALAR LTDA;25988,15;25988,15;25988,15;0,0;0,0;0;0,0;0,0;0;0,0;0,0;0;0,0;0;0,0;0,0;0
4691;Portaria;9270126;2025;20;1450376;2025-04-30;2071;3;3;90;30;11;0;0;57;1;8888,88;8888,88;8888,88;34.412.925/0001-61;ATHENA COMERCIO DE PRODUTOS ODONTOLOGICOS MEDICOS E HOSPITALARES LTDA;8888,88;8888,88;8888,88;0,0;0,0;0;0,0;0,0;0;0,0;0,0;0;0,0;0;0,0;0,0;0
4691;Portaria;9270126;2025;34;1450376;2025-06-10;2071;4;4;90;52;13;0;0;57;1;10531,1;10531,1;10531,1;08.738.035/0001-34;MAXIMUS ESPORTES COMERCIO LTDA;10531,1;10531,1;10531,1;0,0;0,0;0;0,0;0,0;0;0,0;0,0;0;0,0;0;0,0;0,0;0
4691;Portaria;9270126;2025;43;1450376;2025-07-09;2071;4;4;90;52;14;0;0;57;1;2790,0;2790,0;2790,0;35.797.639/0001-24;DESTAK DISTRIBUIDORA DE PRODUTOS E EQUIPAMENTOS HOSPITALARES LTDA;2790,0;2790,0;2790,0;0,0;0,0;0;0,0;0,0;0;0,0;0,0;0;0,0;0;0,0;0,0;0
4691;Portaria;9270126;2025;48;1450376;2025-07-31;2071;4;4;90;52;13;0;0;57;1;9100,0;9100,0;9100,0;50.937.669/0001-82;SIGMETAL INDUSTRIA DE EQUIPAMENTOS EM ACOS LTDA;9100,0;9100,0;9100,0;0,0;0,0;0;0,0;0,0;0;0,0;0,0;0;0,0;0;0,0;0,0;0
4691;Portaria;9270126;2025;71;1450376;2025-10-02;2071;4;4;90;52;13;0;0;57;1;5069,0;5069,0;5069,0;38.482.591/0001-53;SKYLAB COMERCIAL HOSPITALAR LTDA;5069,0;5069,0;5069,0;0,0;0,0;0;0,0;0,0;0;0,0;0,0;0;0,0;0;0,0;0,0;0
4691;Portaria;9270126;2025;101;1450376;2025-12-09;2071;4;4;90;52;14;0;0;57;1;1874,0;1874,0;1874,0;19.561.435/0001-33;AGENES S.DA SILVA SUPRIMENTOS DE INFORMATICA LTDA;1874,0;0,0;0,0;1874,0;0,0;0;1874,0;1874,0;0;0,0;0,0;0;0,0;0;0,0;0,0;0
4691;Portaria;9270126;2025;102;1450376;2025-12-09;2071;4;4;90;52;13;0;0;57;1;3279,99;3279,99;3279,99;19.410.510/0001-65;FISIOFIT FABRICACAO E COMERCIO DE EQUIPAMENTOS LTDA;3279,99;0,0;0,0;3279,99;0,0;0;3279,99;3279,99;0;0,0;0,0;0;0,0;0;0,0;0,0;0
4691;Portaria;9270126;2025;104;1450376;2025-12-16;2071;4;4;90;52;13;0;0;57;1;8650,0;8650,0;8650,0;50.065.032/0001-43;PRO SPORT PLAYGROUNDS E FITNESS LTDA;8650,0;0,0;0,0;8650,0;0,0;0;8650,0;8650,0;0;0,0;0,0;0;0,0;0;0,0;0,0;0
4691;Portaria;9270126;2026;3;1450380;2026-10-01;2071;3;3;90;39;9;0;0;57;1;94756,76;0,0;0,0;24.172.716/0001-34;FLD LTDA;94756,76;0,0;0,0;0,0;0,0;0;0,0;0,0;0;0,0;0,0;0;0,0;0;0,0;0,0;0
4691;Portaria;9270126;2026;6;1450378;2026-04-17;2071;3;3;90;39;22;0;0;57;1;96545,21;96545,21;96545,21;32.822.592/0001-13;F & L MARTINS ENGENHARIA - LTDA;96545,21;96545,21;96545,21;0,0;0,0;0;0,0;0,0;0;0,0;0,0;0;0,0;0;0,0;0,0;0
4691;Portaria;9270126;2026;17;1450005;2026-07-27;2071;4;4;90;52;7;0;0;57;1;2849,99;2849,99;2849,99;27.975.551/0003-99;VANGUARDA INFORMATICA LTDA;2849,99;2849,99;2849,99;0,0;0,0;0;0,0;0,0;0;0,0;0,0;0;0,0;0;0,0;0,0;0
4691;Portaria;9270126;2026;21;1450005;2026-08-04;2071;4;4;90;52;7;0;0;57;1;4476,0;0,0;0,0;59.717.553/0006-17;GRUPO MULTILASER S.A.;4476,0;0,0;0,0;0,0;0,0;0;0,0;0,0;0;0,0;0,0;0;0,0;0;0,0;0,0;0
4691;Portaria;9270126;2026;24;1450005;2026-08-28;2071;4;4;90;52;25;0;0;57;1;893,76;0,0;0,0;21.641.059/0001-39;DISTRIBUIDORA PERES & ARAUJO LTDA - ME;893,76;0,0;0,0;0,0;0,0;0;0,0;0,0;0;0,0;0,0;0;0,0;0;0,0;0,0;0
4691;Portaria;9270126;2026;29;1450005;2026-09-08;2071;4;4;90;52;7;0;0;57;1;6082,97;0,0;0,0;04.602.789/0001-01;DATEN TECNOLOGIA LTDA;6082,97;0,0;0,0;0,0;0,0;0;0,0;0,0;0;0,0;0,0;0;0,0;0;0,0;0,0;0
4691;Portaria;9270126;2026;44;1450378;2026-07-23;2071;4;4;90;52;7;0;0;57;1;468388,69;0,0;0,0;04.602.789/0001-01;DATEN TECNOLOGIA LTDA;468388,69;0,0;0,0;0,0;0,0;0;0,0;0,0;0;0,0;0,0;0;0,0;0;0,0;0,0;0
4691;Portaria;9270126;2026;60;1450376;2026-06-01;2071;4;4;90;52;13;0;0;57;1;11200,0;11200,0;11200,0;19.410.510/0001-65;FISIOFIT FABRICACAO E COMERCIO DE EQUIPAMENTOS LTDA;11200,0;11200,0;11200,0;0,0;0,0;0;0,0;0,0;0;0,0;0,0;0;0,0;0;0,0;0,0;0
4691;Portaria;9270126;2026;69;1450376;2026-07-13;2071;4;4;90;52;13;0;0;57;1;1678,0;1678,0;1678,0;10.478.755/0001-50;BEAGA HOSPITALAR LTDA;1678,0;1678,0;1678,0;0,0;0,0;0;0,0;0,0;0;0,0;0,0;0;0,0;0;0,0;0,0;0
4691;Portaria;9270126;2026;87;1450376;2026-08-21;2071;4;4;90;52;13;0;0;57;1;647,59;0,0;0,0;19.561.435/0001-33;AGENES S.DA SILVA SUPRIMENTOS DE INFORMATICA LTDA;647,59;0,0;0,0;0,0;0,0;0;0,0;0,0;0;0,0;0,0;0;0,0;0;0,0;0,0;0
4691;Portaria;9270126;2026;88;1450376;2026-08-21;2071;4;4;90;52;14;0;0;57;1;4396,98;0,0;0,0;19.561.435/0001-33;AGENES S.DA SILVA SUPRIMENTOS DE INFORMATICA LTDA;4396,98;0,0;0,0;0,0;0,0;0;0,0;0,0;0;0,0;0,0;0;0,0;0;0,0;0,0;0
4691;Portaria;9247216;2021;1;1450377;2021-11-05;2094;3;3;90;30;25;0;0;57;1;0,0;0,0;0,0;61.451.654/0001-26;ITURRI COIMPAR INDUSTRIA E COMERCIO DE EPI S LTDA;87909,74;0,0;0,0;87909,74;87909,74;0;0,0;0,0;0;0,0;0,0;0;0,0;0;0,0;0,0;0
4691;Portaria;9247216;2021;2;1450380;2021-12-28;2094;3;3;90;39;9;0;0;57;1;127712,65;127712,65;127712,65;01.187.307/0001-06;DEZOITO COMUNICACAO LTDA;127712,65;0,0;0,0;127712,65;0,0;0;127712,65;126960,58;0;0,0;0,0;0;0,0;0;752,07;0,0;0
4691;Portaria;9247216;2021;3;1450005;2021-11-08;2094;4;4;90;52;12;0;0;57;1;4442,58;4442,58;0,0;18.132.510/0001-88;MARCELO EUSTAQUIO DE OLIVEIRA LTDA;4442,58;4442,58;0,0;0,0;0,0;0;0,0;0,0;0;0,0;0,0;0;0,0;0;0,0;0,0;0
4691;Portaria;9247216;2021;3;1450005;2021-11-08;2094;4;4;90;52;12;0;0;57;1;0,0;0,0;4442,58;18.132.510/0001-88;SOMAR ELETROFERRAGENS LTDA;0,0;0,0;0,0;0,0;0,0;0;0,0;0,0;0;4442,58;0,0;0;4442,58;0;0,0;0,0;0
4691;Portaria;9247216;2021;4;1450005;2021-11-08;2094;4;4;90;52;25;0;0;57;1;2395,2;2395,2;0,0;18.132.510/0001-88;MARCELO EUSTAQUIO DE OLIVEIRA LTDA;2395,2;2395,2;0,0;0,0;0,0;0;0,0;0,0;0;0,0;0,0;0;0,0;0;0,0;0,0;0
4691;Portaria;9247216;2021;4;1450005;2021-11-08;2094;4;4;90;52;25;0;0;57;1;0,0;0,0;2395,2;18.132.510/0001-88;SOMAR ELETROFERRAGENS LTDA;0,0;0,0;0,0;0,0;0,0;0;0,0;0,0;0;2395,2;0,0;0;2395,2;0;0,0;0,0;0
4691;Portaria;9247216;2021;4;1450377;2021-12-14;2094;3;3;90;39;22;0;0;57;1;8828,86;8828,86;8828,86;28.198.204/0001-06;PARAMAR ENGENHARIA LTDA;8828,86;0,0;0,0;8828,86;0,0;0;8828,86;8115,68;0;0,0;0,0;0;0,0;0;713,18;0,0;0
4691;Portaria;9247216;2021;5;1450005;2021-11-16;2094;4;4;90;52;12;0;0;57;1;2382,8;2382,8;2382,8;05.808.628/0001-31;SAMUEL PADOVAM;2382,8;0,0;0,0;2382,8;0,0;0;2382,8;2382,8;0;0,0;0,0;0;0,0;0;0,0;0,0;0
4691;Portaria;9247216;2021;5;1450377;2021-12-14;2094;3;3;90;39;22;0;0;57;1;31139,05;31139,05;31139,05;28.198.204/0001-06;PARAMAR ENGENHARIA LTDA;31139,05;0,0;0,0;31139,05;0,0;0;31139,05;28664,96;0;0,0;0,0;0;0,0;0;2474,09;0,0;0
4691;Portaria;9247216;2021;6;1450377;2021-12-27;2094;4;4;90;51;3;0;0;57;1;163640,43;163640,43;163640,43;24.588.838/0001-06;PORTFOLIO ARQUITETURA E ENGENHARIA LTDA;163640,43;0,0;0,0;163640,43;0,0;0;163640,43;163640,43;0;0,0;0,0;0;0,0;0;0,0;0,0;0
4691;Portaria;9247216;2021;9;1450378;2021-11-18;2094;4;4;90;52;13;0;0;57;1;1224,0;1224,0;1224,0;07.590.023/0001-42;HAND LIFE SUPRIMENTOS MEDICOS E FISIOTERAPICOS LTDA;1224,0;1224,0;1224,0;0,0;0,0;0;0,0;0,0;0;0,0;0,0;0;0,0;0;0,0;0,0;0
4691;Portaria;9247216;2021;10;1450005;2021-12-28;2094;4;4;90;52;7;0;0;57;1;166682,56;166682,56;166682,56;81.243.735/0019-77;POSITIVO TECNOLOGIA S.A.;166682,56;0,0;0,0;166682,56;0,0;0;166682,56;166682,56;0;0,0;0,0;0;0,0;0;0,0;0,0;0
4691;Portaria;9247216;2021;10;1450377;2021-12-30;2094;4;4;90;52;9;0;0;57;1;21300,0;21300,0;21300,0;10.985.691/0001-83;COMERCIAL MADP EQUIPAMENTOS HOSPITALARES LTDA;21300,0;0,0;0,0;21300,0;0,0;0;21300,0;21300,0;0;0,0;0,0;0;0,0;0;0,0;0,0;0
4691;Portaria;9247216;2021;11;1450015;2021-12-27;2094;4;4;90;52;7;0;0;57;1;53035,36;53035,36;53035,36;81.243.735/0019-77;POSITIVO TECNOLOGIA S.A.;53035,36;0,0;0,0;53035,36;0,0;0;53035,36;53035,36;0;0,0;0,0;0;0,0;0;0,0;0,0;0
4691;Portaria;9247216;2021;11;1450377;2021-12-30;2094;3;3;90;30;10;0;0;57;1;1446,0;1446,0;1446,0;18.929.297/0001-30;CIRURGICA NORTE BRASIL PRODUTOS MEDICOS HOSPITALARES LTDA - ME;1446,0;0,0;0,0;1446,0;0,0;0;1446,0;1446,0;0;0,0;0,0;0;0,0;0;0,0;0,0;0
4691;Portaria;9247216;2021;11;1450378;2021-11-18;2094;4;4;90;52;9;0;0;57;1;36490,0;36490,0;36490,0;11.753.865/0001-45;BRASFITNESS COMERCIO DE ARTIGOS ESPORTIVOS LTDA;36490,0;36490,0;36490,0;0,0;0,0;0;0,0;0,0;0;0,0;0,0;0;0,0;0;0,0;0,0;0
4691;Portaria;9247216;2021;12;1450378;2021-11-18;2094;4;4;90;52;13;0;0;57;1;188304,79;188304,79;188304,79;11.753.865/0001-45;BRASFITNESS COMERCIO DE ARTIGOS ESPORTIVOS LTDA;188304,79;188304,79;188304,79;0,0;0,0;0;0,0;0,0;0;0,0;0,0;0;0,0;0;0,0;0,0;0
4691;Portaria;9247216;2021;13;1450378;2021-11-18;2094;4;4;90;52;13;0;0;57;1;66325,54;66325,54;66325,54;11.753.865/0001-45;BRASFITNESS COMERCIO DE ARTIGOS ESPORTIVOS LTDA;66325,54;66325,54;66325,54;0,0;0,0;0;0,0;0,0;0;0,0;0,0;0;0,0;0;0,0;0,0;0
4691;Portaria;9247216;2021;14;1450378;2021-11-19;2094;3;3;90;30;2;0;0;57;1;13436,0;13436,0;13436,0;07.590.023/0001-42;HAND LIFE SUPRIMENTOS MEDICOS E FISIOTERAPICOS LTDA;13436,0;13436,0;13436,0;0,0;0,0;0;0,0;0,0;0;0,0;0,0;0;0,0;0;0,0;0,0;0
4691;Portaria;9247216;2021;15;1450378;2021-11-19;2094;3;3;90;30;10;0;0;57;1;18279,72;18279,72;18279,72;07.590.023/0001-42;HAND LIFE SUPRIMENTOS MEDICOS E FISIOTERAPICOS LTDA;18279,72;18279,72;18279,72;0,0;0,0;0;0,0;0,0;0;0,0;0,0;0;0,0;0;0,0;0,0;0
4691;Portaria;9247216;2021;16;1450378;2021-12-09;2094;3;3;90;30;2;0;0;57;1;3587,82;3587,82;3587,82;07.214.878/0001-79;RAFTECO COMERCIO DE MATERIAL DE INFORMATICA LTDA - ME;3587,82;0,0;0,0;3587,82;0,0;0;3587,82;3587,82;0;0,0;0,0;0;0,0;0;0,0;0,0;0
4691;Portaria;9247216;2021;17;1450378;2021-12-09;2094;3;3;90;30;2;0;0;57;1;4688,5;4688,5;4688,5;07.590.023/0001-42;HAND LIFE SUPRIMENTOS MEDICOS E FISIOTERAPICOS LTDA;4688,5;0,0;0,0;4688,5;0,0;0;4688,5;4688,5;0;0,0;0,0;0;0,0;0;0,0;0,0;0
4691;Portaria;9247216;2021;18;1450378;2021-12-09;2094;3;3;90;30;10;0;0;57;1;2680,0;2680,0;2680,0;07.590.023/0001-42;HAND LIFE SUPRIMENTOS MEDICOS E FISIOTERAPICOS LTDA;2680,0;0,0;0,0;2680,0;0,0;0;2680,0;2680,0;0;0,0;0,0;0;0,0;0;0,0;0,0;0
4691;Portaria;9247216;2021;19;1450378;2021-12-09;2094;3;3;90;30;2;0;0;57;1;1750,0;1750,0;1750,0;07.590.023/0001-42;HAND LIFE SUPRIMENTOS MEDICOS E FISIOTERAPICOS LTDA;1750,0;0,0;0,0;1750,0;0,0;0;1750,0;1750,0;0;0,0;0,0;0;0,0;0;0,0;0,0;0
4691;Portaria;9247216;2021;20;1450378;2021-12-09;2094;3;3;90;30;10;0;0;57;1;11016,6;11016,6;11016,6;07.590.023/0001-42;HAND LIFE SUPRIMENTOS MEDICOS E FISIOTERAPICOS LTDA;11016,6;0,0;0,0;11016,6;0,0;0;11016,6;11016,6;0;0,0;0,0;0;0,0;0;0,0;0,0;0
4691;Portaria;9247216;2021;21;1450378;2021-12-10;2094;3;3;90;30;24;0;0;57;1;1440,0;1440,0;1440,0;07.590.023/0001-42;HAND LIFE SUPRIMENTOS MEDICOS E FISIOTERAPICOS LTDA;1440,0;0,0;0,0;1440,0;0,0;0;1440,0;1440,0;0;0,0;0,0;0;0,0;0;0,0;0,0;0
4691;Portaria;9247216;2021;22;1450378;2021-12-10;2094;3;3;90;30;2;0;0;57;1;15830,0;15830,0;15830,0;07.214.878/0001-79;RAFTECO COMERCIO DE MATERIAL DE INFORMATICA LTDA - ME;15830,0;0,0;0,0;15830,0;0,0;0;15830,0;15830,0;0;0,0;0,0;0;0,0;0;0,0;0,0;0
4691;Portaria;9247216;2021;23;1450378;2021-12-10;2094;3;3;90;30;2;0;0;57;1;26075,0;26075,0;26075,0;07.590.023/0001-42;HAND LIFE SUPRIMENTOS MEDICOS E FISIOTERAPICOS LTDA;26075,0;0,0;0,0;26075,0;0,0;0;26075,0;26075,0;0;0,0;0,0;0;0,0;0;0,0;0,0;0
4691;Portaria;9247216;2021;24;1450378;2021-12-10;2094;3;3;90;30;10;0;0;57;1;4020,0;4020,0;4020,0;07.590.023/0001-42;HAND LIFE SUPRIMENTOS MEDICOS E FISIOTERAPICOS LTDA;4020,0;0,0;0,0;4020,0;0,0;0;4020,0;4020,0;0;0,0;0,0;0;0,0;0;0,0;0,0;0
4691;Portaria;9247216;2021;25;1450378;2021-12-13;2094;3;3;90;30;2;0;0;57;1;11738,88;11738,88;11738,88;00.267.908/0001-66;HAND SHOP SUPRIMENTOS MEDICOS & TERAPEUTICOS LTDA;11738,88;0,0;0,0;11738,88;0,0;0;11738,88;11738,88;0;0,0;0,0;0;0,0;0;0,0;0,0;0
4691;Portaria;9247216;2021;26;1450378;2021-12-13;2094;3;3;90;30;10;0;0;57;1;4615,5;4615,5;4615,5;00.267.908/0001-66;HAND SHOP SUPRIMENTOS MEDICOS & TERAPEUTICOS LTDA;4615,5;0,0;0,0;4615,5;0,0;0;4615,5;4615,5;0;0,0;0,0;0;0,0;0;0,0;0,0;0
4691;Portaria;9247216;2021;27;1450378;2021-12-13;2094;3;3;90;30;2;0;0;57;1;1979,36;1979,36;1979,36;00.267.908/0001-66;HAND SHOP SUPRIMENTOS MEDICOS & TERAPEUTICOS LTDA;1979,36;0,0;0,0;1979,36;0,0;0;1979,36;1979,36;0;0,0;0,0;0;0,0;0;0,0;0,0;0
4691;Portaria;9247216;2021;28;1450378;2021-12-13;2094;3;3;90;30;10;0;0;57;1;4154,12;4154,12;4154,12;00.267.908/0001-66;HAND SHOP SUPRIMENTOS MEDICOS & TERAPEUTICOS LTDA;4154,12;0,0;0,0;4154,12;0,0;0;4154,12;4154,12;0;0,0;0,0;0;0,0;0;0,0;0,0;0
4691;Portaria;9247216;2021;31;1450376;2021-11-19;2094;3;3;90;39;22;0;0;57;1;240058,46;240058,46;240058,46;22.645.262/0001-46;NREYS ENGENHARIA LTDA;240058,46;0,0;0,0;265062,37;0,0;0;240058,46;217327,42;0;0,0;0,0;0;0,0;0;26746,74;4015,7;0
4691;Portaria;9247216;2021;34;1450376;2021-12-01;2094;4;4;90;52;12;0;0;57;1;7039,2;7039,2;0,0;18.132.510/0001-88;MARCELO EUSTAQUIO DE OLIVEIRA LTDA;7039,2;7039,2;0,0;0,0;0,0;0;0,0;0,0;0;0,0;0,0;0;0,0;0;0,0;0,0;0
4691;Portaria;9247216;2021;34;1450376;2021-12-01;2094;4;4;90;52;12;0;0;57;1;0,0;0,0;7039,2;18.132.510/0001-88;SOMAR ELETROFERRAGENS LTDA;0,0;0,0;0,0;0,0;0,0;0;0,0;0,0;0;7039,2;0,0;0;7039,2;0;0,0;0,0;0
4691;Portaria;9247216;2021;35;1450376;2021-12-02;2094;3;3;90;39;22;0;0;57;1;118546,28;118546,28;118546,28;22.645.262/0001-46;NREYS ENGENHARIA LTDA;118546,28;95667,29;95667,29;22878,99;0,0;0;22878,99;18942,76;0;1398,54;0,0;0;1398,54;0;3284,31;746,62;0
4691;Portaria;9247216;2021;36;1450376;2021-12-09;2094;4;4;90;52;7;0;0;57;1;99175,0;99175,0;99175,0;81.243.735/0009-03;POSITIVO TECNOLOGIA S.A.;99175,0;0,0;0,0;99175,0;0,0;0;99175,0;99175,0;0;0,0;0,0;0;0,0;0;0,0;0,0;0
4691;Portaria;9247216;2021;37;1450376;2021-12-09;2094;4;4;90;52;7;0;0;57;1;35040,0;35040,0;35040,0;65.149.197/0002-51;REPREMIG REPRESENTACAO E COMERCIO DE MINAS GERAIS LTDA;35040,0;0,0;0,0;35040,0;0,0;0;35040,0;35040,0;0;0,0;0,0;0;0,0;0;0,0;0,0;0
4691;Portaria;9247216;2021;54;1450376;2021-12-21;2094;4;4;90;52;14;0;0;57;1;0,0;20229,0;20229,0;34.329.066/0001-41;ESPACO A MOVEIS LTDA;0,0;0,0;0,0;20229,0;0,0;0;20229,0;20229,0;0;0,0;0,0;0;0,0;0;0,0;0,0;0
4691;Portaria;9247216;2021;54;1450376;2021-12-21;2094;4;4;90;52;14;0;0;57;1;20229,0;0,0;0,0;34.329.066/0001-41;ESPACO A MOVEIS PLANEJADOS LTDA;20229,0;0,0;0,0;0,0;0,0;0;0,0;0,0;0;0,0;0,0;0;0,0;0;0,0;0,0;0
4691;Portaria;9247216;2021;55;1450376;2021-12-21;2094;4;4;90;52;25;0;0;57;1;0,0;8240,0;8240,0;34.329.066/0001-41;ESPACO A MOVEIS LTDA;0,0;0,0;0,0;8240,0;0,0;0;8240,0;8240,0;0;0,0;0,0;0;0,0;0;0,0;0,0;0
4691;Portaria;9247216;2021;55;1450376;2021-12-21;2094;4;4;90;52;25;0;0;57;1;8240,0;0,0;0,0;34.329.066/0001-41;ESPACO A MOVEIS PLANEJADOS LTDA;8240,0;0,0;0,0;0,0;0,0;0;0,0;0,0;0;0,0;0,0;0;0,0;0;0,0;0,0;0
4691;Portaria;9247216;2021;58;1450376;2021-12-22;2094;4;4;90;52;13;0;0;57;1;1074,4;1074,4;1074,4;18.929.297/0001-30;CIRURGICA NORTE BRASIL PRODUTOS MEDICOS HOSPITALARES LTDA - ME;1074,4;0,0;0,0;1074,4;0,0;0;1074,4;1074,4;0;0,0;0,0;0;0,0;0;0,0;0,0;0
4691;Portaria;9247216;2021;59;1450376;2021-12-22;2094;4;4;90;52;13;0;0;57;1;9841,0;9841,0;9841,0;07.590.023/0001-42;HAND LIFE SUPRIMENTOS MEDICOS E FISIOTERAPICOS LTDA;9841,0;0,0;0,0;9841,0;0,0;0;9841,0;9841,0;0;0,0;0,0;0;0,0;0;0,0;0,0;0
4691;Portaria;9247216;2021;60;1450376;2021-12-22;2094;4;4;90;52;14;0;0;57;1;200,0;200,0;200,0;07.590.023/0001-42;HAND LIFE SUPRIMENTOS MEDICOS E FISIOTERAPICOS LTDA;200,0;0,0;0,0;200,0;0,0;0;200,0;200,0;0;0,0;0,0;0;0,0;0;0,0;0,0;0
4691;Portaria;9247216;2021;61;1450376;2021-12-22;2094;4;4;90;52;9;0;0;57;1;2400,0;2400,0;2400,0;07.590.023/0001-42;HAND LIFE SUPRIMENTOS MEDICOS E FISIOTERAPICOS LTDA;2400,0;0,0;0,0;2400,0;0,0;0;2400,0;2400,0;0;0,0;0,0;0;0,0;0;0,0;0,0;0
4691;Portaria;9247216;2021;62;1450376;2021-12-22;2094;4;4;90;52;9;0;0;57;1;615,92;615,92;615,92;03.479.428/0001-57;ATUANTE COMERCIAL LTDA -ME;615,92;0,0;0,0;615,92;0,0;0;615,92;615,92;0;0,0;0,0;0;0,0;0;0,0;0,0;0
4691;Portaria;9247216;2021;63;1450376;2021-12-22;2094;4;4;90;52;14;0;0;57;1;1933,05;1933,05;1933,05;27.602.134/0001-39;HEALTH SANTA LUZIA LTDA;1933,05;0,0;0,0;1933,05;0,0;0;1933,05;1933,05;0;0,0;0,0;0;0,0;0;0,0;0,0;0
4691;Portaria;9247216;2021;64;1450376;2021-12-22;2094;4;4;90;52;9;0;0;57;1;6330,0;6330,0;6330,0;21.971.041/0001-03;K.C.R.S. COMERCIO DE EQUIPAMENTOS LTDA;6330,0;0,0;0,0;6330,0;0,0;0;6330,0;6330,0;0;0,0;0,0;0;0,0;0;0,0;0,0;0
4691;Portaria;9247216;2021;65;1450376;2021-12-22;2094;4;4;90;52;9;0;0;57;1;5700,0;5700,0;5700,0;01.405.834/0001-40;MTB TECNOLOGIA LTDA -EPP;5700,0;0,0;0,0;5700,0;0,0;0;5700,0;5700,0;0;0,0;0,0;0;0,0;0;0,0;0,0;0
4691;Portaria;9247216;2021;66;1450376;2021-12-22;2094;4;4;90;52;9;0;0;57;1;3790,0;3790,0;3790,0;07.590.023/0001-42;HAND LIFE SUPRIMENTOS MEDICOS E FISIOTERAPICOS LTDA;3790,0;0,0;0,0;3790,0;0,0;0;3790,0;3790,0;0;0,0;0,0;0;0,0;0;0,0;0,0;0
4691;Portaria;9247216;2021;67;1450376;2021-12-22;2094;4;4;90;52;11;0;0;57;1;449,0;449,0;449,0;07.590.023/0001-42;HAND LIFE SUPRIMENTOS MEDICOS E FISIOTERAPICOS LTDA;449,0;0,0;0,0;449,0;0,0;0;449,0;449,0;0;0,0;0,0;0;0,0;0;0,0;0,0;0
4691;Portaria;9247216;2021;68;1450376;2021-12-22;2094;4;4;90;52;14;0;0;57;1;10173,55;10173,55;10173,55;07.590.023/0001-42;HAND LIFE SUPRIMENTOS MEDICOS E FISIOTERAPICOS LTDA;10173,55;0,0;0,0;10173,55;0,0;0;10173,55;10173,55;0;0,0;0,0;0;0,0;0;0,0;0,0;0
4691;Portaria;9247216;2021;71;1450376;2021-12-30;2094;4;4;90;52;13;0;0;57;1;23489,0;23489,0;23489,0;41.453.677/0002-43;3G FITNESS LTDA;23489,0;0,0;0,0;23489,0;0,0;0;23489,0;23489,0;0;0,0;0,0;0;0,0;0;0,0;0,0;0
4691;Portaria;9247216;2021;73;1450376;2021-12-30;2094;4;4;90;52;9;0;0;57;1;14850,0;14850,0;14850,0;23.443.459/0001-65;CAROLAYNE CARBONI BERNARDO;14850,0;0,0;0,0;14850,0;0,0;0;14850,0;14850,0;0;0,0;0,0;0;0,0;0;0,0;0,0;0
4691;Portaria;9247216;2022;1;1450005;2022-04-05;2094;4;4;90;52;14;0;0;57;1;35556,0;35556,0;35556,0;08.221.047/0001-97;ACHEI INDUSTRIA DE MOVEIS LTDA;35556,0;35556,0;35556,0;0,0;0,0;0;0,0;0,0;0;0,0;0,0;0;0,0;0;0,0;0,0;0
4691;Portaria;9247216;2022;1;1450380;2022-11-21;2094;3;3;90;39;9;0;0;57;1;50762,67;50762,67;50762,67;01.187.307/0001-06;DEZOITO COMUNICACAO LTDA;107685,3;0,0;0,0;136621,72;56922,63;0;50762,67;49525,67;0;0,0;0,0;0;0,0;0;1237,0;0,0;0
4691;Portaria;9247216;2022;2;1450005;2022-04-05;2094;4;4;90;52;14;0;0;57;1;2312,82;2312,82;2312,82;10.205.116/0001-10;COMERCIO SILVEIRA ATACADISTA DE MOVEIS MOGI MIRIM LTDA;2312,82;2312,82;0,0;0,0;0,0;0;0,0;0,0;0;2312,82;0,0;0;2312,82;0;0,0;0,0;0
4691;Portaria;9247216;2022;2;1450015;2022-03-28;2094;4;4;90;52;14;0;0;57;1;15360,0;15360,0;15360,0;21.306.287/0001-52;TECNO 2000 INDUSTRIA E COMERCIO LTDA;15360,0;15360,0;15360,0;0,0;0,0;0;0,0;0,0;0;0,0;0,0;0;0,0;0;0,0;0,0;0
4691;Portaria;9247216;2022;2;1450376;2022-03-10;2094;4;4;90;52;17;0;0;57;1;0,0;0,0;0,0;08.933.586/0001-59;USATEC BSB VEICULOS ESPECIAIS LTDA;344263,0;0,0;0,0;344263,0;344263,0;0;0,0;0,0;0;0,0;0,0;0;0,0;0;0,0;0,0;0
4691;Portaria;9247216;2022;3;1450005;2022-04-05;2094;4;4;90;52;14;0;0;57;1;7770,0;7770,0;7770,0;19.349.607/0001-00;CLASSIC COMERCIO LTDA - ME;7770,0;7770,0;7770,0;0,0;0,0;0;0,0;0,0;0;0,0;0,0;0;0,0;0;0,0;0,0;0
4691;Portaria;9247216;2022;4;1450005;2022-04-05;2094;4;4;90;52;14;0;0;57;1;32400,0;32400,0;32400,0;23.044.715/0002-22;DETTO MOBILIARIO CORPORATIVO LTDA;32400,0;32400,0;32400,0;0,0;0,0;0;0,0;0,0;0;0,0;0,0;0;0,0;0;0,0;0,0;0
4691;Portaria;9247216;2022;4;1450376;2022-03-17;2094;4;4;90;52;14;0;0;57;1;72085,0;72085,0;72085,0;02.604.236/0001-62;LAYOUT MOVEIS PARA ESCRITORIO LTDA;72085,0;72085,0;72085,0;0,0;0,0;0;0,0;0,0;0;0,0;0,0;0;0,0;0;0,0;0,0;0
4691;Portaria;9247216;2022;4;1450377;2022-06-15;2094;3;3;90;39;22;0;0;57;1;2703,42;2703,42;2703,42;28.198.204/0001-06;PARAMAR ENGENHARIA LTDA;2703,42;2703,42;2703,42;0,0;0,0;0;0,0;0,0;0;0,0;0,0;0;0,0;0;0,0;0,0;0
4691;Portaria;9247216;2022;5;1450005;2022-04-05;2094;4;4;90;52;14;0;0;57;1;39708,0;39708,0;39708,0;21.306.287/0001-52;TECNO 2000 INDUSTRIA E COMERCIO LTDA;39708,0;39708,0;39708,0;0,0;0,0;0;0,0;0,0;0;0,0;0,0;0;0,0;0;0,0;0,0;0
4691;Portaria;9247216;2022;5;1450015;2022-04-18;2094;4;4;90;52;14;0;0;57;1;380,0;380,0;380,0;07.467.900/0001-92;GOL COMERCIO E INDUSTRIA LTDA;380,0;380,0;380,0;0,0;0,0;0;0,0;0,0;0;0,0;0,0;0;0,0;0;0,0;0,0;0
4691;Portaria;9247216;2022;5;1450377;2022-07-05;2094;3;3;90;30;10;0;0;57;1;56730,0;56730,0;56730,0;09.426.307/0001-23;GOLD CARE EQUIPAMENTOS HOSPITALARES LTDA;56730,0;56730,0;56730,0;0,0;0,0;0;0,0;0,0;0;0,0;0,0;0;0,0;0;0,0;0,0;0
4691;Portaria;9247216;2022;6;1450005;2022-04-11;2094;4;4;90;52;14;0;0;57;1;19756,0;19756,0;19756,0;75.395.665/0001-40;INDUSTRIA E COMERCIO DE MOVEIS LACHI LTDA.;19756,0;19756,0;19756,0;0,0;0,0;0;0,0;0,0;0;0,0;0,0;0;0,0;0;0,0;0,0;0
4691;Portaria;9247216;2022;7;1450377;2022-08-23;2094;3;3;90;39;22;0;0;57;1;110849,0;110849,0;110849,0;09.495.124/0001-60;MID CONSTRUCAO, COMERCIO E SERVICOS LTDA;110849,0;0,0;0,0;110849,0;0,0;0;110849,0;106893,52;0;0,0;0,0;0;0,0;0;3955,48;0,0;0
4691;Portaria;9247216;2022;8;1450015;2022-05-04;2094;4;4;90;52;8;0;0;57;1;1554,0;1554,0;1554,0;40.305.811/0001-15;SIC LOGISTICA E DISTRIBUIDORA LTDA;1554,0;1554,0;1554,0;0,0;0,0;0;0,0;0,0;0;0,0;0,0;0;0,0;0;0,0;0,0;0
4691;Portaria;9247216;2022;9;1450005;2022-05-10;2094;4;4;90;52;8;0;0;57;1;5965,5;5965,5;5965,5;65.149.197/0002-51;REPREMIG REPRESENTACAO E COMERCIO DE MINAS GERAIS LTDA;5965,5;5965,5;5965,5;0,0;0,0;0;0,0;0,0;0;0,0;0,0;0;0,0;0;0,0;0,0;0
4691;Portaria;9247216;2022;9;1450376;2022-03-28;2094;4;4;90;52;13;0;0;57;1;39253,5;39253,5;39253,5;11.753.865/0001-45;BRASFITNESS COMERCIO DE ARTIGOS ESPORTIVOS LTDA;39253,5;39253,5;39253,5;0,0;0,0;0;0,0;0,0;0;0,0;0,0;0;0,0;0;0,0;0,0;0
4691;Portaria;9247216;2022;10;1450005;2022-05-10;2094;4;4;90;52;25;0;0;57;1;6267,0;6267,0;6267,0;65.313.538/0001-00;PRESTOBAT LTDA -EPP;6267,0;6267,0;6267,0;0,0;0,0;0;0,0;0,0;0;0,0;0,0;0;0,0;0;0,0;0,0;0
4691;Portaria;9247216;2022;10;1450376;2022-03-28;2094;4;4;90;52;9;0;0;57;1;11800,0;11800,0;11800,0;11.753.865/0001-45;BRASFITNESS COMERCIO DE ARTIGOS ESPORTIVOS LTDA;11800,0;11800,0;11800,0;0,0;0,0;0;0,0;0,0;0;0,0;0,0;0;0,0;0;0,0;0,0;0
4691;Portaria;9247216;2022;11;1450015;2022-07-29;2094;4;4;90;52;8;0;0;57;1;1050,0;1050,0;1050,0;11.777.618/0001-89;WALAS STORE LTDA;1050,0;1050,0;1050,0;0,0;0,0;0;0,0;0,0;0;0,0;0,0;0;0,0;0;0,0;0,0;0
4691;Portaria;9247216;2022;12;1450015;2022-07-29;2094;4;4;90;52;8;0;0;57;1;3990,0;3990,0;3990,0;38.179.851/0001-16;B2G COMERCIO DE PRODUTOS E EQUIPAMENTOS LIMITADA;3990,0;3990,0;3990,0;0,0;0,0;0;0,0;0,0;0;0,0;0,0;0;0,0;0;0,0;0,0;0
4691;Portaria;9247216;2022;12;1450376;2022-04-04;2094;4;4;90;52;9;0;0;57;1;6364,0;6364,0;6364,0;27.602.134/0001-39;HEALTH SANTA LUZIA LTDA;6364,0;6364,0;6364,0;0,0;0,0;0;0,0;0,0;0;0,0;0,0;0;0,0;0;0,0;0,0;0
4691;Portaria;9247216;2022;13;1450005;2022-05-31;2094;4;4;90;52;13;0;0;57;1;10560,0;10560,0;10560,0;41.453.677/0002-43;3G FITNESS LTDA;10560,0;10560,0;10560,0;0,0;0,0;0;0,0;0,0;0;0,0;0,0;0;0,0;0;0,0;0,0;0
4691;Portaria;9247216;2022;13;1450015;2022-07-29;2094;4;4;90;52;8;0;0;57;1;4455,0;4455,0;4455,0;71.402.192/0001-00;ELETROELETRONICOS INCONFIDENTES EIRELI;4455,0;4455,0;4455,0;0,0;0,0;0;0,0;0,0;0;0,0;0,0;0;0,0;0;0,0;0,0;0
4691;Portaria;9247216;2022;14;1450005;2022-05-31;2094;4;4;90;52;13;0;0;57;1;9076,08;9076,08;9076,08;02.885.591/0001-57;CENTURY COMERCIAL EIRELI;9076,08;9076,08;9076,08;0,0;0,0;0;0,0;0,0;0;0,0;0,0;0;0,0;0;0,0;0,0;0
4691;Portaria;9247216;2022;14;1450015;2022-07-29;2094;4;4;90;52;8;0;0;57;1;14214,7;14214,7;14214,7;14.443.066/0001-60;MJF INFORMATICA LTDA;14214,7;14214,7;14214,7;0,0;0,0;0;0,0;0,0;0;0,0;0,0;0;0,0;0;0,0;0,0;0
4691;Portaria;9247216;2022;15;1450005;2022-05-31;2094;4;4;90;52;13;0;0;57;1;1100,0;1100,0;1100,0;08.738.035/0001-34;MAXIMUS ESPORTES COMERCIO LTDA;1100,0;1100,0;1100,0;0,0;0,0;0;0,0;0,0;0;0,0;0,0;0;0,0;0;0,0;0,0;0
4691;Portaria;9247216;2022;16;1450005;2022-05-31;2094;4;4;90;52;13;0;0;57;1;7049,84;7049,84;7049,84;43.029.546/0001-88;INB COMERCIO LTDA;7049,84;7049,84;7049,84;0,0;0,0;0;0,0;0,0;0;0,0;0,0;0;0,0;0;0,0;0,0;0
4691;Portaria;9247216;2022;16;1450015;2022-08-25;2094;4;4;90;52;7;0;0;57;1;55538,0;55538,0;55538,0;81.243.735/0009-03;POSITIVO TECNOLOGIA S.A.;55538,0;55538,0;55538,0;0,0;0,0;0;0,0;0,0;0;0,0;0,0;0;0,0;0;0,0;0,0;0
4691;Portaria;9247216;2022;18;1450015;2022-09-27;2094;3;3;90;39;48;0;0;57;1;25000,0;25000,0;25000,0;29.655.740/0001-48;BR CONSULTORIA E DESENVOLVIMENTO PROFISSIONAL LTDA;25000,0;25000,0;10000,0;0,0;0,0;0;0,0;0,0;0;15000,0;0,0;0;15000,0;0;0,0;0,0;0
4691;Portaria;9247216;2022;19;1450015;2022-12-06;2094;4;4;90;52;7;0;0;57;1;24605,5;24605,5;24605,5;81.243.735/0019-77;POSITIVO TECNOLOGIA S.A.;24605,5;0,0;0,0;24605,5;0,0;0;24605,5;24605,5;0;0,0;0,0;0;0,0;0;0,0;0,0;0
4691;Portaria;9247216;2022;20;1450005;2022-10-04;2094;4;4;90;52;6;0;0;57;1;5764,0;5764,0;5764,0;17.359.233/0001-88;TECIDOS E ARMARINHOS MIGUEL BARTOLOMEU S/A;5764,0;5764,0;5764,0;0,0;0,0;0;0,0;0,0;0;0,0;0,0;0;0,0;0;0,0;0,0;0
4691;Portaria;9247216;2022;22;1450005;2022-12-30;2094;4;4;90;52;17;0;0;57;1;88940,0;88940,0;88940,0;01.654.749/0001-15;STRADA VEICULOS E PECAS LTDA;88940,0;0,0;0,0;88940,0;0,0;0;88940,0;88940,0;0;0,0;0,0;0;0,0;0;0,0;0,0;0
4691;Portaria;9247216;2022;33;1450378;2022-12-22;2094;3;3;90;30;19;0;0;57;1;9200,0;9200,0;9200,0;08.346.161/0001-43;F & F EQUIPAMENTOS DE GINASTICA E MUSCULACAO LTDA;9200,0;0,0;0,0;9200,0;0,0;0;9200,0;9200,0;0;0,0;0,0;0;0,0;0;0,0;0,0;0
4691;Portaria;9247216;2022;34;1450378;2022-12-22;2094;3;3;90;30;99;0;0;57;1;10953,0;10953,0;10953,0;08.346.161/0001-43;F & F EQUIPAMENTOS DE GINASTICA E MUSCULACAO LTDA;10953,0;0,0;0,0;10953,0;0,0;0;10953,0;10953,0;0;0,0;0,0;0;0,0;0;0,0;0,0;0
4691;Portaria;9247216;2022;35;1450378;2022-12-22;2094;3;3;90;30;22;0;0;57;1;240,0;240,0;240,0;08.346.161/0001-43;F & F EQUIPAMENTOS DE GINASTICA E MUSCULACAO LTDA;240,0;0,0;0,0;240,0;0,0;0;240,0;240,0;0;0,0;0,0;0;0,0;0;0,0;0,0;0
4691;Portaria;9247216;2022;36;1450378;2022-12-22;2094;4;4;90;52;13;0;0;57;1;510140,0;510140,0;510140,0;08.346.161/0001-43;F & F EQUIPAMENTOS DE GINASTICA E MUSCULACAO LTDA;510140,0;0,0;0,0;510140,0;0,0;0;510140,0;510140,0;0;0,0;0,0;0;0,0;0;0,0;0,0;0
4691;Portaria;9247216;2022;37;1450378;2022-12-22;2094;3;3;90;30;2;0;0;57;1;223466,0;223466,0;223466,0;08.346.161/0001-43;F & F EQUIPAMENTOS DE GINASTICA E MUSCULACAO LTDA;223466,0;0,0;0,0;223466,0;0,0;0;223466,0;223466,0;0;0,0;0,0;0;0,0;0;0,0;0,0;0
4691;Portaria;9247216;2022;38;1450378;2022-12-28;2094;4;4;90;52;13;0;0;57;1;82657,0;82657,0;82657,0;08.346.161/0001-43;F & F EQUIPAMENTOS DE GINASTICA E MUSCULACAO LTDA;82657,0;0,0;0,0;82657,0;0,0;0;82657,0;82657,0;0;0,0;0,0;0;0,0;0;0,0;0,0;0
4691;Portaria;9247216;2022;39;1450378;2022-12-28;2094;3;3;90;30;2;0;0;57;1;10196,0;10196,0;10196,0;08.346.161/0001-43;F & F EQUIPAMENTOS DE GINASTICA E MUSCULACAO LTDA;10196,0;0,0;0,0;10196,0;0,0;0;10196,0;10196,0;0;0,0;0,0;0;0,0;0;0,0;0,0;0
4691;Portaria;9247216;2022;94;1450376;2022-10-24;2094;4;4;90;52;9;0;0;57;1;750,0;750,0;750,0;07.590.023/0001-42;HAND LIFE SUPRIMENTOS MEDICOS E FISIOTERAPICOS LTDA;750,0;750,0;750,0;0,0;0,0;0;0,0;0,0;0;0,0;0,0;0;0,0;0;0,0;0,0;0
4691;Portaria;9247216;2022;95;1450376;2022-10-24;2094;4;4;90;52;13;0;0;57;1;3400,0;3400,0;3400,0;37.670.865/0001-75;EXCLUSIVE FITPLAY FITNESS E PLAYGROUNDS LTDA;3400,0;0,0;0,0;3400,0;0,0;0;3400,0;3400,0;0;0,0;0,0;0;0,0;0;0,0;0,0;0
4691;Portaria;9247216;2022;96;1450376;2022-10-25;2094;4;4;90;52;9;0;0;57;1;13179,99;13179,99;13179,99;00.267.908/0001-66;HAND SHOP SUPRIMENTOS MEDICOS & TERAPEUTICOS LTDA;13179,99;13179,99;13179,99;0,0;0,0;0;0,0;0,0;0;0,0;0,0;0;0,0;0;0,0;0,0;0
4691;Portaria;9247216;2022;111;1450376;2022-11-25;2094;3;3;90;39;22;0;0;57;1;2594,92;2594,92;2594,92;22.645.262/0001-46;NREYS ENGENHARIA LTDA;2594,92;2594,92;249,11;0,0;0,0;0;0,0;0,0;0;2345,81;0,0;0;2345,81;0;0,0;0,0;0
4691;Portaria;9247216;2023;1;1450005;2023-05-29;2094;4;4;90;52;13;0;0;57;1;17900,0;17900,0;17900,0;41.453.677/0002-43;3G FITNESS LTDA;17900,0;17900,0;17900,0;0,0;0,0;0;0,0;0,0;0;0,0;0,0;0;0,0;0;0,0;0,0;0
4691;Portaria;9247216;2023;1;1450015;2023-03-10;2094;4;4;90;52;7;0;0;57;1;11938,2;11938,2;11938,2;07.275.920/0001-61;LENOVO TECNOLOGIA (BRASIL) LIMITADA;11938,2;11938,2;11938,2;0,0;0,0;0;0,0;0,0;0;0,0;0,0;0;0,0;0;0,0;0,0;0
4691;Portaria;9247216;2023;1;1450380;2023-09-27;2094;3;3;90;39;9;0;0;57;1;0,0;0,0;0,0;01.187.307/0001-06;DEZOITO COMUNICACAO LTDA;758134,83;0,0;0,0;758134,83;758134,83;0;0,0;0,0;0;0,0;0,0;0;0,0;0;0,0;0,0;0
4691;Portaria;9247216;2023;2;1450005;2023-05-29;2094;4;4;90;52;13;0;0;57;1;28495,36;28495,36;28495,36;26.218.155/0001-92;BRASIL PAPERS, INDUSTRIA, COMERCIO E DISTRIBUICAO DE PRODUTOS E EQUIPA;28495,36;28495,36;28495,36;0,0;0,0;0;0,0;0,0;0;0,0;0,0;0;0,0;0;0,0;0,0;0
4691;Portaria;9247216;2023;3;1450005;2023-06-07;2094;4;4;90;52;13;0;0;57;1;29500,0;29500,0;29500,0;02.885.591/0001-57;CENTURY COMERCIAL LTDA;29500,0;29500,0;0,0;0,0;0,0;0;0,0;0,0;0;29500,0;0,0;0;29500,0;0;0,0;0,0;0
4691;Portaria;9247216;2023;4;1450005;2023-09-15;2094;4;4;90;52;7;0;0;57;1;749,0;749,0;749,0;18.152.404/0001-66;MAQNETE COMERCIO E SERVICOS LTDA -ME;749,0;749,0;0,0;0,0;0,0;0;0,0;0,0;0;749,0;0,0;0;740,01;0;8,99;0,0;0
4691;Portaria;9247216;2023;5;1450005;2023-10-11;2094;4;4;90;52;9;0;0;57;1;4800,0;4800,0;4800,0;09.251.627/0001-90;K.C.R. INDUSTRIA E COMERCIO DE EQUIPAMENTOS LTDA;4800,0;0,0;0,0;4800,0;0,0;0;4800,0;0,0;0;4800,0;0,0;0;4742,4;0;57,6;0,0;0
4691;Portaria;9247216;2023;8;1450005;2023-11-10;2094;3;3;90;30;16;0;0;57;1;607,25;607,25;607,25;08.164.723/0001-38;MTV.NET INFORMATICA E ELETRONICA LTDA;607,25;0,0;0,0;607,25;0,0;0;607,25;607,25;0;0,0;0,0;0;0,0;0;0,0;0,0;0
4691;Portaria;9247216;2023;9;1450005;2023-11-10;2094;3;3;90;30;15;0;0;57;1;1310,75;1310,75;1310,75;08.164.723/0001-38;MTV.NET INFORMATICA E ELETRONICA LTDA;1310,75;0,0;0,0;1310,75;0,0;0;1310,75;1310,75;0;0,0;0,0;0;0,0;0;0,0;0,0;0
4691;Portaria;9247216;2023;10;1450005;2023-11-10;2094;3;3;90;30;16;0;0;57;1;66,48;66,48;66,48;18.152.404/0001-66;MAQNETE COMERCIO E SERVICOS LTDA -ME;66,48;0,0;0,0;66,48;0,0;0;66,48;65,68;0;0,0;0,0;0;0,0;0;0,8;0,0;0
4691;Portaria;9247216;2023;13;1450005;2023-12-13;2094;4;4;90;52;10;0;0;57;1;8137,0;8137,0;8137,0;19.561.435/0001-33;AGENES S.DA SILVA SUPRIMENTOS DE INFORMATICA LTDA;8137,0;0,0;0,0;8137,0;0,0;0;8137,0;8137,0;0;0,0;0,0;0;0,0;0;0,0;0,0;0
4691;Portaria;9247216;2023;16;1450015;2023-12-29;2094;4;4;90;52;9;0;0;57;1;38670,0;38670,0;38670,0;07.791.107/0001-44;ELEC INDUSTRIA E COMERCIO DE EQUIPAMENTOS DE MEDICAO LTDA;38670,0;0,0;0,0;38670,0;0,0;0;38670,0;38205,96;0;0,0;0,0;0;0,0;0;464,04;0,0;0
4691;Portaria;9247216;2023;16;1450376;2023-03-09;2094;4;4;90;52;7;0;0;57;1;3474,25;3474,25;3474,25;07.820.223/0001-44;MARCELO LUIZ CLEMENTE BRANDAO -ME;3474,25;3474,25;3474,25;0,0;0,0;0;0,0;0,0;0;0,0;0,0;0;0,0;0;0,0;0,0;0
4691;Portaria;9247216;2023;26;1450376;2023-05-22;2094;3;3;90;39;26;0;0;57;1;65,63;65,63;65,63;29.979.036/0001-40;INSTITUTO NACIONAL DO SEGURO SOCIAL;65,63;65,63;65,63;0,0;0,0;0;0,0;0,0;0;0,0;0,0;0;0,0;0;0,0;0,0;0
4691;Portaria;9247216;2023;28;1450377;2023-12-22;2094;3;3;90;39;26;0;0;57;1;81,19;81,19;81,19;17.095.043/0001-09;PM BARBACENA;700,0;700,0;81,19;0,0;0,0;0;0,0;0,0;0;618,81;618,81;0;0,0;0;0,0;0,0;0
4691;Portaria;9247216;2023;30;1450376;2023-07-20;2094;4;4;90;52;7;0;0;57;1;907,0;907,0;907,0;15.464.751/0001-36;JOVIC COMERCIAL E SERVICOS LTDA;907,0;907,0;907,0;0,0;0,0;0;0,0;0,0;0;0,0;0,0;0;0,0;0;0,0;0,0;0
4691;Portaria;9247216;2023;33;1450377;2023-12-27;2094;3;3;90;39;26;0;0;57;1;329,3;329,3;329,3;18.715.383/0001-40;PM BELO HORIZONTE;371,16;329,3;329,3;41,86;41,86;0;0,0;0,0;0;0,0;0,0;0;0,0;0;0,0;0,0;0
4691;Portaria;9247216;2023;34;1450377;2023-12-27;2094;3;3;90;39;26;0;0;57;1;80,36;80,36;80,36;29.979.036/0001-40;INSTITUTO NACIONAL DO SEGURO SOCIAL;80,36;80,36;80,36;0,0;0,0;0;0,0;0,0;0;0,0;0,0;0;0,0;0;0,0;0,0;0
4691;Portaria;9247216;2023;40;1450376;2023-09-06;2094;4;4;90;51;7;0;0;57;1;144299,87;144299,87;144299,87;19.108.740/0001-74;CONFIANCA SOLUCOES LTDA;144299,87;0,0;0,0;144299,87;0,0;0;144299,87;138455,73;0;0,0;0,0;0;0,0;0;5844,14;0,0;0
4691;Portaria;9247216;2023;65;1450376;2023-12-27;2094;4;4;90;52;17;0;0;57;1;276900,0;276900,0;276900,0;26.991.097/0001-35;SIGMA MAQUINAS E REPRESENTACOES LTDA;276900,0;0,0;0,0;276900,0;0,0;0;276900,0;273577,2;0;0,0;0,0;0;0,0;0;3322,8;0,0;0
4691;Portaria;9247216;2023;66;1450376;2023-12-27;2094;3;3;90;39;22;0;0;57;1;18724,55;18724,55;18724,55;22.645.262/0001-46;NREYS ENGENHARIA LTDA;18724,55;18724,55;1497,96;0,0;0,0;0;0,0;0,0;0;17226,59;0,0;0;17226,59;0;0,0;0,0;0
4691;Portaria;9247216;2023;94;1450378;2023-12-22;2094;4;4;90;52;13;0;0;57;1;90148,0;90148,0;90148,0;08.346.161/0001-43;F & F EQUIPAMENTOS DE GINASTICA E MUSCULACAO LTDA;90148,0;0,0;0,0;90148,0;0,0;0;90148,0;90148,0;0;0,0;0,0;0;0,0;0;0,0;0,0;0
4691;Portaria;9247216;2023;95;1450378;2023-12-22;2094;3;3;90;30;2;0;0;57;1;4800,0;4800,0;4800,0;40.217.448/0001-86;FACILITA COMERCIO LTDA;4800,0;0,0;0,0;4800,0;0,0;0;4800,0;4800,0;0;0,0;0,0;0;0,0;0;0,0;0,0;0
4691;Portaria;9247216;2023;96;1450378;2023-12-22;2094;3;3;90;30;19;0;0;57;1;10836,06;10836,06;10836,06;28.429.720/0001-96;GLOBAL DISTRIBUICAO E SERVICOS LTDA;10836,06;0,0;0,0;10836,06;0,0;0;10836,06;10836,06;0;0,0;0,0;0;0,0;0;0,0;0,0;0
4691;Portaria;9247216;2023;97;1450378;2023-12-22;2094;4;4;90;52;13;0;0;57;1;78990,0;78990,0;78990,0;08.346.161/0001-43;F & F EQUIPAMENTOS DE GINASTICA E MUSCULACAO LTDA;78990,0;0,0;0,0;78990,0;0,0;0;78990,0;78990,0;0;0,0;0,0;0;0,0;0;0,0;0,0;0
4691;Portaria;9247216;2024;1;1450377;2024-03-25;2071;3;3;90;39;22;0;0;57;1;147199,65;147199,65;147199,65;40.760.030/0001-10;RYCIM CONSTRUCOES LTDA;147199,65;98885,3;98885,3;48314,35;0,0;0;48314,35;45898,63;0;0,0;0,0;0;0,0;0;2415,72;0,0;0
4691;Portaria;9247216;2024;2;1450377;2024-03-25;2071;4;4;90;51;7;0;0;57;1;465481,39;465481,39;465481,39;40.760.030/0001-10;RYCIM CONSTRUCOES LTDA;465481,39;376793,29;376793,29;88688,1;0,0;0;88688,1;84253,69;0;0,0;0,0;0;0,0;0;4434,41;0,0;0
4691;Portaria;9247216;2024;3;1450009;2024-06-12;2071;4;4;90;52;14;0;0;57;1;12350,0;12350,0;12350,0;86.729.324/0002-61;MILANFLEX INDUSTRIA E COMERCIO DE MOVEIS E EQUIPAMENTOS LTDA;12350,0;12350,0;12350,0;0,0;0,0;0;0,0;0,0;0;0,0;0,0;0;0,0;0;0,0;0,0;0
4691;Portaria;9247216;2024;5;1450380;2024-07-25;2071;3;3;90;39;9;0;0;57;1;81826,61;81826,61;81826,61;01.187.307/0001-06;DEZOITO COMUNICACAO LTDA;83463,13;3871,8;3871,8;79591,33;1636,52;0;77954,81;77504,41;0;0,0;0,0;0;0,0;0;450,4;0,0;0
4691;Portaria;9247216;2024;7;1450005;2024-04-05;2071;4;4;90;52;25;0;0;57;1;13094,64;13094,64;13094,64;17.417.928/0001-79;VENTISOL DA AMAZONIA INDUSTRIA DE APARELHOS ELETRICOS LTDA;13094,64;13094,64;13094,64;0,0;0,0;0;0,0;0,0;0;0,0;0,0;0;0,0;0;0,0;0,0;0
4691;Portaria;9247216;2024;7;1450009;2024-09-19;2071;4;4;90;52;14;0;0;57;1;3590,0;3590,0;3590,0;06.538.230/0001-95;MAMUTE BRASIL INDUSTRIA E COMERCIO DE MOVEIS LTDA -EPP;3590,0;3590,0;3590,0;0,0;0,0;0;0,0;0,0;0;0,0;0,0;0;0,0;0;0,0;0,0;0
4691;Portaria;9247216;2024;8;1450009;2024-09-19;2071;4;4;90;52;14;0;0;57;1;2319,75;2319,75;2319,75;09.368.381/0001-30;LOGGERAIS, INDUSTRIA, COMERCIO E DISTRIBUIDORA LTDA - ME;2319,75;0,0;0,0;2319,75;0,0;0;2319,75;2291,91;0;0,0;0,0;0;0,0;0;27,84;0,0;0
4691;Portaria;9247216;2024;9;1450009;2024-09-19;2071;4;4;90;52;14;0;0;57;1;3250,0;3250,0;3250,0;86.729.324/0002-61;MILANFLEX INDUSTRIA E COMERCIO DE MOVEIS E EQUIPAMENTOS LTDA;3250,0;3250,0;0,0;0,0;0,0;0;0,0;0,0;0;3250,0;0,0;0;3211,0;0;39,0;0,0;0
4691;Portaria;9247216;2024;9;1450377;2024-09-25;2071;3;3;90;39;26;0;0;57;1;912,41;912,41;912,41;17.095.043/0001-09;PM BARBACENA;912,41;912,41;912,41;0,0;0,0;0;0,0;0,0;0;0,0;0,0;0;0,0;0;0,0;0,0;0
4691;Portaria;9247216;2024;10;1450009;2024-09-30;2071;4;4;90;52;14;0;0;57;1;6528,0;6528,0;6528,0;08.221.047/0001-97;ACHEI INDUSTRIA DE MOVEIS LTDA;6528,0;0,0;0,0;6528,0;0,0;0;6528,0;6449,66;0;0,0;0,0;0;0,0;0;78,34;0,0;0
4691;Portaria;9247216;2024;12;1450378;2024-05-24;2071;3;3;90;30;19;0;0;57;1;39997,75;39997,75;39997,75;40.217.448/0001-86;FACILITA COMERCIO LTDA;39997,75;39997,75;39997,75;0,0;0,0;0;0,0;0,0;0;0,0;0,0;0;0,0;0;0,0;0,0;0
4691;Portaria;9247216;2024;13;1450378;2024-05-27;2071;4;4;90;52;13;0;0;57;1;36432,0;36432,0;36432,0;13.898.616/0001-73;METALURGICA FLEX FITNESS LTDA;36432,0;36432,0;36432,0;0,0;0,0;0;0,0;0,0;0;0,0;0,0;0;0,0;0;0,0;0,0;0
4691;Portaria;9247216;2024;15;1450005;2024-04-11;2071;4;4;90;52;9;0;0;57;1;900,0;900,0;900,0;52.996.305/0001-07;52.996.305 SILVANA DE JESUS DOS SANTOS;900,0;900,0;900,0;0,0;0,0;0;0,0;0,0;0;0,0;0,0;0;0,0;0;0,0;0,0;0
4691;Portaria;9247216;2024;16;1450005;2024-04-11;2071;4;4;90;52;8;0;0;57;1;2410,0;2410,0;2410,0;52.996.305/0001-07;52.996.305 SILVANA DE JESUS DOS SANTOS;2410,0;2410,0;2410,0;0,0;0,0;0;0,0;0,0;0;0,0;0,0;0;0,0;0;0,0;0,0;0
4691;Portaria;9247216;2024;17;1450005;2024-04-11;2071;4;4;90;52;9;0;0;57;1;6832,9;6832,9;6832,9;19.561.435/0001-33;AGENES S.DA SILVA SUPRIMENTOS DE INFORMATICA LTDA;6832,9;6832,9;6832,9;0,0;0,0;0;0,0;0,0;0;0,0;0,0;0;0,0;0;0,0;0,0;0
4691;Portaria;9247216;2024;18;1450376;2024-06-18;2071;4;4;90;52;7;0;0;57;1;82047,0;82047,0;82047,0;12.477.490/0002-81;LIDER NOTEBOOKS COMERCIO E SERVICOS LTDA;82047,0;82047,0;82047,0;0,0;0,0;0;0,0;0,0;0;0,0;0,0;0;0,0;0;0,0;0,0;0
4691;Portaria;9247216;2024;19;1450009;2024-10-14;2071;4;4;90;52;9;0;0;57;1;8358,22;8358,22;8358,22;02.885.591/0001-57;CENTURY COMERCIAL LTDA;8358,22;8358,22;0,0;0,0;0,0;0;0,0;0,0;0;8358,22;0,0;0;8358,22;0;0,0;0,0;0
4691;Portaria;9247216;2024;19;1450376;2024-06-19;2071;4;4;90;52;7;0;0;57;1;47460,0;47460,0;47460,0;59.717.553/0006-17;GRUPO MULTILASER S.A.;47460,0;0,0;0,0;47460,0;0,0;0;47460,0;46890,48;0;0,0;0,0;0;0,0;0;569,52;0,0;0
4691;Portaria;9247216;2024;20;1450005;2024-04-12;2071;4;4;90;52;13;0;0;57;1;14501,32;14501,32;14501,32;19.561.435/0001-33;AGENES S.DA SILVA SUPRIMENTOS DE INFORMATICA LTDA;14501,32;14501,32;14501,32;0,0;0,0;0;0,0;0,0;0;0,0;0,0;0;0,0;0;0,0;0,0;0
4691;Portaria;9247216;2024;20;1450009;2024-10-14;2071;4;4;90;52;13;0;0;57;1;2176,0;2176,0;2176,0;10.478.755/0001-50;BEAGA HOSPITALAR LTDA;2176,0;2176,0;2176,0;0,0;0,0;0;0,0;0,0;0;0,0;0,0;0;0,0;0;0,0;0,0;0
4691;Portaria;9247216;2024;22;1450009;2024-12-12;2071;4;4;90;52;7;0;0;57;1;11960,0;11960,0;11960,0;65.149.197/0002-51;REPREMIG REPRESENTACAO E COMERCIO DE MINAS GERAIS LTDA;11960,0;0,0;0,0;11960,0;0,0;0;11960,0;11816,48;0;0,0;0,0;0;0,0;0;143,52;0,0;0
4691;Portaria;9247216;2024;23;1450005;2024-04-19;2071;4;4;90;52;25;0;0;57;1;1262,55;1262,55;1262,55;01.590.728/0008-50;MICROTECNICA INFORMATICA LTDA;1262,55;1262,55;1262,55;0,0;0,0;0;0,0;0,0;0;0,0;0,0;0;0,0;0;0,0;0,0;0
4691;Portaria;9247216;2024;28;1450015;2024-11-06;2071;3;3;90;30;25;0;0;57;1;99625,0;99625,0;99625,0;28.800.804/0001-94;N SERVICOS DE ENGENHARIA EM PRODUCAO DE PLASTICOS 3D LTDA;99625,0;99625,0;99625,0;0,0;0,0;0;0,0;0,0;0;0,0;0,0;0;0,0;0;0,0;0,0;0
4691;Portaria;9247216;2024;31;1450005;2024-05-10;2071;4;4;90;52;14;0;0;57;1;803,4;803,4;803,4;07.266.248/0001-48;PAPELARIA OURO LTDA;803,4;803,4;803,4;0,0;0,0;0;0,0;0,0;0;0,0;0,0;0;0,0;0;0,0;0,0;0
4691;Portaria;9247216;2024;34;1450005;2024-05-14;2071;4;4;90;52;14;0;0;57;1;815,44;815,44;815,44;18.152.404/0001-66;MAQNETE COMERCIO E SERVICOS LTDA -ME;815,44;815,44;815,44;0,0;0,0;0;0,0;0,0;0;0,0;0,0;0;0,0;0;0,0;0,0;0
4691;Portaria;9247216;2024;36;1450005;2024-05-17;2071;4;4;90;52;25;0;0;57;1;24605,52;24605,52;24605,52;52.996.305/0001-07;52.996.305 SILVANA DE JESUS DOS SANTOS;24605,52;24605,52;24605,52;0,0;0,0;0;0,0;0,0;0;0,0;0,0;0;0,0;0;0,0;0,0;0
4691;Portaria;9247216;2024;44;1450005;2024-06-10;2071;4;4;90;52;7;0;0;57;1;21583,3;21583,3;21583,3;18.152.404/0001-66;MAQNETE COMERCIO E SERVICOS LTDA -ME;21583,3;21583,3;21583,3;0,0;0,0;0;0,0;0,0;0;0,0;0,0;0;0,0;0;0,0;0,0;0
4691;Portaria;9247216;2024;45;1450005;2024-06-10;2071;4;4;90;52;8;0;0;57;1;629,23;629,23;629,23;01.590.728/0008-50;MICROTECNICA INFORMATICA LTDA;629,23;0,0;0,0;1258,46;0,0;0;629,23;621,68;0;0,0;0,0;0;0,0;0;7,55;0,0;0
4691;Portaria;9247216;2024;50;1450376;2024-08-22;2071;4;4;90;52;14;0;0;57;1;500,0;500,0;500,0;12.281.362/0001-87;ADELIO JOSE DO NASCIMENTO;500,0;500,0;500,0;0,0;0,0;0;0,0;0,0;0;0,0;0,0;0;0,0;0;0,0;0,0;0
4691;Portaria;9247216;2024;51;1450376;2024-08-22;2071;4;4;90;52;14;0;0;57;1;15400,0;15400,0;15400,0;14.193.613/0001-05;KADOSHI COMERCIO E REPRESENTACOES LTDA;15400,0;15400,0;15400,0;0,0;0,0;0;0,0;0,0;0;0,0;0,0;0;0,0;0;0,0;0,0;0
4691;Portaria;9247216;2024;56;1450378;2024-10-21;2071;4;4;90;52;13;0;0;57;1;4000,0;4000,0;4000,0;19.561.435/0001-33;AGENES S.DA SILVA SUPRIMENTOS DE INFORMATICA LTDA;4000,0;4000,0;4000,0;0,0;0,0;0;0,0;0,0;0;0,0;0,0;0;0,0;0;0,0;0,0;0
4691;Portaria;9247216;2024;57;1450378;2024-10-21;2071;4;4;90;52;25;0;0;57;1;3600,0;3600,0;3600,0;24.939.626/0001-26;BR ONLINE COMERCIO VAREJISTA E VENDA DE PRODUTOS LTDA;3600,0;3600,0;3600,0;0,0;0,0;0;0,0;0,0;0;0,0;0,0;0;0,0;0;0,0;0,0;0
4691;Portaria;9247216;2024;67;1450376;2024-09-13;2071;4;4;90;52;14;0;0;57;1;4230,0;4230,0;4230,0;08.221.047/0001-97;ACHEI INDUSTRIA DE MOVEIS LTDA;4230,0;0,0;0,0;4230,0;0,0;0;4230,0;4179,24;0;0,0;0,0;0;0,0;0;50,76;0,0;0
4691;Portaria;9247216;2024;71;1450005;2024-07-22;2071;4;4;90;52;7;0;0;57;1;7814,0;7814,0;7814,0;12.477.490/0002-81;LIDER NOTEBOOKS COMERCIO E SERVICOS LTDA;7814,0;7814,0;7814,0;0,0;0,0;0;0,0;0,0;0;0,0;0,0;0;0,0;0;0,0;0,0;0
4691;Portaria;9247216;2024;78;1450005;2024-07-29;2071;4;4;90;52;17;0;0;57;1;176690,0;176690,0;176690,0;17.282.963/0001-28;REAUTO REPRESENTACAO DE AUTOMOVEIS LTDA;176690,0;176690,0;176690,0;0,0;0,0;0;0,0;0,0;0;0,0;0,0;0;0,0;0;0,0;0,0;0
4691;Portaria;9247216;2024;79;1450005;2024-08-01;2071;4;4;90;52;13;0;0;57;1;12995,83;12995,83;12995,83;02.885.591/0001-57;CENTURY COMERCIAL LTDA;12995,83;12995,83;12995,83;0,0;0,0;0;0,0;0,0;0;0,0;0,0;0;0,0;0;0,0;0,0;0
4691;Portaria;9247216;2024;80;1450005;2024-08-01;2071;4;4;90;52;9;0;0;57;1;622,4;622,4;622,4;34.909.547/0001-26;MX4 COMERCIO E SOLUCOES EMPRESARIAIS LTDA;622,4;622,4;0,0;0,0;0,0;0;0,0;0,0;0;622,4;0,0;0;622,4;0;0,0;0,0;0
4691;Portaria;9247216;2024;81;1450005;2024-08-01;2071;4;4;90;52;13;0;0;57;1;425,0;425,0;425,0;49.912.909/0001-05;START COMERCIO DE ARTIGOS ESPORTIVOS LTDA;425,0;425,0;425,0;0,0;0,0;0;0,0;0,0;0;0,0;0,0;0;0,0;0;0,0;0,0;0
4691;Portaria;9247216;2024;82;1450005;2024-08-01;2071;4;4;90;52;9;0;0;57;1;16946,46;16946,46;16946,46;02.885.591/0001-57;CENTURY COMERCIAL LTDA;16946,46;16946,46;16946,46;0,0;0,0;0;0,0;0,0;0;0,0;0,0;0;0,0;0;0,0;0,0;0
4691;Portaria;9247216;2024;92;1450376;2024-12-11;2071;4;4;90;52;17;0;0;57;1;73500,0;73500,0;73500,0;13.426.763/0001-40;RIO DOCE COMERCIO DE VEICULOS LTDA;73500,0;0,0;0,0;73500,0;0,0;0;73500,0;72618,0;0;0,0;0,0;0;0,0;0;882,0;0,0;0
4691;Portaria;9247216;2024;146;1450378;2024-11-28;2071;3;3;90;30;2;0;0;57;1;13468,5;13468,5;13468,5;30.189.974/0001-26;WCS MATERIAIS E SERVICOS DE ENGENHARIA LTDA;13468,5;0,0;0,0;13468,5;0,0;0;13468,5;13468,5;0;0,0;0,0;0;0,0;0;0,0;0,0;0
4691;Portaria;9247216;2024;147;1450378;2024-11-28;2071;4;4;90;52;13;0;0;57;1;2517,06;2517,06;2517,06;30.189.974/0001-26;WCS MATERIAIS E SERVICOS DE ENGENHARIA LTDA;2517,06;0,0;0,0;2517,06;0,0;0;2517,06;2517,06;0;0,0;0,0;0;0,0;0;0,0;0,0;0
4691;Portaria;9247216;2025;21;1450005;2025-12-30;2071;3;3;90;30;25;0;0;57;1;14191,2;14191,2;14191,2;03.790.761/0001-82;CLEAR INDUSTRIA DE PAPEIS LTDA;14191,2;0,0;0,0;14191,2;0,0;0;14191,2;14020,91;0;0,0;0,0;0;0,0;0;170,29;0,0;0
4691;Portaria;9247216;2025;54;1450378;2025-12-29;2071;4;4;90;52;13;0;0;57;1;14860,0;14860,0;14860,0;10.478.755/0001-50;BEAGA HOSPITALAR LTDA;14860,0;0,0;0,0;14860,0;0,0;0;14860,0;14860,0;0;0,0;0,0;0;0,0;0;0,0;0,0;0
4691;Portaria;9247216;2025;55;1450378;2025-12-29;2071;4;4;90;52;9;0;0;57;1;5000,0;5000,0;5000,0;10.478.755/0001-50;BEAGA HOSPITALAR LTDA;5000,0;0,0;0,0;5000,0;0,0;0;5000,0;5000,0;0;0,0;0,0;0;0,0;0;0,0;0,0;0
4691;Portaria;9247216;2025;56;1450378;2025-12-29;2071;4;4;90;52;9;0;0;57;1;46800,0;46800,0;46800,0;08.380.296/0001-25;VISAMED COMERCIO DE MATERIAL HOSPITALAR LTDA;46800,0;0,0;0,0;46800,0;0,0;0;46800,0;46800,0;0;0,0;0,0;0;0,0;0;0,0;0,0;0
4691;Portaria;9247216;2025;57;1450378;2025-12-29;2071;4;4;90;52;14;0;0;57;1;49990,0;49990,0;49990,0;20.323.529/0001-53;ABADE & CAPELLI INDUSTRIA E COMERCIO DE MOVEIS LTDA - ME;49990,0;0,0;0,0;49990,0;0,0;0;49990,0;49390,12;0;0,0;0,0;0;0,0;0;599,88;0,0;0
4691;Portaria;9247216;2025;58;1450378;2025-12-30;2071;4;4;90;52;13;0;0;57;1;189900,0;189900,0;189900,0;32.239.819/0001-00;SFB SPORT AND FITNESS BRAZIL IMPORTACAO E EXPORTACAO DE EQUIPAMENTOS E;189900,0;0,0;0,0;189900,0;0,0;0;189900,0;187621,2;0;0,0;0,0;0;0,0;0;2278,8;0,0;0
4691;Portaria;9247216;2025;59;1450376;2025-09-08;2071;3;3;90;30;20;0;0;57;1;6489,08;6489,08;6489,08;17.359.233/0001-88;TECIDOS E ARMARINHOS MIGUEL BARTOLOMEU S/A;6489,08;6489,08;6489,08;0,0;0,0;0;0,0;0,0;0;0,0;0,0;0;0,0;0;0,0;0,0;0
4691;Portaria;9247216;2025;59;1450378;2025-12-30;2071;4;4;90;52;13;0;0;57;1;8140,86;8140,86;8140,86;10.478.755/0001-50;BEAGA HOSPITALAR LTDA;8140,86;0,0;0,0;8140,86;0,0;0;8140,86;8140,86;0;0,0;0,0;0;0,0;0;0,0;0,0;0
4691;Portaria;9247216;2025;60;1450378;2025-12-30;2071;4;4;90;52;9;0;0;57;1;961,88;961,88;961,88;10.478.755/0001-50;BEAGA HOSPITALAR LTDA;961,88;0,0;0,0;961,88;0,0;0;961,88;961,88;0;0,0;0,0;0;0,0;0;0,0;0,0;0
4691;Portaria;9247216;2025;61;1450378;2025-12-30;2071;4;4;90;52;9;0;0;57;1;10767,25;10767,25;10767,25;08.380.296/0001-25;VISAMED COMERCIO DE MATERIAL HOSPITALAR LTDA;10767,25;0,0;0,0;10767,25;0,0;0;10767,25;10767,25;0;0,0;0,0;0;0,0;0;0,0;0,0;0
4691;Portaria;9247216;2025;69;1450376;2025-09-26;2071;4;4;90;52;7;0;0;57;1;8596,0;8596,0;8596,0;81.243.735/0009-03;POSITIVO TECNOLOGIA S.A.;8596,0;0,0;0,0;8596,0;0,0;0;8596,0;8492,85;0;0,0;0,0;0;0,0;0;103,15;0,0;0
4691;Portaria;9247216;2025;72;1450376;2025-10-06;2071;3;3;90;30;20;0;0;57;1;3990,0;3990,0;3990,0;17.359.233/0001-88;TECIDOS E ARMARINHOS MIGUEL BARTOLOMEU S/A;3990,0;3990,0;3990,0;0,0;0,0;0;0,0;0,0;0;0,0;0,0;0;0,0;0;0,0;0,0;0
4691;Portaria;9247216;2025;73;1450376;2025-10-06;2071;3;3;90;30;22;0;0;57;1;1167,75;1167,75;1167,75;47.636.699/0001-44;GVE COMERCIO LTDA;1167,75;1167,75;1167,75;0,0;0,0;0;0,0;0,0;0;0,0;0,0;0;0,0;0;0,0;0,0;0
4691;Portaria;9247216;2026;2;1450005;2026-04-28;2071;3;3;90;30;25;0;0;57;1;1891,2;1891,2;1891,2;03.790.761/0001-82;CLEAR INDUSTRIA DE PAPEIS LTDA;1891,2;1891,2;1891,2;0,0;0,0;0;0,0;0,0;0;0,0;0,0;0;0,0;0;0,0;0,0;0
4691;Portaria;9247216;2026;65;1450376;2026-06-19;2071;3;3;90;30;20;0;0;57;1;6117,02;6117,02;6117,02;19.561.435/0001-33;AGENES S.DA SILVA SUPRIMENTOS DE INFORMATICA LTDA;6117,02;6117,02;6117,02;0,0;0,0;0;0,0;0,0;0;0,0;0,0;0;0,0;0;0,0;0,0;0
4691;Portaria;9247215;2021;1;1450015;2021-12-01;2094;4;4;90;52;7;0;0;57;1;47604,0;47604,0;47604,0;81.243.735/0009-03;POSITIVO TECNOLOGIA S.A.;47604,0;0,0;0,0;47604,0;0,0;0;47604,0;47604,0;0;0,0;0,0;0;0,0;0;0,0;0,0;0
4691;Portaria;9247215;2021;2;1450005;2021-11-08;2094;4;4;90;52;9;0;0;57;1;417560,0;417560,0;417560,0;07.791.107/0001-44;ELEC INDUSTRIA E COMERCIO DE EQUIPAMENTOS DE MEDICAO LTDA;417560,0;417560,0;0,0;0,0;0,0;0;0,0;0,0;0;417560,0;0,0;0;417560,0;0;0,0;0,0;0
4691;Portaria;9247215;2021;2;1450015;2021-12-01;2094;4;4;90;52;7;0;0;57;1;47604,0;47604,0;47604,0;81.243.735/0009-03;POSITIVO TECNOLOGIA S.A.;47604,0;0,0;0,0;47604,0;0,0;0;47604,0;47604,0;0;0,0;0,0;0;0,0;0;0,0;0,0;0
4691;Portaria;9247215;2021;6;1450005;2021-11-22;2094;4;4;90;40;6;0;0;57;1;237761,7;237761,7;237761,7;02.558.157/0135-74;TELEFONICA BRASIL S.A.;237761,7;0,0;0,0;237761,7;0,0;0;237761,7;237761,7;0;0,0;0,0;0;0,0;0;0,0;0,0;0
4691;Portaria;9247215;2021;7;1450015;2021-12-22;2094;4;4;90;52;7;0;0;57;1;15868,0;15868,0;15868,0;81.243.735/0009-03;POSITIVO TECNOLOGIA S.A.;15868,0;0,0;0,0;15868,0;0,0;0;15868,0;15868,0;0;0,0;0,0;0;0,0;0;0,0;0,0;0
4691;Portaria;9247215;2021;7;1450377;2021-12-30;2094;4;4;90;52;17;0;0;57;1;1086413,35;1086413,35;1086413,35;61.451.654/0001-26;ITURRI COIMPAR INDUSTRIA E COMERCIO DE EPI S LTDA;1086413,35;0,0;0,0;2172826,7;0,0;0;1086413,35;1086413,35;0;0,0;0,0;0;0,0;0;0,0;0,0;0
4691;Portaria;9247215;2021;8;1450005;2021-12-15;2094;4;4;90;52;7;0;0;57;1;179244,0;179244,0;179244,0;04.602.789/0001-01;DATEN TECNOLOGIA LTDA;179244,0;0,0;0,0;179244,0;0,0;0;179244,0;179244,0;0;0,0;0,0;0;0,0;0;0,0;0,0;0
4691;Portaria;9247215;2021;8;1450015;2021-12-22;2094;4;4;90;52;7;0;0;57;1;22980,0;22980,0;22980,0;04.602.789/0001-01;DATEN TECNOLOGIA LTDA;22980,0;0,0;0,0;22980,0;0,0;0;22980,0;22980,0;0;0,0;0,0;0;0,0;0;0,0;0,0;0
4691;Portaria;9247215;2021;8;1450377;2021-12-30;2094;4;4;90;52;17;0;0;57;1;1284784,0;1284784,0;1284784,0;61.451.654/0001-26;ITURRI COIMPAR INDUSTRIA E COMERCIO DE EPI S LTDA;1284784,0;0,0;0,0;2569568,0;0,0;0;1284784,0;1284784,0;0;0,0;0,0;0;0,0;0;0,0;0,0;0
4691;Portaria;9247215;2021;9;1450005;2021-12-15;2094;4;4;90;52;7;0;0;57;1;384799,0;384799,0;384799,0;81.243.735/0009-03;POSITIVO TECNOLOGIA S.A.;384799,0;0,0;0,0;384799,0;0,0;0;384799,0;384799,0;0;0,0;0,0;0;0,0;0;0,0;0,0;0
4691;Portaria;9247215;2021;9;1450015;2021-12-22;2094;4;4;90;52;7;0;0;57;1;9192,0;9192,0;9192,0;04.602.789/0001-01;DATEN TECNOLOGIA LTDA;9192,0;0,0;0,0;9192,0;0,0;0;9192,0;9192,0;0;0,0;0,0;0;0,0;0;0,0;0,0;0
4691;Portaria;9247215;2021;9;1450377;2021-12-30;2094;4;4;90;52;3;0;0;57;1;441000,0;441000,0;441000,0;45.985.371/0001-08;3M DO BRASIL LTDA;441000,0;0,0;0,0;1323000,0;0,0;0;441000,0;441000,0;0;0,0;0,0;0;0,0;0;0,0;0,0;0
4691;Portaria;9247215;2021;10;1450015;2021-12-22;2094;4;4;90;52;7;0;0;57;1;27576,0;27576,0;27576,0;04.602.789/0001-01;DATEN TECNOLOGIA LTDA;27576,0;0,0;0,0;27576,0;0,0;0;27576,0;27576,0;0;0,0;0,0;0;0,0;0;0,0;0,0;0
4691;Portaria;9247215;2021;11;1450005;2021-12-28;2094;4;4;90;52;6;0;0;57;1;23394,0;23394,0;23394,0;34.303.693/0001-03;KOFRE REPRESENTACAO E COMERCIO DE TELECOMUNICACOES LTDA;23394,0;0,0;0,0;23394,0;0,0;0;23394,0;23394,0;0;0,0;0,0;0;0,0;0;0,0;0,0;0
4691;Portaria;9247215;2021;12;1450005;2021-12-30;2094;4;4;90;52;7;0;0;57;1;249550,0;249550,0;249550,0;78.126.950/0011-26;MICROSENS S/A;249550,0;0,0;0,0;249550,0;0,0;0;249550,0;249550,0;0;0,0;0,0;0;0,0;0;0,0;0,0;0
4691;Portaria;9247215;2021;12;1450015;2021-12-30;2094;4;4;90;52;17;0;0;57;1;59505,02;59505,02;59505,02;06.036.612/0001-10;DEVA AUTOMOVEIS LTDA;59505,02;0,0;0,0;59505,02;0,0;0;59505,02;59505,02;0;0,0;0,0;0;0,0;0;0,0;0,0;0
4691;Portaria;9247215;2021;29;1450378;2021-12-30;2094;4;4;90;52;17;0;0;57;1;1015040,0;1015040,0;1015040,0;59.275.792/0001-50;GENERAL MOTORS DO BRASIL LTDA;1015040,0;0,0;0,0;1015040,0;0,0;0;1015040,0;1015040,0;0;0,0;0,0;0;0,0;0;0,0;0,0;0
4691;Portaria;9247215;2021;32;1450376;2021-11-24;2094;4;4;90;52;8;0;0;57;1;64500,0;64500,0;64500,0;23.921.349/0001-61;VISUAL SISTEMAS ELETRONICOS LTDA;64500,0;0,0;0,0;64500,0;0,0;0;64500,0;64500,0;0;0,0;0,0;0;0,0;0;0,0;0,0;0
4691;Portaria;9247215;2021;33;1450376;2021-11-29;2094;4;4;90;52;20;0;0;57;1;1694,0;1694,0;1694,0;11.399.829/0001-25;ALESSANDER DE OLIVEIRA LIMA -ME;1694,0;0,0;0,0;1694,0;0,0;0;1694,0;1660,12;0;0,0;0,0;0;0,0;0;33,88;0,0;0
4691;Portaria;9247215;2021;38;1450376;2021-12-10;2094;4;4;90;52;6;0;0;57;1;5045,4;5045,4;5045,4;40.139.018/0001-93;S2 SOLUCOES 4.0 LTDA;5045,4;0,0;0,0;5045,4;0,0;0;5045,4;5045,4;0;0,0;0,0;0;0,0;0;0,0;0,0;0
4691;Portaria;9247215;2021;39;1450376;2021-12-14;2094;4;4;90;52;14;0;0;57;1;55599,94;55599,94;55599,94;08.208.924/0001-90;FORT SAFE COMERCIO DE COFRES E MOVEIS LTDA;55599,94;55599,94;55599,94;0,0;0,0;0;0,0;0,0;0;0,0;0,0;0;0,0;0;0,0;0,0;0
4691;Portaria;9247215;2021;40;1450376;2021-12-15;2094;4;4;90;52;14;0;0;57;1;54520,0;54520,0;54520,0;15.362.598/0001-36;X- OFFICE SERVI LTDA;54520,0;54520,0;54520,0;0,0;0,0;0;0,0;0,0;0;0,0;0,0;0;0,0;0;0,0;0,0;0
4691;Portaria;9247215;2021;41;1450376;2021-12-15;2094;4;4;90;52;14;0;0;57;1;18223,0;18223,0;18223,0;21.306.287/0001-52;TECNO 2000 INDUSTRIA E COMERCIO LTDA;18223,0;18223,0;18223,0;0,0;0,0;0;0,0;0,0;0;0,0;0,0;0;0,0;0;0,0;0,0;0
4691;Portaria;9247215;2021;42;1450376;2021-12-15;2094;4;4;90;52;7;0;0;57;1;59505,0;59505,0;59505,0;81.243.735/0009-03;POSITIVO TECNOLOGIA S.A.;59505,0;59505,0;0,0;0,0;0,0;0;0,0;0,0;0;59505,0;0,0;0;59505,0;0;0,0;0,0;0
4691;Portaria;9247215;2021;43;1450376;2021-12-15;2094;4;4;90;52;8;0;0;57;1;25276,94;25276,94;25276,94;18.190.216/0002-03;XPTI TECNOLOGIAS EM SEGURANCA LTDA;25276,94;25276,94;25276,94;0,0;0,0;0;0,0;0,0;0;0,0;0,0;0;0,0;0;0,0;0,0;0
4691;Portaria;9247215;2021;44;1450376;2021-12-16;2094;4;4;90;52;14;0;0;57;1;15840,0;15840,0;15840,0;02.604.236/0001-62;LAYOUT MOVEIS PARA ESCRITORIO LTDA;15840,0;15840,0;15840,0;0,0;0,0;0;0,0;0,0;0;0,0;0,0;0;0,0;0;0,0;0,0;0
4691;Portaria;9247215;2021;45;1450376;2021-12-16;2094;4;4;90;52;7;0;0;57;1;17600,0;17600,0;17600,0;65.228.652/0001-23;CONDAX TELEMATICA LTDA - EPP;17600,0;17600,0;17600,0;0,0;0,0;0;0,0;0,0;0;0,0;0,0;0;0,0;0;0,0;0,0;0
4691;Portaria;9247215;2021;46;1450376;2021-12-16;2094;4;4;90;52;7;0;0;57;1;4758,0;4758,0;4758,0;09.022.398/0001-31;AGEM TECNOLOGIA DISTRIBUIDORA LTDA;4758,0;4758,0;4758,0;0,0;0,0;0;0,0;0,0;0;0,0;0,0;0;0,0;0;0,0;0,0;0
4691;Portaria;9247215;2021;47;1450376;2021-12-17;2094;4;4;90;52;12;0;0;57;1;6899,97;6899,97;6899,97;36.079.995/0001-75;AILZA PEREIRA DOS SANTOS 86997432620;6899,97;6899,97;6899,97;0,0;0,0;0;0,0;0,0;0;0,0;0,0;0;0,0;0;0,0;0,0;0
4691;Portaria;9247215;2021;48;1450376;2021-12-17;2094;4;4;90;52;12;0;0;57;1;32000,0;32000,0;32000,0;21.641.059/0001-39;DISTRIBUIDORA PERES & ARAUJO LTDA - ME;32000,0;32000,0;32000,0;0,0;0,0;0;0,0;0,0;0;0,0;0,0;0;0,0;0;0,0;0,0;0
4691;Portaria;9247215;2021;49;1450376;2021-12-17;2094;4;4;90;52;8;0;0;57;1;39999,96;39999,96;39999,96;21.641.059/0001-39;DISTRIBUIDORA PERES & ARAUJO LTDA - ME;39999,96;39999,96;39999,96;0,0;0,0;0;0,0;0,0;0;0,0;0,0;0;0,0;0;0,0;0,0;0
4691;Portaria;9247215;2021;50;1450376;2021-12-17;2094;4;4;90;52;12;0;0;57;1;4563,0;4563,0;4563,0;12.281.362/0001-87;ADELIO JOSE DO NASCIMENTO 78718570615;4563,0;4563,0;4563,0;0,0;0,0;0;0,0;0,0;0;0,0;0,0;0;0,0;0;0,0;0,0;0
4691;Portaria;9247215;2021;51;1450376;2021-12-20;2094;4;4;90;52;14;0;0;57;1;23520,0;23520,0;23520,0;08.368.875/0001-52;FORTLINE INDUSTRIA E COMERCIO DE MOVEIS LTDA;23520,0;23520,0;23520,0;0,0;0,0;0;0,0;0,0;0;0,0;0,0;0;0,0;0;0,0;0,0;0
4691;Portaria;9247215;2021;52;1450376;2021-12-21;2094;4;4;90;52;7;0;0;57;1;24934,0;24934,0;24934,0;21.982.891/0001-07;4U DIGITAL COMERCIO E SERVICOS LTDA;24934,0;24934,0;24934,0;0,0;0,0;0;0,0;0,0;0;0,0;0,0;0;0,0;0;0,0;0,0;0
4691;Portaria;9247215;2021;53;1450376;2021-12-21;2094;4;4;90;52;7;0;0;57;1;30550,0;30550,0;30550,0;65.149.197/0001-70;REPREMIG REPRESENTACAO E COMERCIO DE MINAS GERAIS LTDA;30550,0;30550,0;30550,0;0,0;0,0;0;0,0;0,0;0;0,0;0,0;0;0,0;0;0,0;0,0;0
4691;Portaria;9247215;2021;57;1450376;2021-12-21;2094;4;4;90;52;7;0;0;57;1;10754,85;10754,85;10754,85;24.939.626/0001-26;BR ONLINE COMERCIO VAREJISTA E VENDA DE PRODUTOS LTDA;10754,85;10754,85;10754,85;0,0;0,0;0;0,0;0,0;0;0,0;0,0;0;0,0;0;0,0;0,0;0
4691;Portaria;9247215;2021;69;1450376;2021-12-27;2094;4;4;90;52;7;0;0;57;1;126320,0;126320,0;126320,0;22.777.689/0001-06;ENTERPRISE COMERCIO E SOLUCOES EM TI LTDA - EPP;126320,0;0,0;0,0;126320,0;0,0;0;126320,0;126320,0;0;0,0;0,0;0;0,0;0;0,0;0,0;0
4691;Portaria;9247215;2022;1;1450014;2022-12-30;2094;4;4;90;52;17;0;0;57;1;622580,0;622580,0;622580,0;01.654.749/0001-15;STRADA VEICULOS E PECAS LTDA;622580,0;0,0;0,0;622580,0;0,0;0;622580,0;622580,0;0;0,0;0,0;0;0,0;0;0,0;0,0;0
4691;Portaria;9247215;2022;1;1450015;2022-02-24;2094;4;4;90;52;17;0;0;57;1;141589,9;141589,9;141589,9;08.933.586/0001-59;USATEC BSB VEICULOS ESPECIAIS LTDA;141589,9;141589,9;141589,9;0,0;0,0;0;0,0;0,0;0;0,0;0,0;0;0,0;0;0,0;0,0;0
4691;Portaria;9247215;2022;1;1450377;2022-03-10;2094;3;3;90;30;25;0;0;57;1;1015560,0;1015560,0;1015560,0;15.171.025/0001-25;SEVEN BRAZIL REPRESENTACOES EIRELI;1015560,0;1015560,0;1015560,0;0,0;0,0;0;0,0;0,0;0;0,0;0,0;0;0,0;0;0,0;0,0;0
4691;Portaria;9247215;2022;2;1450377;2022-03-10;2094;3;3;90;30;25;0;0;57;1;87909,74;87909,74;87909,74;61.451.654/0001-26;ITURRI COIMPAR INDUSTRIA E COMERCIO DE EPI S LTDA;87909,74;87909,74;87909,74;0,0;0,0;0;0,0;0,0;0;0,0;0,0;0;0,0;0;0,0;0,0;0
4691;Portaria;9247215;2022;2;1450378;2022-04-27;2094;3;3;90;30;25;0;0;57;1;401700,0;401700,0;401700,0;66.260.415/0001-02;GLAGIO DO BRASIL PROTECAO BALISTICA LTDA;401700,0;401700,0;401700,0;0,0;0,0;0;0,0;0,0;0;0,0;0,0;0;0,0;0;0,0;0,0;0
4691;Portaria;9247215;2022;3;1450015;2022-03-29;2094;4;4;90;52;14;0;0;57;1;5682,0;5682,0;5682,0;08.221.047/0001-97;ACHEI INDUSTRIA DE MOVEIS LTDA;5682,0;5682,0;0,0;0,0;0,0;0;0,0;0,0;0;5682,0;0,0;0;5682,0;0;0,0;0,0;0
4691;Portaria;9247215;2022;4;1450015;2022-03-29;2094;4;4;90;52;14;0;0;57;1;10752,0;10752,0;10752,0;21.306.287/0001-52;TECNO 2000 INDUSTRIA E COMERCIO LTDA;10752,0;10752,0;10752,0;0,0;0,0;0;0,0;0,0;0;0,0;0,0;0;0,0;0;0,0;0,0;0
4691;Portaria;9247215;2022;6;1450015;2022-04-20;2094;4;4;90;52;17;0;0;57;1;77390,55;0,0;0,0;16.701.716/0001-56;FCA FIAT CHRYSLER AUTOMOVEIS BRASIL LTDA.;77390,55;0,0;0,0;0,0;0,0;0;0,0;0,0;0;0,0;0,0;0;0,0;0;0,0;0,0;0
4691;Portaria;9247215;2022;6;1450015;2022-04-20;2094;4;4;90;52;17;0;0;57;1;0,0;77390,55;77390,55;16.701.716/0001-56;STELLANTIS AUTOMOVEIS BRASIL LTDA.;0,0;0,0;0,0;77390,55;0,0;0;77390,55;77390,55;0;0,0;0,0;0;0,0;0;0,0;0,0;0
4691;Portaria;9247215;2022;7;1450378;2022-06-30;2094;3;3;90;39;22;0;0;57;1;332283,15;332283,15;332283,15;27.362.580/0001-13;RECRIAR SERVICOS LTDA;341500,0;230329,26;192753,11;120387,59;9216,85;0;101953,89;101953,89;0;37576,15;0,0;0;37576,15;0;0,0;0,0;0
4691;Portaria;9247215;2022;10;1450015;2022-06-22;2094;4;4;90;52;1;0;0;57;1;90000,0;90000,0;90000,0;04.532.782/0001-60;RIBEL COMERCIO DE PRODUTOS, EQUIPAMENTOS E SERVICOS EIRELI;90000,0;90000,0;90000,0;0,0;0,0;0;0,0;0,0;0;0,0;0,0;0;0,0;0;0,0;0,0;0
4691;Portaria;9247215;2022;13;1450376;2022-04-11;2094;3;3;90;30;25;0;0;57;1;4710,3;4710,3;4710,3;21.230.132/0001-80;ROGERIO RIBEIRO VIDIGAL COMERCIO - EPP;4710,3;4710,3;4710,3;0,0;0,0;0;0,0;0,0;0;0,0;0,0;0;0,0;0;0,0;0,0;0
4691;Portaria;9247215;2022;15;1450015;2022-08-04;2094;4;4;90;52;8;0;0;57;1;21580,0;21580,0;21580,0;21.641.059/0001-39;DISTRIBUIDORA PERES & ARAUJO LTDA - ME;21580,0;21580,0;0,0;0,0;0,0;0;0,0;0,0;0;21580,0;0,0;0;21580,0;0;0,0;0,0;0
4691;Portaria;9247215;2022;17;1450015;2022-09-22;2094;4;4;90;52;3;0;0;57;1;10866,6;10866,6;10866,6;44.119.251/0001-65;BPMAQ EQUIPAMENTOS LTDA;10866,6;10866,6;0,0;0,0;0,0;0;0,0;0,0;0;10866,6;0,0;0;10866,6;0;0,0;0,0;0
4691;Portaria;9247215;2022;19;1450376;2022-05-09;2094;4;4;90;52;14;0;0;57;1;2048,0;2048,0;2048,0;08.221.047/0001-97;ACHEI INDUSTRIA DE MOVEIS LTDA;2048,0;2048,0;2048,0;0,0;0,0;0;0,0;0,0;0;0,0;0,0;0;0,0;0;0,0;0,0;0
4691;Portaria;9247215;2022;20;1450015;2022-12-28;2094;4;4;90;52;17;0;0;57;1;355760,0;355760,0;355760,0;01.654.749/0001-15;STRADA VEICULOS E PECAS LTDA;355760,0;0,0;0,0;355760,0;0,0;0;355760,0;355760,0;0;0,0;0,0;0;0,0;0;0,0;0,0;0
4691;Portaria;9247215;2022;20;1450376;2022-05-09;2094;4;4;90;52;14;0;0;57;1;1712,0;1712,0;1712,0;19.349.607/0001-00;CLASSIC COMERCIO LTDA - ME;1712,0;1712,0;1712,0;0,0;0,0;0;0,0;0,0;0;0,0;0,0;0;0,0;0;0,0;0,0;0
4691;Portaria;9247215;2022;21;1450005;2022-12-21;2094;4;4;90;52;7;0;0;57;1;214887,6;214887,6;214887,6;07.275.920/0001-61;LENOVO TECNOLOGIA (BRASIL) LIMITADA;214887,6;0,0;0,0;214887,6;0,0;0;214887,6;214887,6;0;0,0;0,0;0;0,0;0;0,0;0,0;0
4691;Portaria;9247215;2022;21;1450376;2022-05-11;2094;4;4;90;52;7;0;0;57;1;6860,0;6860,0;6860,0;18.152.404/0001-66;MAQNETE COMERCIO E SERVICOS LTDA -ME;6860,0;6860,0;6860,0;0,0;0,0;0;0,0;0,0;0;0,0;0,0;0;0,0;0;0,0;0,0;0
4691;Portaria;9247215;2022;22;1450376;2022-05-20;2094;4;4;90;52;7;0;0;57;1;78750,0;78750,0;78750,0;12.477.490/0002-81;LIDER NOTEBOOKS COMERCIO E SERVICOS LTDA;78750,0;78750,0;78750,0;0,0;0,0;0;0,0;0,0;0;0,0;0,0;0;0,0;0;0,0;0,0;0
4691;Portaria;9247215;2022;23;1450378;2022-10-21;2094;3;3;90;39;22;0;0;57;1;155,38;155,38;155,38;38.288.855/0001-32;ENJID SOLUCOES EM ENGENHARIA LTDA;60900,0;19422,92;155,38;41477,08;41477,08;0;0,0;0,0;0;19267,54;19267,54;0;0,0;0;0,0;0,0;0
4691;Portaria;9247215;2022;25;1450376;2022-05-27;2094;4;4;90;52;7;0;0;57;1;24050,0;24050,0;24050,0;01.115.345/0001-53;MULTIREDE DISTRIBUIDORA LTDA;24050,0;24050,0;24050,0;0,0;0,0;0;0,0;0,0;0;0,0;0,0;0;0,0;0;0,0;0,0;0
4691;Portaria;9247215;2022;26;1450376;2022-05-27;2094;4;4;90;52;7;0;0;57;1;14912,85;14912,85;14912,85;07.953.689/0001-18;FAGUNDEZ DISTRIBUICAO LTDA;14912,85;14912,85;14912,85;0,0;0,0;0;0,0;0,0;0;0,0;0,0;0;0,0;0;0,0;0,0;0
4691;Portaria;9247215;2022;31;1450378;2022-12-16;2094;3;3;90;39;22;0;0;57;1;546850,0;546850,0;546850,0;28.198.204/0001-06;PARAMAR ENGENHARIA LTDA;546850,0;0,0;0,0;546850,0;0,0;0;546850,0;515713,09;0;0,0;0,0;0;0,0;0;31136,91;0,0;0
4691;Portaria;9247215;2022;32;1450378;2022-12-16;2094;4;4;90;39;22;0;0;57;1;331072,74;331072,74;331072,74;27.362.580/0001-13;RECRIAR SERVICOS LTDA;331072,74;0,0;0,0;331072,74;0,0;0;331072,74;321977,18;0;0,0;0,0;0;0,0;0;9095,56;0,0;0
4691;Portaria;9247215;2022;37;1450376;2022-06-27;2094;4;4;90;52;14;0;0;57;1;31000,0;31000,0;31000,0;09.368.381/0001-30;LOGGERAIS, INDUSTRIA, COMERCIO E DISTRIBUIDORA LTDA - ME;31000,0;31000,0;31000,0;0,0;0,0;0;0,0;0,0;0;0,0;0,0;0;0,0;0;0,0;0,0;0
4691;Portaria;9247215;2022;38;1450376;2022-06-27;2094;4;4;90;52;14;0;0;57;1;5000,0;5000,0;5000,0;36.996.487/0001-51;LOBO SOLUCOES EM LICITACOES E COMERCIO LTDA;5000,0;5000,0;5000,0;0,0;0,0;0;0,0;0,0;0;0,0;0,0;0;0,0;0;0,0;0,0;0
4691;Portaria;9247215;2022;39;1450376;2022-06-27;2094;4;4;90;52;25;0;0;57;1;13250,0;13250,0;13250,0;36.996.487/0001-51;LOBO SOLUCOES EM LICITACOES E COMERCIO LTDA;13250,0;13250,0;13250,0;0,0;0,0;0;0,0;0,0;0;0,0;0,0;0;0,0;0;0,0;0,0;0
4691;Portaria;9247215;2022;40;1450376;2022-06-27;2094;4;4;90;52;12;0;0;57;1;2129,94;2129,94;2129,94;11.777.618/0001-89;WALAS STORE LTDA;2129,94;2129,94;2129,94;0,0;0,0;0;0,0;0,0;0;0,0;0,0;0;0,0;0;0,0;0,0;0
4691;Portaria;9247215;2022;40;1450378;2022-12-28;2094;4;4;90;52;17;0;0;57;1;1720800,0;1720800,0;1720800,0;01.654.749/0001-15;STRADA VEICULOS E PECAS LTDA;1720800,0;0,0;0,0;1720800,0;0,0;0;1720800,0;1720800,0;0;0,0;0,0;0;0,0;0;0,0;0,0;0
4691;Portaria;9247215;2022;41;1450376;2022-06-27;2094;4;4;90;52;12;0;0;57;1;20670,0;20670,0;20670,0;40.305.811/0001-15;SIC LOGISTICA E DISTRIBUIDORA LTDA;20670,0;20670,0;20670,0;0,0;0,0;0;0,0;0,0;0;0,0;0,0;0;0,0;0;0,0;0,0;0
4691;Portaria;9247215;2022;41;1450378;2022-12-30;2094;4;4;90;52;17;0;0;57;1;95600,0;95600,0;95600,0;01.654.749/0001-15;STRADA VEICULOS E PECAS LTDA;95600,0;0,0;0,0;95600,0;0,0;0;95600,0;95600,0;0;0,0;0,0;0;0,0;0;0,0;0,0;0
4691;Portaria;9247215;2022;42;1450376;2022-06-27;2094;4;4;90;52;3;0;0;57;1;84896,0;84896,0;84896,0;11.876.321/0001-70;COFRES DE ACO COMERCIO LTDA -ME;84896,0;84896,0;84896,0;0,0;0,0;0;0,0;0,0;0;0,0;0,0;0;0,0;0;0,0;0,0;0
4691;Portaria;9247215;2022;47;1450376;2022-07-01;2094;4;4;90;52;14;0;0;57;1;20800,0;20800,0;20800,0;02.604.236/0001-62;LAYOUT MOVEIS PARA ESCRITORIO LTDA;20800,0;20800,0;20800,0;0,0;0,0;0;0,0;0,0;0;0,0;0,0;0;0,0;0;0,0;0,0;0
4691;Portaria;9247215;2022;49;1450376;2022-07-01;2094;4;4;90;52;14;0;0;57;1;80106,0;80106,0;80106,0;35.173.456/0001-38;MFSUL COMERCIO DE MOVEIS CORPORATIVOS E ESCOLARES LTDA;80106,0;80106,0;80106,0;0,0;0,0;0;0,0;0,0;0;0,0;0,0;0;0,0;0;0,0;0,0;0
4691;Portaria;9247215;2022;52;1450376;2022-07-06;2094;4;4;90;52;12;0;0;57;1;10400,0;10400,0;10400,0;18.255.981/0001-83;GAMA COMERCIO DE EQUIPAMENTOS - EIRELI;10400,0;10400,0;10400,0;0,0;0,0;0;0,0;0,0;0;0,0;0,0;0;0,0;0;0,0;0,0;0
4691;Portaria;9247215;2022;53;1450376;2022-07-07;2094;4;4;90;52;8;0;0;57;1;39395,3;39395,3;39395,3;01.590.728/0008-50;MICROTECNICA INFORMATICA LTDA;39395,3;39395,3;39395,3;0,0;0,0;0;0,0;0,0;0;0,0;0,0;0;0,0;0;0,0;0,0;0
4691;Portaria;9247215;2022;54;1450376;2022-07-07;2094;4;4;90;52;26;0;0;57;1;63761,88;63761,88;63761,88;11.876.321/0001-70;COFRES DE ACO COMERCIO LTDA -ME;63761,88;63761,88;63761,88;0,0;0,0;0;0,0;0,0;0;0,0;0,0;0;0,0;0;0,0;0,0;0
4691;Portaria;9247215;2022;55;1450376;2022-07-11;2094;4;4;90;52;14;0;0;57;1;24050,0;24050,0;24050,0;02.604.236/0001-62;LAYOUT MOVEIS PARA ESCRITORIO LTDA;24050,0;24050,0;24050,0;0,0;0,0;0;0,0;0,0;0;0,0;0,0;0;0,0;0;0,0;0,0;0
4691;Portaria;9247215;2022;57;1450376;2022-07-20;2094;4;4;90;52;25;0;0;57;1;33840,0;33840,0;33840,0;17.417.928/0001-79;VENTISOL DA AMAZONIA INDUSTRIA DE APARELHOS ELETRICOS LTDA;33840,0;33840,0;33840,0;0,0;0,0;0;0,0;0,0;0;0,0;0,0;0;0,0;0;0,0;0,0;0
4691;Portaria;9247215;2022;59;1450376;2022-07-20;2094;4;4;90;52;7;0;0;57;1;25898,32;25898,32;25898,32;28.584.157/0003-92;METDATA TECNOLOGIA DA INFORMACAO EIRELI;25898,32;25898,32;25898,32;0,0;0,0;0;0,0;0,0;0;0,0;0,0;0;0,0;0;0,0;0,0;0
4691;Portaria;9247215;2022;60;1450376;2022-07-21;2094;4;4;90;52;7;0;0;57;1;273000,0;273000,0;273000,0;12.477.490/0002-81;LIDER NOTEBOOKS COMERCIO E SERVICOS LTDA;273000,0;273000,0;273000,0;0,0;0,0;0;0,0;0,0;0;0,0;0,0;0;0,0;0;0,0;0,0;0
4691;Portaria;9247215;2022;61;1450376;2022-07-21;2094;4;4;90;52;7;0;0;57;1;11025,0;11025,0;11025,0;18.152.404/0001-66;MAQNETE COMERCIO E SERVICOS LTDA -ME;11025,0;11025,0;11025,0;0,0;0,0;0;0,0;0,0;0;0,0;0,0;0;0,0;0;0,0;0,0;0
4691;Portaria;9247215;2022;62;1450376;2022-07-21;2094;4;4;90;52;7;0;0;57;1;38500,0;38500,0;38500,0;65.149.197/0002-51;REPREMIG REPRESENTACAO E COMERCIO DE MINAS GERAIS LTDA;38500,0;38500,0;38500,0;0,0;0,0;0;0,0;0,0;0;0,0;0,0;0;0,0;0;0,0;0,0;0
4691;Portaria;9247215;2022;64;1450376;2022-07-29;2094;4;4;90;52;12;0;0;57;1;1200,0;1200,0;1200,0;26.218.155/0001-92;BRASIL PAPERS, INDUSTRIA, COMERCIO E DISTRIBUICAO DE PRODUTOS E EQUIPA;1200,0;1200,0;1200,0;0,0;0,0;0;0,0;0,0;0;0,0;0,0;0;0,0;0;0,0;0,0;0
4691;Portaria;9247215;2022;67;1450376;2022-08-03;2094;4;4;90;52;7;0;0;57;1;8343,5;8343,5;8343,5;05.757.597/0002-18;TECHBIZ FORENSE DIGITAL LTDA;8343,5;8343,5;8343,5;0,0;0,0;0;0,0;0,0;0;0,0;0,0;0;0,0;0;0,0;0,0;0
4691;Portaria;9247215;2022;71;1450376;2022-08-04;2094;4;4;90;40;6;0;0;57;1;207256,06;207256,06;207256,06;05.757.597/0002-18;TECHBIZ FORENSE DIGITAL LTDA;207256,06;207256,06;207256,06;0,0;0,0;0;0,0;0,0;0;0,0;0,0;0;0,0;0;0,0;0,0;0
4691;Portaria;9247215;2022;72;1450376;2022-08-16;2094;4;4;90;52;12;0;0;57;1;2479,96;2479,96;2479,96;18.132.510/0001-88;MARCELO EUSTAQUIO DE OLIVEIRA LTDA;2479,96;2479,96;2479,96;0,0;0,0;0;0,0;0,0;0;0,0;0,0;0;0,0;0;0,0;0,0;0
4691;Portaria;9247215;2022;73;1450376;2022-08-17;2094;4;4;90;52;7;0;0;57;1;14799,04;14799,04;14799,04;28.584.157/0003-92;METDATA TECNOLOGIA DA INFORMACAO EIRELI;14799,04;14799,04;14799,04;0,0;0,0;0;0,0;0,0;0;0,0;0,0;0;0,0;0;0,0;0,0;0
4691;Portaria;9247215;2022;79;1450376;2022-10-06;2094;4;4;90;52;6;0;0;57;1;742,88;742,88;742,88;45.482.206/0001-33;45.482.206 ERASMO DE SOUZA BRAGA;742,88;742,88;742,88;0,0;0,0;0;0,0;0,0;0;0,0;0,0;0;0,0;0;0,0;0,0;0
4691;Portaria;9247215;2022;81;1450376;2022-10-11;2094;4;4;90;52;10;0;0;57;1;0,0;0,0;0,0;30.197.931/0001-92;FORMIS INSTRUMENTOS DE MEDICAO LTDA;76000,0;0,0;0,0;152000,0;76000,0;0;0,0;0,0;0;0,0;0,0;0;0,0;0;0,0;0,0;0
4691;Portaria;9247215;2022;83;1450376;2022-10-17;2094;4;4;90;52;20;0;0;57;1;20300,0;20300,0;20300,0;42.981.902/0001-04;SUPREMA HIDROELETRICA LTDA - EPP;20300,0;20300,0;20300,0;0,0;0,0;0;0,0;0,0;0;0,0;0,0;0;0,0;0;0,0;0,0;0
4691;Portaria;9247215;2022;84;1450376;2022-10-17;2094;4;4;90;52;12;0;0;57;1;4467,0;4467,0;4467,0;71.402.192/0001-00;ELETROELETRONICOS INCONFIDENTES EIRELI;4467,0;4467,0;4467,0;0,0;0,0;0;0,0;0,0;0;0,0;0,0;0;0,0;0;0,0;0,0;0
4691;Portaria;9247215;2022;86;1450376;2022-10-18;2094;4;4;90;52;7;0;0;57;1;1550,0;1550,0;1550,0;78.126.950/0011-26;MICROSENS S/A;1550,0;1550,0;1550,0;0,0;0,0;0;0,0;0,0;0;0,0;0,0;0;0,0;0;0,0;0,0;0
4691;Portaria;9247215;2022;87;1450376;2022-10-20;2094;3;3;90;30;10;0;0;57;1;4576,82;4576,82;4576,82;20.235.404/0001-71;DCB DISTRIBUIDORA CIRURGICA BRASILEIRA LTDA;4576,82;4576,82;4576,82;0,0;0,0;0;0,0;0,0;0;0,0;0,0;0;0,0;0;0,0;0,0;0
4691;Portaria;9247215;2022;88;1450376;2022-10-20;2094;3;3;90;30;10;0;0;57;1;5712,0;5712,0;5712,0;41.227.007/0001-28;FARMACOR MATERIAIS E EQUIPAMENTOS CIRURGICOS LTDA;5712,0;5712,0;5712,0;0,0;0,0;0;0,0;0,0;0;0,0;0,0;0;0,0;0;0,0;0,0;0
4691;Portaria;9247215;2022;93;1450376;2022-10-24;2094;3;3;90;39;22;0;0;57;1;0,0;451079,88;451079,88;16.826.643/0001-29;TESLA INSTALACOES ELETRICAS LTDA;0,0;0,0;0,0;451079,88;0,0;0;451079,88;426270,51;0;0,0;0,0;0;0,0;0;24809,37;0,0;0
4691;Portaria;9247215;2022;93;1450376;2022-10-24;2094;3;3;90;39;22;0;0;57;1;451079,88;0,0;0,0;16.826.643/0001-29;TESLA INSTALACOES ELETRICAS LTDA - EPP;451079,88;0,0;0,0;0,0;0,0;0;0,0;0,0;0;0,0;0,0;0;0,0;0;0,0;0,0;0
4691;Portaria;9247215;2022;97;1450376;2022-10-26;2094;4;4;90;52;7;0;0;57;1;29526,6;29526,6;29526,6;81.243.735/0019-77;POSITIVO TECNOLOGIA S.A.;29526,6;0,0;0,0;29526,6;0,0;0;29526,6;29526,6;0;0,0;0,0;0;0,0;0;0,0;0,0;0
4691;Portaria;9247215;2022;98;1450376;2022-10-26;2094;4;4;90;52;7;0;0;57;1;87300,0;87300,0;87300,0;12.477.490/0002-81;LIDER NOTEBOOKS COMERCIO E SERVICOS LTDA;87300,0;87300,0;87300,0;0,0;0,0;0;0,0;0,0;0;0,0;0,0;0;0,0;0;0,0;0,0;0
4691;Portaria;9247215;2022;99;1450376;2022-10-26;2094;4;4;90;52;7;0;0;57;1;17550,0;17550,0;17550,0;12.477.490/0002-81;LIDER NOTEBOOKS COMERCIO E SERVICOS LTDA;17550,0;17550,0;17550,0;0,0;0,0;0;0,0;0,0;0;0,0;0,0;0;0,0;0;0,0;0,0;0
4691;Portaria;9247215;2022;100;1450376;2022-10-26;2094;4;4;90;52;7;0;0;57;1;14829,45;14829,45;14829,45;14.623.593/0002-38;CH TECNOLOGIA DA INFORMACAO EIRELI - ME;14829,45;14829,45;14829,45;0,0;0,0;0;0,0;0,0;0;0,0;0,0;0;0,0;0;0,0;0,0;0
4691;Portaria;9247215;2022;101;1450376;2022-10-27;2094;4;4;90;52;8;0;0;57;1;2995,02;2995,02;2995,02;42.981.902/0001-04;SUPREMA HIDROELETRICA LTDA - EPP;2995,02;0,0;0,0;2995,02;0,0;0;2995,02;2995,02;0;0,0;0,0;0;0,0;0;0,0;0,0;0
4691;Portaria;9247215;2022;102;1450376;2022-10-27;2094;4;4;90;52;7;0;0;57;1;0,0;0,0;0,0;07.820.223/0001-44;MARCELO LUIZ CLEMENTE BRANDAO -ME;7376,72;0,0;0,0;14753,44;7376,72;0;0,0;0,0;0;0,0;0,0;0;0,0;0;0,0;0,0;0
4691;Portaria;9247215;2022;104;1450376;2022-10-28;2094;4;4;90;52;7;0;0;57;1;19654,7;19654,7;19654,7;12.680.125/0001-99;ELLOS INDUSTRIA E COMERCIO DE MOVEIS LTDA;19654,7;0,0;0,0;19654,7;0,0;0;19654,7;19654,7;0;0,0;0,0;0;0,0;0;0,0;0,0;0
4691;Portaria;9247215;2022;108;1450376;2022-11-23;2094;4;4;90;52;20;0;0;57;1;60083,0;60083,0;60083,0;23.936.211/0001-36;MG CONTROLE DE ACESSO LTDA;60083,0;0,0;0,0;60083,0;0,0;0;60083,0;60083,0;0;0,0;0,0;0;0,0;0;0,0;0,0;0
4691;Portaria;9247215;2022;109;1450376;2022-11-23;2094;4;4;90;52;1;0;0;57;1;41900,0;41900,0;41900,0;28.849.946/0001-46;ANAX BRASIL COMERCIO E SERVICOS LTDA;41900,0;0,0;0,0;41900,0;0,0;0;41900,0;41900,0;0;0,0;0,0;0;0,0;0;0,0;0,0;0
4691;Portaria;9247215;2022;113;1450376;2022-12-05;2094;3;3;90;39;21;0;0;57;1;60752,2;60752,2;60752,2;41.594.521/0001-00;ACLIMAR MANUTENCAO E FACILITIES LTDA;85775,9;0,0;0,0;110799,6;25023,7;0;60752,2;58045,99;0;0,0;0,0;0;0,0;0;2706,21;0,0;0
4691;Portaria;9247215;2022;119;1450376;2022-12-26;2094;4;4;90;52;6;0;0;57;1;0,0;1500,0;1500,0;27.044.495/0001-07;PA COMERCIO E SERVICOS GERAIS LTDA;0,0;0,0;0,0;1500,0;0,0;0;1500,0;1500,0;0;0,0;0,0;0;0,0;0;0,0;0,0;0
4691;Portaria;9247215;2022;119;1450376;2022-12-26;2094;4;4;90;52;6;0;0;57;1;1500,0;0,0;0,0;27.044.495/0001-07;PA COMERCIO E SERVICOS GERAIS LTDA - ME;1500,0;0,0;0,0;0,0;0,0;0;0,0;0,0;0;0,0;0,0;0;0,0;0;0,0;0,0;0
4691;Portaria;9247215;2023;1;1450376;2023-03-01;2094;4;4;90;52;7;0;0;57;1;972,79;972,79;972,79;07.820.223/0001-44;MARCELO LUIZ CLEMENTE BRANDAO -ME;972,79;972,79;972,79;0,0;0,0;0;0,0;0,0;0;0,0;0,0;0;0,0;0;0,0;0,0;0
4691;Portaria;9247215;2023;3;1450376;2023-03-01;2094;4;4;90;52;8;0;0;57;1;20800,0;20800,0;20800,0;12.934.928/0001-22;BETA LTDA;20800,0;20800,0;20800,0;0,0;0,0;0;0,0;0,0;0;0,0;0,0;0;0,0;0;0,0;0,0;0
4691;Portaria;9247215;2023;3;1450378;2023-03-24;2094;3;3;90;39;21;0;0;57;1;21249,5;21249,5;21249,5;33.512.214/0001-04;ENGELESTE ENERGIA E ENGENHARIA LTDA;21249,5;21249,5;21249,5;0,0;0,0;0;0,0;0,0;0;0,0;0,0;0;0,0;0;0,0;0,0;0
4691;Portaria;9247215;2023;4;1450378;2023-03-30;2094;3;3;90;39;22;0;0;57;1;362068,8;362068,8;362068,8;73.694.788/0001-57;SALINAS EMPREENDIMENTOS E CONSTRUCOES LTDA;362068,8;362068,8;362068,8;0,0;0,0;0;0,0;0,0;0;0,0;0,0;0;0,0;0;0,0;0,0;0
4691;Portaria;9247215;2023;5;1450015;2023-09-06;2094;4;4;90;40;6;0;0;57;1;208000,0;208000,0;208000,0;19.174.878/0001-71;AINOR SOFTWARE E GESTAO LTDA;208000,0;208000,0;208000,0;0,0;0,0;0;0,0;0,0;0;0,0;0,0;0;0,0;0;0,0;0,0;0
4691;Portaria;9247215;2023;5;1450376;2023-03-01;2094;3;3;90;30;13;0;0;57;1;28000,0;28000,0;28000,0;06.867.357/0001-58;DISTRIBUIDORA PARANHOS ARTIGOS PARA LABORATORIOS LTDA;28000,0;28000,0;28000,0;0,0;0,0;0;0,0;0,0;0;0,0;0,0;0;0,0;0;0,0;0,0;0
4691;Portaria;9247215;2023;5;1450378;2023-04-18;2094;3;3;90;39;21;0;0;57;1;3665,0;3665,0;3665,0;33.512.214/0001-04;ENGELESTE ENERGIA E ENGENHARIA LTDA;3665,0;3665,0;3665,0;0,0;0,0;0;0,0;0,0;0;0,0;0,0;0;0,0;0;0,0;0,0;0
4691;Portaria;9247215;2023;6;1450376;2023-03-01;2094;3;3;90;30;13;0;0;57;1;3810,0;3810,0;3810,0;06.003.551/0001-95;QUALIVIDROS DISTRIBUIDORA LTDA;3810,0;3810,0;3810,0;0,0;0,0;0;0,0;0,0;0;0,0;0,0;0;0,0;0;0,0;0,0;0
4691;Portaria;9247215;2023;7;1450376;2023-03-01;2094;4;4;90;52;30;0;0;57;1;3090,0;3090,0;3090,0;19.561.435/0001-33;AGENES S.DA SILVA SUPRIMENTOS DE INFORMATICA LTDA;3090,0;3090,0;3090,0;0,0;0,0;0;0,0;0,0;0;0,0;0,0;0;0,0;0;0,0;0,0;0
4691;Portaria;9247215;2023;7;1450378;2023-04-19;2094;3;3;90;39;22;0;0;57;1;184877,84;184877,84;184877,84;28.198.204/0001-06;PARAMAR ENGENHARIA LTDA;184877,84;184877,84;184877,84;0,0;0,0;0;0,0;0,0;0;0,0;0,0;0;0,0;0;0,0;0,0;0
4691;Portaria;9247215;2023;8;1450376;2023-03-02;2094;4;4;90;52;6;0;0;57;1;46428,46;46428,46;46428,46;01.115.345/0001-53;MULTIREDE DISTRIBUIDORA LTDA;46428,46;46428,46;46428,46;0,0;0,0;0;0,0;0,0;0;0,0;0,0;0;0,0;0;0,0;0,0;0
4691;Portaria;9247215;2023;8;1450377;2023-09-20;2094;4;4;90;52;26;0;0;57;1;402500,0;402500,0;402500,0;03.928.511/0001-66;S.O.S SUL RESGATE - COMERCIO E SERVICOS DE SEGURANCA E SINALIZACAO LTD;402500,0;0,0;0,0;402500,0;0,0;0;402500,0;397670,0;0;0,0;0,0;0;0,0;0;4830,0;0,0;0
4691;Portaria;9247215;2023;9;1450378;2023-05-19;2094;3;3;90;39;26;0;0;57;1;2,21;2,21;2,21;20.622.890/0001-80;PM GOVERNADOR VALADARES;2,21;2,21;2,21;0,0;0,0;0;0,0;0,0;0;0,0;0,0;0;0,0;0;0,0;0,0;0
4691;Portaria;9247215;2023;10;1450376;2023-03-02;2094;4;4;90;52;7;0;0;57;1;13790,76;13790,76;13790,76;32.032.538/0001-74;BARBARA CRISTINA MARTINS DANTAS;13790,76;13790,76;13790,76;0,0;0,0;0;0,0;0,0;0;0,0;0,0;0;0,0;0;0,0;0,0;0
4691;Portaria;9247215;2023;11;1450376;2023-03-02;2094;4;4;90;52;7;0;0;57;1;4749,96;4749,96;4749,96;18.152.404/0001-66;MAQNETE COMERCIO E SERVICOS LTDA -ME;4749,96;4749,96;4749,96;0,0;0,0;0;0,0;0,0;0;0,0;0,0;0;0,0;0;0,0;0,0;0
4691;Portaria;9247215;2023;12;1450377;2023-10-06;2094;3;3;90;30;25;0;0;57;1;78000,0;78000,0;78000,0;05.734.043/0001-14;ITURRI S.A.;78000,0;0,0;0,0;78000,0;0,0;0;78000,0;78000,0;0;0,0;0,0;0;0,0;0;0,0;0,0;0
4691;Portaria;9247215;2023;12;1450378;2023-06-01;2094;3;3;90;39;22;0;0;57;1;17698,0;17698,0;17698,0;34.730.933/0001-56;RAFISA SERVICOS E LOCACOES LTDA;17698,0;17698,0;17698,0;0,0;0,0;0;0,0;0,0;0;0,0;0,0;0;0,0;0;0,0;0,0;0
4691;Portaria;9247215;2023;13;1450378;2023-06-01;2094;3;3;90;39;22;0;0;57;1;24670,0;24670,0;24670,0;33.512.214/0001-04;ENGELESTE ENERGIA E ENGENHARIA LTDA;24670,0;24670,0;24670,0;0,0;0,0;0;0,0;0,0;0;0,0;0,0;0;0,0;0;0,0;0,0;0
4691;Portaria;9247215;2023;14;1450376;2023-03-06;2094;3;3;90;30;16;0;0;57;1;24799,5;24799,5;24799,5;35.322.200/0001-45;FOCAR COMERCIO E SERVICOS LTDA;24799,5;24799,5;24799,5;0,0;0,0;0;0,0;0,0;0;0,0;0,0;0;0,0;0;0,0;0,0;0
4691;Portaria;9247215;2023;14;1450378;2023-06-19;2094;3;3;90;39;22;0;0;57;1;109500,0;109500,0;109500,0;40.760.030/0001-10;RYCIM CONSTRUCOES LTDA;109500,0;109500,0;109500,0;0,0;0,0;0;0,0;0,0;0;0,0;0,0;0;0,0;0;0,0;0,0;0
4691;Portaria;9247215;2023;15;1450376;2023-03-09;2094;4;4;90;52;8;0;0;57;1;1679,99;1679,99;1679,99;07.820.223/0001-44;MARCELO LUIZ CLEMENTE BRANDAO -ME;1679,99;1679,99;1679,99;0,0;0,0;0;0,0;0,0;0;0,0;0,0;0;0,0;0;0,0;0,0;0
4691;Portaria;9247215;2023;17;1450376;2023-03-09;2094;3;3;90;39;22;0;0;57;1;341316,19;341316,19;341316,19;07.346.478/0001-17;METODO SYSTEM COMERCIO E SERVICOS LTDA;365856,0;0,0;0,0;414935,62;24539,81;0;341316,19;324933,07;0;0,0;0,0;0;0,0;0;16383,12;0,0;0
4691;Portaria;9247215;2023;17;1450378;2023-08-07;2094;4;4;90;39;22;0;0;57;1;82746,72;82746,72;82746,72;27.362.580/0001-13;RECRIAR SERVICOS LTDA;82746,72;82746,72;82746,72;0,0;0,0;0;0,0;0,0;0;0,0;0,0;0;0,0;0;0,0;0,0;0
4691;Portaria;9247215;2023;18;1450376;2023-03-09;2094;3;3;90;39;22;0;0;57;1;129980,64;129980,64;129980,64;07.346.478/0001-17;METODO SYSTEM COMERCIO E SERVICOS LTDA;141825,96;0,0;0,0;165516,6;11845,32;0;129980,64;117242,52;0;0,0;0,0;0;0,0;0;12738,12;0,0;0
4691;Portaria;9247215;2023;18;1450378;2023-08-09;2094;3;3;90;39;22;0;0;57;1;115307,57;115307,57;115307,57;28.198.204/0001-06;PARAMAR ENGENHARIA LTDA;115307,57;115307,57;115307,57;0,0;0,0;0;0,0;0,0;0;0,0;0,0;0;0,0;0;0,0;0,0;0
4691;Portaria;9247215;2023;21;1450376;2023-04-18;2094;4;4;90;52;10;0;0;57;1;16800,0;16800,0;16800,0;21.971.041/0001-03;K.C.R.S. COMERCIO DE EQUIPAMENTOS LTDA;16800,0;16800,0;16800,0;0,0;0,0;0;0,0;0,0;0;0,0;0,0;0;0,0;0;0,0;0,0;0
4691;Portaria;9247215;2023;22;1450376;2023-04-28;2094;3;3;90;30;22;0;0;57;1;3731,4;3731,4;3731,4;36.616.790/0001-81;36.616.790 GABRIELA RESENDE DO NASCIMENTO SILVA;3731,4;3731,4;3731,4;0,0;0,0;0;0,0;0,0;0;0,0;0,0;0;0,0;0;0,0;0,0;0
4691;Portaria;9247215;2023;23;1450376;2023-05-11;2094;4;4;90;52;12;0;0;57;1;15000,0;15000,0;15000,0;48.397.663/0001-18;EMBRAGEO EQUIPAMENTOS TOPOGRAFICOS LTDA;15000,0;15000,0;15000,0;0,0;0,0;0;0,0;0,0;0;0,0;0,0;0;0,0;0;0,0;0,0;0
4691;Portaria;9247215;2023;25;1450377;2023-12-21;2094;3;3;90;30;25;0;0;57;1;93600,0;93600,0;93600,0;05.734.043/0001-14;ITURRI S.A.;93600,0;0,0;0,0;93600,0;0,0;0;93600,0;93600,0;0;0,0;0,0;0;0,0;0;0,0;0,0;0
4691;Portaria;9247215;2023;27;1450376;2023-06-13;2094;4;4;90;52;25;0;0;57;1;69999,9;69999,9;69999,9;43.671.457/0001-30;MARLENE APARECIDA FERREIRA SEVERIANO 86997408672;69999,9;69999,9;69999,9;0,0;0,0;0;0,0;0,0;0;0,0;0,0;0;0,0;0;0,0;0,0;0
4691;Portaria;9247215;2023;28;1450376;2023-06-27;2094;3;3;90;30;16;0;0;57;1;27934,0;27934,0;27934,0;14.443.066/0001-60;MJF INFORMATICA LTDA;27934,0;27934,0;27934,0;0,0;0,0;0;0,0;0,0;0;0,0;0,0;0;0,0;0;0,0;0,0;0
4691;Portaria;9247215;2023;29;1450376;2023-06-27;2094;3;3;90;30;16;0;0;57;1;19000,0;19000,0;19000,0;48.645.095/0001-27;FELIPE AUGUSTO DE MORAIS HORTA 08461394640;19000,0;19000,0;19000,0;0,0;0,0;0;0,0;0,0;0;0,0;0,0;0;0,0;0;0,0;0,0;0
4691;Portaria;9247215;2023;31;1450376;2023-07-20;2094;4;4;90;52;7;0;0;57;1;11791,0;11791,0;11791,0;15.464.751/0001-36;JOVIC COMERCIAL E SERVICOS LTDA;11791,0;11791,0;11791,0;0,0;0,0;0;0,0;0,0;0;0,0;0,0;0;0,0;0;0,0;0,0;0
4691;Portaria;9247215;2023;32;1450376;2023-07-21;2094;4;4;90;52;6;0;0;57;1;42000,0;42000,0;42000,0;48.397.663/0001-18;EMBRAGEO EQUIPAMENTOS TOPOGRAFICOS LTDA;42000,0;42000,0;42000,0;0,0;0,0;0;0,0;0,0;0;0,0;0,0;0;0,0;0;0,0;0,0;0
4691;Portaria;9247215;2023;34;1450376;2023-08-16;2094;4;4;90;52;7;0;0;57;1;13160,0;13160,0;13160,0;59.717.553/0006-17;GRUPO MULTILASER S.A.;13160,0;13160,0;13160,0;0,0;0,0;0;0,0;0,0;0;0,0;0,0;0;0,0;0;0,0;0,0;0
4691;Portaria;9247215;2023;36;1450376;2023-08-30;2094;3;3;90;30;13;0;0;57;1;14600,0;14600,0;14600,0;11.162.384/0001-65;ORBITAE DIAGNOSTICOS S/A;14600,0;14600,0;14600,0;0,0;0,0;0;0,0;0,0;0;0,0;0,0;0;0,0;0;0,0;0,0;0
4691;Portaria;9247215;2023;37;1450376;2023-08-30;2094;3;3;90;30;13;0;0;57;1;1225,0;1225,0;1225,0;03.188.198/0005-09;BIO - RAD LABORATORIOS BRASIL LTDA;1225,0;1225,0;1225,0;0,0;0,0;0;0,0;0,0;0;0,0;0,0;0;0,0;0;0,0;0,0;0
4691;Portaria;9247215;2023;38;1450376;2023-08-30;2094;3;3;90;30;13;0;0;57;1;20329,18;20329,18;20329,18;06.003.551/0001-95;QUALIVIDROS DISTRIBUIDORA LTDA;20329,18;20329,18;20329,18;0,0;0,0;0;0,0;0,0;0;0,0;0,0;0;0,0;0;0,0;0,0;0
4691;Portaria;9247215;2023;39;1450376;2023-08-30;2094;3;3;90;30;30;0;0;57;1;9375,0;9375,0;9375,0;06.003.551/0001-95;QUALIVIDROS DISTRIBUIDORA LTDA;9375,0;9375,0;9375,0;0,0;0,0;0;0,0;0,0;0;0,0;0,0;0;0,0;0;0,0;0,0;0
4691;Portaria;9247215;2023;39;1450378;2023-10-30;2094;3;3;90;39;22;0;0;57;1;43446,46;43446,46;43446,46;33.512.214/0001-04;ENGELESTE ENERGIA E ENGENHARIA LTDA;43446,46;0,0;0,0;43446,46;0,0;0;43446,46;42569,71;0;0,0;0,0;0;0,0;0;876,75;0,0;0
4691;Portaria;9247215;2023;41;1450376;2023-09-19;2094;3;3;90;30;13;0;0;57;1;7112,0;7112,0;7112,0;24.638.170/0001-64;DISTRIBUIDORA MENDONCA E MIRANDA LTDA;7112,0;7112,0;7112,0;0,0;0,0;0;0,0;0,0;0;0,0;0,0;0;0,0;0;0,0;0,0;0
4691;Portaria;9247215;2023;42;1450378;2023-10-31;2094;3;3;90;39;22;0;0;57;1;134890,0;134890,0;134890,0;23.026.019/0001-02;PROJETA CONSTRUCOES LTDA;135000,0;134890,0;95846,0;220,0;110,0;0;0,0;0,0;0;39044,0;0,0;0;39044,0;0;0,0;0,0;0
4691;Portaria;9247215;2023;45;1450376;2023-10-16;2094;4;4;90;52;25;0;0;57;1;26020,5;26020,5;26020,5;19.108.740/0001-74;CONFIANCA SOLUCOES LTDA;26020,5;4580,0;0,0;21440,5;0,0;0;21440,5;21440,5;0;4580,0;0,0;0;4580,0;0;0,0;0,0;0
4691;Portaria;9247215;2023;47;1450376;2023-11-14;2094;4;4;90;52;9;0;0;57;1;50792,64;50792,64;50792,64;46.797.348/0001-52;DINAMICA DISTRIBUICAO LTDA;50792,64;50792,64;50792,64;0,0;0,0;0;0,0;0,0;0;0,0;0,0;0;0,0;0;0,0;0,0;0
4691;Portaria;9247215;2023;48;1450376;2023-11-14;2094;4;4;90;52;9;0;0;57;1;6400,0;6400,0;6400,0;51.331.777/0001-70;51.331.777 DOUGLAS VIEIRA ROMEIRO;6400,0;0,0;0,0;6400,0;0,0;0;6400,0;6400,0;0;0,0;0,0;0;0,0;0;0,0;0,0;0
4691;Portaria;9247215;2023;49;1450376;2023-11-14;2094;4;4;90;52;25;0;0;57;1;4980,0;4980,0;4980,0;08.194.579/0001-82;LEANDRO LUIZ LEAL SILVA -EPP;4980,0;0,0;0,0;4980,0;0,0;0;4980,0;4920,24;0;0,0;0,0;0;0,0;0;59,76;0,0;0
4691;Portaria;9247215;2023;67;1450376;2023-12-28;2094;3;3;90;30;30;0;0;57;1;12320,0;12320,0;12320,0;52.025.555/0001-91;52.025.555 THIAGO AUGUSTO FERREIRA SILVA;12320,0;0,0;0,0;12320,0;0,0;0;12320,0;12320,0;0;0,0;0,0;0;0,0;0;0,0;0,0;0
4691;Portaria;9247215;2023;73;1450378;2023-12-06;2094;4;4;90;52;17;0;0;57;1;325899,0;325899,0;325899,0;12.661.958/0001-02;AMORIM E ALVES COMERCIO DE VEICULOS LTDA;325989,99;0,0;0,0;326080,98;90,99;0;325899,0;321988,22;0;0,0;0,0;0;0,0;0;3910,78;0,0;0
4691;Portaria;9247215;2023;79;1450378;2023-12-12;2094;3;3;90;39;26;0;0;57;1;160,14;160,14;160,14;29.979.036/0001-40;INSTITUTO NACIONAL DO SEGURO SOCIAL;160,14;160,14;160,14;0,0;0,0;0;0,0;0,0;0;0,0;0,0;0;0,0;0;0,0;0,0;0
4691;Portaria;9247215;2023;104;1450378;2023-12-29;2094;4;4;90;39;22;0;0;57;1;137041,05;137041,05;137041,05;44.760.527/0001-90;PENTACULO ENGENHARIA E SERVICOS LTDA;137041,05;0,0;0,0;137041,05;0,0;0;137041,05;128270,42;0;0,0;0,0;0;0,0;0;8770,63;0,0;0
4691;Portaria;9247215;2023;105;1450378;2023-12-29;2094;3;3;90;39;22;0;0;57;1;122231,58;122231,58;122231,58;44.760.527/0001-90;PENTACULO ENGENHARIA E SERVICOS LTDA;122958,95;0,0;0,0;122958,95;727,37;0;122231,58;114408,76;0;0,0;0,0;0;0,0;0;7822,82;0,0;0
4691;Portaria;9247215;2024;1;1450378;2024-03-20;2071;3;3;90;39;26;0;0;57;1;74,57;74,57;74,57;20.622.890/0001-80;PM GOVERNADOR VALADARES;74,57;74,57;74,57;0,0;0,0;0;0,0;0,0;0;0,0;0,0;0;0,0;0;0,0;0,0;0
4691;Portaria;9247215;2024;2;1450009;2024-05-24;2071;4;4;90;52;17;0;0;57;1;190000,0;190000,0;190000,0;13.426.763/0001-40;RIO DOCE COMERCIO DE VEICULOS LTDA;190000,0;190000,0;190000,0;0,0;0,0;0;0,0;0,0;0;0,0;0,0;0;0,0;0;0,0;0,0;0
4691;Portaria;9247215;2024;3;1450376;2024-04-16;2071;4;4;90;52;10;0;0;57;1;49440,0;49440,0;49440,0;19.561.435/0001-33;AGENES S.DA SILVA SUPRIMENTOS DE INFORMATICA LTDA;49440,0;49440,0;49440,0;0,0;0,0;0;0,0;0,0;0;0,0;0,0;0;0,0;0;0,0;0,0;0
4691;Portaria;9247215;2024;4;1450376;2024-04-16;2071;4;4;90;52;9;0;0;57;1;11400,0;11400,0;11400,0;51.726.415/0001-88;51.726.415 GRAZIELLE XAVIER SANTOS OTONI;11400,0;11400,0;11400,0;0,0;0,0;0;0,0;0,0;0;0,0;0,0;0;0,0;0;0,0;0,0;0
4691;Portaria;9247215;2024;6;1450376;2024-04-18;2071;4;4;90;52;12;0;0;57;1;2811,76;2811,76;2811,76;08.164.723/0001-38;MTV.NET INFORMATICA E ELETRONICA LTDA;2811,76;2811,76;2811,76;0,0;0,0;0;0,0;0,0;0;0,0;0,0;0;0,0;0;0,0;0,0;0
4691;Portaria;9247215;2024;7;1450376;2024-04-25;2071;4;4;90;52;7;0;0;57;1;9200,0;9200,0;9200,0;27.996.382/0001-01;R JUAREZ DE ALMEIDA;9200,0;9200,0;9200,0;0,0;0,0;0;0,0;0,0;0;0,0;0,0;0;0,0;0;0,0;0,0;0
4691;Portaria;9247215;2024;8;1450378;2024-05-06;2071;3;3;90;39;22;0;0;57;1;14000,0;14000,0;14000,0;05.444.637/0001-90;MANTIQUEIRA ELEVADORES LTDA - EPP;14000,0;14000,0;14000,0;0,0;0,0;0;0,0;0,0;0;0,0;0,0;0;0,0;0;0,0;0,0;0
4691;Portaria;9247215;2024;9;1450378;2024-05-06;2071;3;3;90;39;22;0;0;57;1;0,0;0,0;0,0;43.869.001/0001-80;DUARTE CONSTRUCAO E REFORMA LTDA;120000,0;0,0;0,0;120000,0;120000,0;0;0,0;0,0;0;0,0;0,0;0;0,0;0;0,0;0,0;0
4691;Portaria;9247215;2024;13;1450376;2024-05-24;2071;4;4;90;52;17;0;0;57;1;1064000,0;1064000,0;1064000,0;16.701.716/0001-56;STELLANTIS AUTOMOVEIS BRASIL LTDA.;1064000,0;0,0;0,0;1064000,0;0,0;0;1064000,0;1051232,0;0;0,0;0,0;0;0,0;0;12768,0;0,0;0
4691;Portaria;9247215;2024;14;1450378;2024-06-07;2071;3;3;90;39;22;0;0;57;1;181164,95;181164,95;181164,95;24.405.818/0001-52;ANDRE LUIS MILANEZ ENGENHEIRO EIRELI - ME;181164,95;181164,95;181164,95;0,0;0,0;0;0,0;0,0;0;0,0;0,0;0;0,0;0;0,0;0,0;0
4691;Portaria;9247215;2024;15;1450376;2024-05-28;2071;3;3;90;30;30;0;0;57;1;2240,0;2240,0;2240,0;52.025.555/0001-91;52.025.555 THIAGO AUGUSTO FERREIRA SILVA;2240,0;2240,0;2240,0;0,0;0,0;0;0,0;0,0;0;0,0;0,0;0;0,0;0;0,0;0,0;0
4691;Portaria;9247215;2024;17;1450378;2024-08-26;2071;3;3;90;39;22;0;0;57;1;18500,0;18500,0;18500,0;31.105.173/0001-06;TRITON ENGENHARIA LTDA;18500,0;18500,0;18500,0;0,0;0,0;0;0,0;0,0;0;0,0;0,0;0;0,0;0;0,0;0,0;0
4691;Portaria;9247215;2024;18;1450015;2024-07-03;2071;4;4;90;52;17;0;0;57;1;35698,66;35698,66;35698,66;15.082.489/0001-65;HANBAI COMERCIO DE MOTOS LTDA;35698,66;35698,66;35698,66;0,0;0,0;0;0,0;0,0;0;0,0;0,0;0;0,0;0;0,0;0,0;0
4691;Portaria;9247215;2024;21;1450376;2024-06-26;2071;3;3;90;30;13;0;0;57;1;10220,0;10220,0;10220,0;11.162.384/0001-65;ORBITAE DIAGNOSTICOS S/A;10468,2;10220,0;10220,0;248,2;248,2;0;0,0;0,0;0;0,0;0,0;0;0,0;0;0,0;0,0;0
4691;Portaria;9247215;2024;28;1450376;2024-07-12;2071;4;4;90;52;7;0;0;57;1;59033,0;59033,0;59033,0;01.181.242/0008-68;COMPWIRE INFORMATICA LTDA;59033,0;59033,0;59033,0;0,0;0,0;0;0,0;0,0;0;0,0;0,0;0;0,0;0;0,0;0,0;0
4691;Portaria;9247215;2024;30;1450376;2024-07-15;2071;4;4;90;52;8;0;0;57;1;23940,0;23940,0;23940,0;65.313.538/0001-00;PRESTOBAT LTDA -EPP;23940,0;23940,0;23940,0;0,0;0,0;0;0,0;0,0;0;0,0;0,0;0;0,0;0;0,0;0,0;0
4691;Portaria;9247215;2024;31;1450376;2024-07-15;2071;4;4;90;52;8;0;0;57;1;2793,0;2793,0;2793,0;01.590.728/0008-50;MICROTECNICA INFORMATICA LTDA;2793,0;2793,0;2793,0;0,0;0,0;0;0,0;0,0;0;0,0;0,0;0;0,0;0;0,0;0,0;0
4691;Portaria;9247215;2024;51;1450378;2024-09-19;2071;3;3;90;39;26;0;0;57;1;8,94;8,94;8,94;20.622.890/0001-80;PM GOVERNADOR VALADARES;8,94;8,94;8,94;0,0;0,0;0;0,0;0,0;0;0,0;0,0;0;0,0;0;0,0;0,0;0
4691;Portaria;9247215;2024;77;1450376;2024-11-01;2071;3;3;90;30;25;0;0;57;1;20125,0;20125,0;20125,0;00.211.131/0001-18;WORLD CENTER COMERCIO IMPORTACAO E EXPORTACAO LTDA;20125,0;0,0;0,0;20125,0;0,0;0;20125,0;19883,5;0;0,0;0,0;0;0,0;0;241,5;0,0;0
4691;Portaria;9247215;2024;78;1450376;2024-11-01;2071;3;3;90;40;2;0;0;57;1;5110,0;5110,0;5110,0;55.744.852/0001-85;55.744.852 RAPHAELLA EDUARDA MARTINS DA CONCEICAO;5110,0;5110,0;0,0;0,0;0,0;0;0,0;0,0;0;5110,0;0,0;0;5110,0;0;0,0;0,0;0
4691;Portaria;9247215;2024;98;1450376;2024-12-20;2071;3;3;90;40;2;0;0;57;1;239940,0;239940,0;239940,0;22.170.881/0001-21;OWL 4TECH LTDA;239940,0;0,0;0,0;239940,0;0,0;0;239940,0;239940,0;0;0,0;0,0;0;0,0;0;0,0;0,0;0
4691;Portaria;9247215;2024;99;1450376;2024-12-23;2071;3;3;90;40;2;0;0;57;1;97000,0;97000,0;97000,0;06.984.836/0001-54;INTELIGENCIA DE NEGOCIOS, SISTEMAS E INFORMATICA LTDA.;97000,0;0,0;0,0;97000,0;0,0;0;97000,0;92344,0;0;0,0;0,0;0;0,0;0;4656,0;0,0;0
4691;Portaria;9247215;2024;101;1450376;2024-12-27;2071;3;3;90;40;2;0;0;57;1;39865,6;39865,6;39865,6;06.984.836/0001-54;INTELIGENCIA DE NEGOCIOS, SISTEMAS E INFORMATICA LTDA.;39865,6;0,0;0,0;39865,6;0,0;0;39865,6;37952,06;0;0,0;0,0;0;0,0;0;1913,54;0,0;0
4691;Portaria;9247215;2024;143;1450378;2024-11-21;2071;4;4;90;52;3;0;0;57;1;103500,0;103500,0;103500,0;26.836.227/0001-65;INBRA-TECNOLOGIA E DEFESA INDUSTRIA E COMERCIO LTDA.;103500,0;103500,0;0,0;0,0;0,0;0;0,0;0,0;0;103500,0;0,0;0;102258,0;0;1242,0;0,0;0
4691;Portaria;9247215;2025;40;1450378;2025-12-18;2071;4;4;90;52;3;0;0;57;1;793500,0;793500,0;793500,0;26.836.227/0001-65;INBRA-TECNOLOGIA E DEFESA INDUSTRIA E COMERCIO LTDA.;793500,0;0,0;0,0;793500,0;0,0;0;793500,0;783978,0;0;0,0;0,0;0;0,0;0;9522,0;0,0;0
4691;Portaria;9247215;2025;109;1450376;2025-12-23;2071;4;4;90;52;25;0;0;57;1;0,0;0,0;0,0;08.194.579/0001-82;LEANDRO LUIZ LEAL SILVA -EPP;86900,0;0,0;0,0;86900,0;86900,0;0;0,0;0,0;0;0,0;0,0;0;0,0;0;0,0;0,0;0
4691;Portaria;9247215;2026;8;1450378;2026-04-30;2071;3;3;90;39;22;0;0;57;1;187287,99;0,0;0,0;28.962.123/0001-22;L&R COMERCIO VAREJISTA E SERVICOS LTDA;187287,99;0,0;0,0;0,0;0,0;0;0,0;0,0;0;0,0;0,0;0;0,0;0;0,0;0,0;0
4691;Portaria;9247215;2026;14;1450378;2026-06-01;2071;3;3;90;39;22;0;0;57;1;61950,0;61950,0;1239,0;04.091.467/0001-45;CONSTRUTORA FABRIMAR LTDA;61950,0;61950,0;1239,0;0,0;0,0;0;0,0;0,0;0;0,0;0,0;0;0,0;0;0,0;0,0;0
4691;Portaria;9247215;2026;16;1450378;2026-06-10;2071;3;3;90;39;51;0;0;57;1;5500,0;0,0;0,0;30.697.988/0001-50;PEGASUS TERCEIRIZACAO E ENGENHARIA LTDA;5500,0;0,0;0,0;0,0;0,0;0;0,0;0,0;0;0,0;0,0;0;0,0;0;0,0;0,0;0
4691;Portaria;9247215;2026;25;1450376;2026-03-30;2071;3;3;90;30;5;0;0;57;1;9931,6;0,0;0,0;52.994.933/0001-45;EMPREENDIMENTOS WG LTDA;9931,6;0,0;0,0;0,0;0,0;0;0,0;0,0;0;0,0;0,0;0;0,0;0;0,0;0,0;0
4691;Portaria;9247215;2026;26;1450376;2026-03-30;2071;3;3;90;30;16;0;0;57;1;2920,0;0,0;0,0;52.994.933/0001-45;EMPREENDIMENTOS WG LTDA;2920,0;0,0;0,0;0,0;0,0;0;0,0;0,0;0;0,0;0,0;0;0,0;0;0,0;0,0;0
4691;Portaria;9247215;2026;41;1450378;2026-07-02;2071;3;3;90;39;22;0;0;57;1;179463,0;179463,0;179463,0;04.469.835/0001-46;TELECO ENGENHARIA LTDA -EPP;179463,0;179463,0;179463,0;0,0;0,0;0;0,0;0,0;0;0,0;0,0;0;0,0;0;0,0;0,0;0
4691;Portaria;9247215;2026;65;1450378;2026-08-04;2071;3;3;90;39;22;0;0;57;1;61636,6;0,0;0,0;28.824.379/0001-73;FAP ENGENHARIA E CONSTRUCAO LTDA;61636,6;0,0;0,0;0,0;0,0;0;0,0;0,0;0;0,0;0,0;0;0,0;0;0,0;0,0;0
4691;0;0;2021;3;1450377;2021-11-23;2094;3;3;90;30;25;0;0;57;1;0,0;0,0;0,0;15.171.025/0001-25;SEVEN BRAZIL REPRESENTACOES LTDA;1015560,0;0,0;0,0;1015560,0;1015560,0;0;0,0;0,0;0;0,0;0,0;0;0,0;0;0,0;0,0;0
4701;Portaria;9406012;2024;65;1480111;2024-12-31;4152;3;3;90;39;56;0;0;57;1;81900,0;81900,0;81900,0;60.964.996/0001-87;DEPARTAMENTO INTERSINDICAL DE EST ESTS SOCIO ECONOMICOS;81900,0;0,0;0,0;81900,0;0,0;0;81900,0;81900,0;0;0,0;0,0;0;0,0;0;0,0;0,0;0
4701;Portaria;9341441;2022;4;1480111;2022-09-08;4101;3;3;90;39;49;0;0;10;3;299821,87;299821,87;299821,87;16.589.137/0001-63;SERVICO DE APOIO AS MICRO E PEQUENAS EMPRESAS DE MINAS GERAIS - SEBRAE;484000,0;0,0;0,0;852356,26;184178,13;0;299821,87;299821,87;0;0,0;0,0;0;0,0;0;0,0;0,0;0
4701;Portaria;9341441;2022;8;1480111;2022-12-27;4101;3;3;90;39;49;0;0;10;3;177218,75;177218,75;177218,75;04.279.189/0001-54;SERVICO NACIONAL DE APRENDIZAGEM RURAL - ADMINISTRACAO REGIONAL DE MIN;665718,75;0,0;0,0;1642718,75;488500,0;0;177218,75;177218,75;0;0,0;0,0;0;0,0;0;0,0;0,0;0
4701;Portaria;9341441;2023;25;1480111;2023-12-29;4101;3;3;90;39;49;0;0;10;3;172327,1;172327,1;172327,1;04.279.189/0001-54;SERVICO NACIONAL DE APRENDIZAGEM RURAL - ADMINISTRACAO REGIONAL DE MIN;176581,15;0,0;0,0;180835,2;4254,05;0;172327,1;172327,1;0;0,0;0,0;0;0,0;0;0,0;0,0;0
4701;Portaria;9341441;2024;9;1480111;2024-05-27;4159;3;3;90;93;99;0;0;10;3;812198,7;812198,7;812198,7;04.279.189/0001-54;SERVICO NACIONAL DE APRENDIZAGEM RURAL - ADMINISTRACAO REGIONAL DE MIN;812198,7;812198,7;812198,7;0,0;0,0;0;0,0;0,0;0;0,0;0,0;0;0,0;0;0,0;0,0;0
4701;Portaria;9337134;2022;2;1480111;2022-09-05;4101;3;3;90;39;49;0;0;10;3;716088,43;716088,43;716088,43;03.447.242/0001-16;SERVICO NACIONAL DE APRENDIZAGEM COMERCIAL - SENAC MINAS;2336199,79;0,0;0,0;5813035,92;1620111,36;0;716088,43;716088,43;0;0,0;0,0;0;0,0;0;0,0;0,0;0
4701;Portaria;9337134;2022;3;1480111;2022-09-05;4101;3;3;90;30;7;0;0;10;3;0,0;0,0;0,0;03.447.242/0001-16;SERVICO NACIONAL DE APRENDIZAGEM COMERCIAL - SENAC MINAS;29933,6;0,0;0,0;89800,8;29933,6;0;0,0;0,0;0;0,0;0,0;0;0,0;0;0,0;0,0;0
4701;Portaria;9337125;2022;1;1480111;2022-06-28;4012;3;3;90;40;3;0;0;57;1;-291,12;838,08;3250,54;16.636.540/0001-04;COMPANHIA DE TECNOLOGIA DA INFORMACAO DO ESTADO DE MINAS GERAIS-PRODEM;0,0;0,0;0,0;1691,22;281,01;0;848,19;817,13;0;2412,46;10,11;0;2402,35;0;31,06;0,0;0
4701;Portaria;9337125;2022;5;1480111;2022-09-23;4012;3;3;90;39;52;0;0;57;1;-18105,0;0,0;0,0;21.728.779/0001-36;CENTRO DE INTEGRACAO EMPRESA ESCOLA DE MINAS GERAIS - CIEE/MG;0,0;0,0;0,0;36210,0;18105,0;0;0,0;0,0;0;0,0;0,0;0;0,0;0;0,0;0,0;0
4701;Portaria;9337125;2022;6;1480111;2022-10-19;4012;3;3;90;33;4;0;0;57;1;-3189,66;0,0;1810,34;01.017.250/0001-05;VOETUR TURISMO E REPRESENTACOES LTDA;0,0;0,0;0,0;3189,66;3189,66;0;0,0;0,0;0;1810,34;0,0;0;1810,34;0;0,0;0,0;0
4701;Portaria;9337125;2023;1;1480111;2023-05-29;4012;3;3;90;40;3;0;0;57;1;5238,4;5238,4;5238,4;16.636.540/0001-04;COMPANHIA DE TECNOLOGIA DA INFORMACAO DO ESTADO DE MINAS GERAIS-PRODEM;5450,6;4782,72;4782,72;880,08;212,2;0;455,68;422,41;0;0,0;0,0;0;0,0;0;33,27;0,0;0
4701;Portaria;9337125;2023;2;1480111;2023-06-01;4012;3;3;90;39;43;0;0;57;1;37211,44;37211,44;37211,44;08.273.364/0001-57;TICKET GESTAO EM MANUTENCAO EZC S.A;39111,44;37211,44;37211,44;3800,0;1900,0;0;0,0;0,0;0;0,0;0,0;0;0,0;0;0,0;0,0;0
4701;Portaria;9337125;2023;4;1480111;2023-06-14;4012;3;3;90;14;1;0;0;57;1;2741,7;2741,7;2741,7;999.999.598/57;DIARIAS DE VIAGENS/PASSAGENS;2741,7;2741,7;2741,7;0,0;0,0;0;0,0;0,0;0;0,0;0,0;0;0,0;0;0,0;0,0;0
4701;Portaria;9337125;2023;5;1480111;2023-06-29;4012;3;3;90;33;4;0;0;57;1;6156,03;6156,03;6156,03;01.017.250/0001-05;VOETUR TURISMO E REPRESENTACOES LTDA;13920,28;6156,03;6156,03;7764,25;7764,25;0;0,0;0,0;0;0,0;0,0;0;0,0;0;0,0;0,0;0
4701;Portaria;9337125;2023;7;1480111;2023-08-29;4012;3;3;90;39;60;0;0;57;1;0,0;0,0;0,0;22.148.707/0001-82;SPEEDMAIS SOLUCOES LTDA;182380,32;0,0;0,0;182380,32;182380,32;0;0,0;0,0;0;0,0;0,0;0;0,0;0;0,0;0,0;0
4701;Portaria;9337125;2023;8;1480111;2023-08-31;4012;3;3;90;33;2;0;0;57;1;36,87;36,87;36,87;132.392.196/62;EMANOEL HENRIQUE FERREIRA DE SOUSA;36,87;36,87;36,87;0,0;0,0;0;0,0;0,0;0;0,0;0,0;0;0,0;0;0,0;0,0;0
4701;Portaria;9337125;2023;9;1480111;2023-09-29;4012;3;3;90;14;1;0;0;57;1;564,62;564,62;564,62;232.214.706/06;JURACY DA SILVA;564,62;564,62;564,62;0,0;0,0;0;0,0;0,0;0;0,0;0,0;0;0,0;0;0,0;0,0;0
4701;Portaria;9337125;2023;10;1480111;2023-09-29;4012;3;3;90;14;1;0;0;57;1;564,62;564,62;564,62;138.026.706/47;JUNIO CARLOS MARQUES SANTOS;564,62;564,62;564,62;0,0;0,0;0;0,0;0,0;0;0,0;0,0;0;0,0;0;0,0;0,0;0
4701;Portaria;9337125;2023;11;1480111;2023-09-29;4012;3;3;90;14;1;0;0;57;1;879,68;879,68;879,68;508.341.696/49;EUNICE ANTONIA DE LIMA QUEIROZ;879,68;879,68;879,68;0,0;0,0;0;0,0;0,0;0;0,0;0,0;0;0,0;0;0,0;0,0;0
4701;Portaria;9337125;2023;12;1480111;2023-09-29;4012;3;3;90;14;1;0;0;57;1;198,42;198,42;198,42;132.392.196/62;EMANOEL HENRIQUE FERREIRA DE SOUSA;198,42;198,42;198,42;0,0;0,0;0;0,0;0,0;0;0,0;0,0;0;0,0;0;0,0;0,0;0
4701;Portaria;9337125;2023;13;1480111;2023-09-29;4012;3;3;90;14;1;0;0;57;1;198,42;198,42;198,42;078.348.286/81;ANGELA MARCIA ALVES DE SOUZA;198,42;198,42;198,42;0,0;0,0;0;0,0;0,0;0;0,0;0,0;0;0,0;0;0,0;0,0;0
4701;Portaria;9337125;2023;14;1480111;2023-10-11;4012;3;3;90;33;2;0;0;57;1;77,92;77,92;77,92;869.585.006/44;CARMEN LUCIA PEREIRA BENTO;77,92;77,92;77,92;0,0;0,0;0;0,0;0,0;0;0,0;0,0;0;0,0;0;0,0;0,0;0
4701;Portaria;9337125;2023;15;1480111;2023-10-11;4012;3;3;90;33;4;0;0;57;1;4379,01;4379,01;4379,01;01.017.250/0001-05;VOETUR TURISMO E REPRESENTACOES LTDA;7500,0;4379,01;0,0;3120,99;3120,99;0;0,0;0,0;0;4379,01;0,0;0;4275,66;0;103,35;0,0;0
4701;Portaria;9337125;2023;16;1480111;2023-10-20;4012;3;3;90;33;2;0;0;57;1;60,4;60,4;60,4;869.585.006/44;CARMEN LUCIA PEREIRA BENTO;60,4;60,4;60,4;0,0;0,0;0;0,0;0,0;0;0,0;0,0;0;0,0;0;0,0;0,0;0
4701;Portaria;9337125;2023;17;1480111;2023-11-13;4012;3;3;90;36;4;0;0;57;1;3405,73;3405,73;3405,73;999.999.598/57;DIARIAS DE VIAGENS/PASSAGENS;3405,73;3405,73;3405,73;0,0;0,0;0;0,0;0,0;0;0,0;0,0;0;0,0;0;0,0;0,0;0
4701;Portaria;9337125;2023;19;1480111;2023-11-23;4012;3;3;90;33;2;0;0;57;1;150,0;150,0;150,0;879.404.776/68;SIMONE RIBEIRO DE MIRANDA GONCALVES;150,0;150,0;150,0;0,0;0,0;0;0,0;0,0;0;0,0;0,0;0;0,0;0;0,0;0,0;0
4701;Portaria;9337125;2023;20;1480111;2023-11-23;4012;3;3;90;33;2;0;0;57;1;93,09;93,09;93,09;869.585.006/44;CARMEN LUCIA PEREIRA BENTO;93,09;93,09;93,09;0,0;0,0;0;0,0;0,0;0;0,0;0,0;0;0,0;0;0,0;0,0;0
4701;Portaria;9337125;2023;21;1480111;2023-11-28;4012;3;3;90;39;3;0;0;57;1;17249,0;17249,0;17249,0;23.416.171/0001-00;SANTA FE AGENCIA DE EVENTOS - LTDA - ME;17249,0;17249,0;17249,0;0,0;0,0;0;0,0;0,0;0;0,0;0,0;0;0,0;0;0,0;0,0;0
4701;Portaria;9337125;2023;22;1480111;2023-12-01;4012;3;3;90;33;2;0;0;57;1;54,84;54,84;54,84;869.585.006/44;CARMEN LUCIA PEREIRA BENTO;54,84;54,84;54,84;0,0;0,0;0;0,0;0,0;0;0,0;0,0;0;0,0;0;0,0;0,0;0
4701;Portaria;9337125;2023;23;1480111;2023-12-14;4012;3;3;90;33;2;0;0;57;1;202,61;202,61;202,61;879.404.776/68;SIMONE RIBEIRO DE MIRANDA GONCALVES;202,61;202,61;202,61;0,0;0,0;0;0,0;0,0;0;0,0;0,0;0;0,0;0;0,0;0,0;0
4701;Portaria;9337125;2023;24;1480111;2023-12-29;4012;3;3;90;30;16;0;0;57;1;30400,0;30400,0;30400,0;19.561.435/0001-33;AGENES S.DA SILVA SUPRIMENTOS DE INFORMATICA LTDA;30400,0;0,0;0,0;30400,0;0,0;0;30400,0;30400,0;0;0,0;0,0;0;0,0;0;0,0;0,0;0
4701;Portaria;9337125;2024;1;1480111;2024-04-02;4152;3;3;90;39;78;0;0;57;1;10696,85;10696,85;10696,85;24.996.595/0002-26;INCLOUD TECNOLOGIA E SERVICOS LTDA.;45936,0;9446,81;9446,81;36489,19;35239,15;0;1250,04;1190,03;0;0,0;0,0;0;0,0;0;60,01;0,0;0
4701;Portaria;9337125;2024;2;1480111;2024-04-08;4152;3;3;90;14;1;0;0;57;1;28486,85;28486,85;28486,85;999.999.598/57;DIARIAS DE VIAGENS/PASSAGENS;28486,85;28486,85;28486,85;0,0;0,0;0;0,0;0,0;0;0,0;0,0;0;0,0;0;0,0;0,0;0
4701;Portaria;9337125;2024;3;1480111;2024-04-16;4152;3;3;90;40;3;0;0;57;1;5661,12;5661,12;5661,12;16.636.540/0001-04;COMPANHIA DE TECNOLOGIA DA INFORMACAO DO ESTADO DE MINAS GERAIS-PRODEM;5730,0;5171,84;5171,84;558,16;68,88;0;489,28;453,56;0;0,0;0,0;0;0,0;0;35,72;0,0;0
4701;Portaria;9337125;2024;4;1480111;2024-04-18;4152;3;3;90;33;2;0;0;57;1;88,23;88,23;88,23;869.585.006/44;CARMEN LUCIA PEREIRA BENTO;88,23;88,23;88,23;0,0;0,0;0;0,0;0,0;0;0,0;0,0;0;0,0;0;0,0;0,0;0
4701;Portaria;9337125;2024;5;1480111;2024-05-17;4152;3;3;90;33;2;0;0;57;1;113,88;113,88;113,88;869.585.006/44;CARMEN LUCIA PEREIRA BENTO;113,88;113,88;113,88;0,0;0,0;0;0,0;0,0;0;0,0;0,0;0;0,0;0;0,0;0,0;0
4701;Portaria;9337125;2024;6;1480111;2024-05-20;4152;3;3;90;33;4;0;0;57;1;13062,8;13062,8;13062,8;01.017.250/0001-05;VOETUR TURISMO E REPRESENTACOES LTDA;15000,0;13062,8;13062,8;1937,2;1937,2;0;0,0;0,0;0;0,0;0,0;0;0,0;0;0,0;0,0;0
4701;Portaria;9337125;2024;7;1480111;2024-05-24;4152;3;3;90;33;1;0;0;57;1;150,0;150,0;150,0;045.967.336/00;ALECIA NATHANA MOTTA CUNHA;150,0;150,0;150,0;0,0;0,0;0;0,0;0,0;0;0,0;0,0;0;0,0;0;0,0;0,0;0
4701;Portaria;9337125;2024;8;1480111;2024-05-24;4152;3;3;90;33;2;0;0;57;1;34,01;34,01;34,01;045.967.336/00;ALECIA NATHANA MOTTA CUNHA;34,01;34,01;34,01;0,0;0,0;0;0,0;0,0;0;0,0;0,0;0;0,0;0;0,0;0,0;0
4701;Portaria;9337125;2024;10;1480111;2024-06-05;4152;3;3;90;33;2;0;0;57;1;150,0;150,0;150,0;110.284.886/70;AMANDA SIQUEIRA CARVALHO;150,0;150,0;150,0;0,0;0,0;0;0,0;0,0;0;0,0;0,0;0;0,0;0;0,0;0,0;0
4701;Portaria;9337125;2024;11;1480111;2024-06-19;4152;3;3;90;39;41;0;0;57;1;20000,0;20000,0;20000,0;32.902.223/0001-30;FONSET - FORUM DOS SECRETARIOS DE ESTADO DO TRABALHO;20000,0;20000,0;20000,0;0,0;0,0;0;0,0;0,0;0;0,0;0,0;0;0,0;0;0,0;0,0;0
4701;Portaria;9337125;2024;12;1480111;2024-06-21;4152;3;3;90;39;43;0;0;57;1;6831,11;6831,11;6831,11;08.273.364/0001-57;TICKET GESTAO EM MANUTENCAO EZC S.A;17888,56;4709,17;4709,17;13179,39;11057,45;0;2121,94;2089,01;0;0,0;0,0;0;0,0;0;55,33;22,4;0
4701;Portaria;9337125;2024;13;1480111;2024-06-24;4152;3;3;90;33;2;0;0;57;1;115,93;115,93;115,93;869.585.006/44;CARMEN LUCIA PEREIRA BENTO;115,93;115,93;115,93;0,0;0,0;0;0,0;0,0;0;0,0;0,0;0;0,0;0;0,0;0,0;0
4701;Portaria;9337125;2024;14;1480111;2024-06-27;4152;3;3;90;33;2;0;0;57;1;2,49;2,49;2,49;110.284.886/70;AMANDA SIQUEIRA CARVALHO;2,49;2,49;2,49;0,0;0,0;0;0,0;0,0;0;0,0;0,0;0;0,0;0;0,0;0,0;0
4701;Portaria;9337125;2024;15;1480111;2024-07-04;4152;3;3;90;33;2;0;0;57;1;37,32;37,32;37,32;078.348.286/81;ANGELA MARCIA ALVES DE SOUZA;37,32;37,32;37,32;0,0;0,0;0;0,0;0,0;0;0,0;0,0;0;0,0;0;0,0;0,0;0
4701;Portaria;9337125;2024;16;1480111;2024-07-17;4152;3;3;90;33;2;0;0;57;1;90,23;90,23;90,23;869.585.006/44;CARMEN LUCIA PEREIRA BENTO;90,23;90,23;90,23;0,0;0,0;0;0,0;0,0;0;0,0;0,0;0;0,0;0;0,0;0,0;0
4701;Portaria;9337125;2024;17;1480111;2024-07-18;4152;3;3;90;33;1;0;0;57;1;35,92;35,92;35,92;045.967.336/00;ALECIA NATHANA MOTTA CUNHA;35,92;35,92;35,92;0,0;0,0;0;0,0;0,0;0;0,0;0,0;0;0,0;0;0,0;0,0;0
4701;Portaria;9337125;2024;18;1480111;2024-07-19;4152;3;3;90;33;2;0;0;57;1;150,0;150,0;150,0;079.058.516/21;ARTHUR HELIO ALBERGARIA CAMPOS;150,0;150,0;150,0;0,0;0,0;0;0,0;0,0;0;0,0;0,0;0;0,0;0;0,0;0,0;0
4701;Portaria;9337125;2024;19;1480111;2024-08-28;4152;3;3;90;33;2;0;0;57;1;314,9;314,9;314,9;079.058.516/21;ARTHUR HELIO ALBERGARIA CAMPOS;314,9;314,9;314,9;0,0;0,0;0;0,0;0,0;0;0,0;0,0;0;0,0;0;0,0;0,0;0
4701;Portaria;9337125;2024;20;1480111;2024-08-30;4152;3;3;90;36;4;0;0;57;1;18847,8;18847,8;18847,8;999.999.598/57;DIARIAS DE VIAGENS/PASSAGENS;18847,8;18847,8;18847,8;0,0;0,0;0;0,0;0,0;0;0,0;0,0;0;0,0;0;0,0;0,0;0
4701;Portaria;9337125;2024;21;1480111;2024-09-17;4152;3;3;90;33;2;0;0;57;1;91,89;91,89;91,89;078.348.286/81;ANGELA MARCIA ALVES DE SOUZA;91,89;91,89;91,89;0,0;0,0;0;0,0;0,0;0;0,0;0,0;0;0,0;0;0,0;0,0;0
4701;Portaria;9337125;2024;22;1480111;2024-09-17;4152;3;3;90;33;2;0;0;57;1;50,82;50,82;50,82;110.284.886/70;AMANDA SIQUEIRA CARVALHO;50,82;50,82;50,82;0,0;0,0;0;0,0;0,0;0;0,0;0,0;0;0,0;0;0,0;0,0;0
4701;Portaria;9337125;2024;23;1480111;2024-09-17;4152;3;3;90;33;1;0;0;57;1;150,0;150,0;150,0;014.090.816/13;CRISTINA DE CARVALHO BORGES;150,0;150,0;150,0;0,0;0,0;0;0,0;0,0;0;0,0;0,0;0;0,0;0;0,0;0,0;0
4701;Portaria;9337125;2024;24;1480111;2024-09-17;4152;3;3;90;33;2;0;0;57;1;17,91;17,91;17,91;014.090.816/13;CRISTINA DE CARVALHO BORGES;17,91;17,91;17,91;0,0;0,0;0;0,0;0,0;0;0,0;0,0;0;0,0;0;0,0;0,0;0
4701;Portaria;9337125;2024;25;1480111;2024-09-17;4152;3;3;90;33;1;0;0;57;1;150,0;150,0;150,0;972.037.506/04;JULIANO DONIZETE MANGIA;150,0;150,0;150,0;0,0;0,0;0;0,0;0,0;0;0,0;0,0;0;0,0;0;0,0;0,0;0
4701;Portaria;9337125;2024;26;1480111;2024-09-17;4152;3;3;90;33;2;0;0;57;1;46,58;46,58;46,58;972.037.506/04;JULIANO DONIZETE MANGIA;46,58;46,58;46,58;0,0;0,0;0;0,0;0,0;0;0,0;0,0;0;0,0;0;0,0;0,0;0
4701;Portaria;9337125;2024;27;1480111;2024-09-17;4152;3;3;90;33;1;0;0;57;1;150,0;150,0;150,0;078.002.866/06;STEVAN GONZALEZ VIEIRA;150,0;150,0;150,0;0,0;0,0;0;0,0;0,0;0;0,0;0,0;0;0,0;0;0,0;0,0;0
4701;Portaria;9337125;2024;28;1480111;2024-09-17;4152;3;3;90;33;2;0;0;57;1;109,46;109,46;109,46;078.002.866/06;STEVAN GONZALEZ VIEIRA;109,46;109,46;109,46;0,0;0,0;0;0,0;0,0;0;0,0;0,0;0;0,0;0;0,0;0,0;0
4701;Portaria;9337125;2024;29;1480111;2024-09-17;4152;3;3;90;33;1;0;0;57;1;150,0;150,0;150,0;414.009.256/49;JULIMAR FERREIRA MAGALHAES;150,0;150,0;150,0;0,0;0,0;0;0,0;0,0;0;0,0;0,0;0;0,0;0;0,0;0,0;0
4701;Portaria;9337125;2024;30;1480111;2024-09-17;4152;3;3;90;33;2;0;0;57;1;142,74;142,74;142,74;414.009.256/49;JULIMAR FERREIRA MAGALHAES;142,74;142,74;142,74;0,0;0,0;0;0,0;0,0;0;0,0;0,0;0;0,0;0;0,0;0,0;0
4701;Portaria;9337125;2024;31;1480111;2024-09-17;4152;3;3;90;33;1;0;0;57;1;150,0;150,0;150,0;077.917.826/26;TATIANA DE JESUS DE PAULA;150,0;150,0;150,0;0,0;0,0;0;0,0;0,0;0;0,0;0,0;0;0,0;0;0,0;0,0;0
4701;Portaria;9337125;2024;32;1480111;2024-09-17;4152;3;3;90;33;2;0;0;57;1;150,0;150,0;150,0;077.917.826/26;TATIANA DE JESUS DE PAULA;150,0;150,0;150,0;0,0;0,0;0;0,0;0,0;0;0,0;0,0;0;0,0;0;0,0;0,0;0
4701;Portaria;9337125;2024;33;1480111;2024-09-17;4152;3;3;90;33;1;0;0;57;1;111,37;111,37;111,37;935.509.366/72;PAULO HENRIQUE RODRIGUES LIMA;111,37;111,37;111,37;0,0;0,0;0;0,0;0,0;0;0,0;0,0;0;0,0;0;0,0;0,0;0
4701;Portaria;9337125;2024;34;1480111;2024-09-17;4152;3;3;90;33;2;0;0;57;1;150,0;150,0;150,0;935.509.366/72;PAULO HENRIQUE RODRIGUES LIMA;150,0;150,0;150,0;0,0;0,0;0;0,0;0,0;0;0,0;0,0;0;0,0;0;0,0;0,0;0
4701;Portaria;9337125;2024;35;1480111;2024-09-17;4152;3;3;90;33;1;0;0;57;1;150,0;150,0;150,0;041.190.306/36;ALINE RODRIGUES DE SOUZA;150,0;150,0;150,0;0,0;0,0;0;0,0;0,0;0;0,0;0,0;0;0,0;0;0,0;0,0;0
4701;Portaria;9337125;2024;36;1480111;2024-09-17;4152;3;3;90;33;2;0;0;57;1;150,0;150,0;150,0;041.190.306/36;ALINE RODRIGUES DE SOUZA;150,0;150,0;150,0;0,0;0,0;0;0,0;0,0;0;0,0;0,0;0;0,0;0;0,0;0,0;0
4701;Portaria;9337125;2024;37;1480111;2024-09-17;4152;3;3;90;33;1;0;0;57;1;150,0;150,0;150,0;585.624.276/91;JOSE ALVES DA SILVA NETO;150,0;150,0;150,0;0,0;0,0;0;0,0;0,0;0;0,0;0,0;0;0,0;0;0,0;0,0;0
4701;Portaria;9337125;2024;38;1480111;2024-09-17;4152;3;3;90;33;2;0;0;57;1;18,9;18,9;18,9;585.624.276/91;JOSE ALVES DA SILVA NETO;18,9;18,9;18,9;0,0;0,0;0;0,0;0,0;0;0,0;0,0;0;0,0;0;0,0;0,0;0
4701;Portaria;9337125;2024;39;1480111;2024-09-17;4152;3;3;90;33;1;0;0;57;1;150,0;150,0;150,0;093.534.336/90;MICHELLE XAVIER DE PAULA;150,0;150,0;150,0;0,0;0,0;0;0,0;0,0;0;0,0;0,0;0;0,0;0;0,0;0,0;0
4701;Portaria;9337125;2024;40;1480111;2024-09-17;4152;3;3;90;33;2;0;0;57;1;64,58;64,58;64,58;093.534.336/90;MICHELLE XAVIER DE PAULA;64,58;64,58;64,58;0,0;0,0;0;0,0;0,0;0;0,0;0,0;0;0,0;0;0,0;0,0;0
4701;Portaria;9337125;2024;41;1480111;2024-09-17;4152;3;3;90;33;1;0;0;57;1;150,0;150,0;150,0;959.535.906/87;KARLA DE BRITO LISBOA;150,0;150,0;150,0;0,0;0,0;0;0,0;0,0;0;0,0;0,0;0;0,0;0;0,0;0,0;0
4701;Portaria;9337125;2024;43;1480111;2024-10-09;4152;3;3;90;33;1;0;0;57;1;156,62;156,62;156,62;414.009.256/49;JULIMAR FERREIRA MAGALHAES;156,62;156,62;156,62;0,0;0,0;0;0,0;0,0;0;0,0;0,0;0;0,0;0;0,0;0,0;0
4701;Portaria;9337125;2024;44;1480111;2024-10-11;4152;3;3;90;33;1;0;0;57;1;392,24;392,24;392,24;972.037.506/04;JULIANO DONIZETE MANGIA;392,24;392,24;392,24;0,0;0,0;0;0,0;0,0;0;0,0;0,0;0;0,0;0;0,0;0,0;0
4701;Portaria;9337125;2024;45;1480111;2024-10-11;4152;3;3;90;33;2;0;0;57;1;140,1;140,1;140,1;935.509.366/72;PAULO HENRIQUE RODRIGUES LIMA;140,1;140,1;140,1;0,0;0,0;0;0,0;0,0;0;0,0;0,0;0;0,0;0;0,0;0,0;0
4701;Portaria;9337125;2024;46;1480111;2024-10-15;4152;3;3;90;33;1;0;0;57;1;186,0;186,0;186,0;014.090.816/13;CRISTINA DE CARVALHO BORGES;186,0;186,0;186,0;0,0;0,0;0;0,0;0,0;0;0,0;0,0;0;0,0;0;0,0;0,0;0
4701;Portaria;9337125;2024;47;1480111;2024-10-15;4152;3;3;90;33;1;0;0;57;1;255,8;255,8;255,8;078.002.866/06;STEVAN GONZALEZ VIEIRA;255,8;255,8;255,8;0,0;0,0;0;0,0;0,0;0;0,0;0,0;0;0,0;0;0,0;0,0;0
4701;Portaria;9337125;2024;48;1480111;2024-10-15;4152;3;3;90;33;1;0;0;57;1;396,27;396,27;396,27;959.535.906/87;KARLA DE BRITO LISBOA;396,27;396,27;396,27;0,0;0,0;0;0,0;0,0;0;0,0;0,0;0;0,0;0;0,0;0,0;0
4701;Portaria;9337125;2024;49;1480111;2024-10-15;4152;3;3;90;33;1;0;0;57;1;186,0;186,0;186,0;093.534.336/90;MICHELLE XAVIER DE PAULA;186,0;186,0;186,0;0,0;0,0;0;0,0;0,0;0;0,0;0,0;0;0,0;0;0,0;0,0;0
4701;Portaria;9337125;2024;50;1480111;2024-10-15;4152;3;3;90;33;1;0;0;57;1;186,62;186,62;186,62;077.917.826/26;TATIANA DE JESUS DE PAULA;186,62;186,62;186,62;0,0;0,0;0;0,0;0,0;0;0,0;0,0;0;0,0;0;0,0;0,0;0
4701;Portaria;9337125;2024;51;1480111;2024-10-22;4152;3;3;90;33;1;0;0;57;1;14,42;14,42;14,42;585.624.276/91;JOSE ALVES DA SILVA NETO;14,42;14,42;14,42;0,0;0,0;0;0,0;0,0;0;0,0;0,0;0;0,0;0;0,0;0,0;0
4701;Portaria;9337125;2024;52;1480111;2024-11-05;4152;3;3;90;33;2;0;0;57;1;305,2;305,2;305,2;079.058.516/21;ARTHUR HELIO ALBERGARIA CAMPOS;305,2;305,2;305,2;0,0;0,0;0;0,0;0,0;0;0,0;0,0;0;0,0;0;0,0;0,0;0
4701;Portaria;9337125;2024;53;1480111;2024-11-05;4152;3;3;90;33;2;0;0;57;1;45,79;45,79;45,79;077.917.826/26;TATIANA DE JESUS DE PAULA;45,79;45,79;45,79;0,0;0,0;0;0,0;0,0;0;0,0;0,0;0;0,0;0;0,0;0,0;0
4701;Portaria;9337125;2024;54;1480111;2024-11-07;4152;3;3;90;33;1;0;0;57;1;134,6;134,6;134,6;041.190.306/36;ALINE RODRIGUES DE SOUZA;134,6;134,6;134,6;0,0;0,0;0;0,0;0,0;0;0,0;0,0;0;0,0;0;0,0;0,0;0
4701;Portaria;9337125;2024;55;1480111;2024-11-07;4152;3;3;90;33;2;0;0;57;1;12,22;12,22;12,22;041.190.306/36;ALINE RODRIGUES DE SOUZA;12,22;12,22;12,22;0,0;0,0;0;0,0;0,0;0;0,0;0,0;0;0,0;0;0,0;0,0;0
4701;Portaria;9337125;2024;56;1480111;2024-11-14;4152;3;3;90;33;2;0;0;57;1;73,92;73,92;73,92;869.585.006/44;CARMEN LUCIA PEREIRA BENTO;73,92;73,92;73,92;0,0;0,0;0;0,0;0,0;0;0,0;0,0;0;0,0;0;0,0;0,0;0
4701;Portaria;9337125;2024;57;1480111;2024-11-21;4152;3;3;90;33;2;0;0;57;1;300,0;300,0;300,0;508.341.696/49;EUNICE ANTONIA DE LIMA QUEIROZ;300,0;300,0;300,0;0,0;0,0;0;0,0;0,0;0;0,0;0,0;0;0,0;0;0,0;0,0;0
4701;Portaria;9337125;2024;58;1480111;2024-11-21;4152;3;3;90;33;2;0;0;57;1;260,22;260,22;260,22;078.348.286/81;ANGELA MARCIA ALVES DE SOUZA;260,22;260,22;260,22;0,0;0,0;0;0,0;0,0;0;0,0;0,0;0;0,0;0;0,0;0,0;0
4701;Portaria;9337125;2024;59;1480111;2024-11-21;4152;3;3;90;33;1;0;0;57;1;300,0;300,0;300,0;079.058.516/21;ARTHUR HELIO ALBERGARIA CAMPOS;300,0;300,0;300,0;0,0;0,0;0;0,0;0,0;0;0,0;0,0;0;0,0;0;0,0;0,0;0
4701;Portaria;9337125;2024;60;1480111;2024-11-21;4152;3;3;90;33;2;0;0;57;1;251,1;251,1;251,1;879.404.776/68;SIMONE RIBEIRO DE MIRANDA GONCALVES;251,1;251,1;251,1;0,0;0,0;0;0,0;0,0;0;0,0;0,0;0;0,0;0;0,0;0,0;0
4701;Portaria;9337125;2024;61;1480111;2024-11-22;4152;3;3;90;33;2;0;0;57;1;102,98;102,98;102,98;869.585.006/44;CARMEN LUCIA PEREIRA BENTO;102,98;102,98;102,98;0,0;0,0;0;0,0;0,0;0;0,0;0,0;0;0,0;0;0,0;0,0;0
4701;Portaria;9337125;2024;62;1480111;2024-11-25;4152;3;3;90;33;2;0;0;57;1;101,53;101,53;101,53;869.585.006/44;CARMEN LUCIA PEREIRA BENTO;101,53;101,53;101,53;0,0;0,0;0;0,0;0,0;0;0,0;0,0;0;0,0;0;0,0;0,0;0
4701;Portaria;9337125;2024;63;1480111;2024-11-29;4152;3;3;90;39;60;0;0;57;1;3083,5;3083,5;3083,5;22.148.707/0001-82;SPEEDMAIS SOLUCOES LTDA;188842,61;2147,46;2147,46;186695,15;185759,11;0;936,04;891,12;0;0,0;0,0;0;0,0;0;44,92;0,0;0
4701;Portaria;9337125;2024;64;1480111;2024-12-17;4152;3;3;90;33;2;0;0;57;1;5,99;5,99;5,99;508.341.696/49;EUNICE ANTONIA DE LIMA QUEIROZ;5,99;5,99;5,99;0,0;0,0;0;0,0;0,0;0;0,0;0,0;0;0,0;0;0,0;0,0;0
4701;Portaria;9337125;2025;1;1480111;2025-02-21;4152;3;3;90;33;4;0;0;57;1;9284,05;9284,05;9284,05;01.017.250/0001-05;VOETUR TURISMO E REPRESENTACOES LTDA;15000,0;9284,05;9284,05;5715,95;5715,95;0;0,0;0,0;0;0,0;0,0;0;0,0;0;0,0;0,0;0
4701;Portaria;9337125;2025;2;1480111;2025-02-21;4152;3;3;90;39;78;0;0;57;1;103812,26;103812,26;103812,26;24.996.595/0002-26;INCLOUD TECNOLOGIA E SERVICOS LTDA.;150000,0;77126,94;77126,94;72873,06;46187,74;0;26685,32;25404,43;0;0,0;0,0;0;0,0;0;1280,89;0,0;0
4701;Portaria;9337125;2025;3;1480111;2025-02-21;4152;3;3;90;14;1;0;0;57;1;20060,9;20060,9;20060,9;999.999.598/57;DIARIAS DE VIAGENS/PASSAGENS;20060,9;20060,9;20060,9;0,0;0,0;0;0,0;0,0;0;0,0;0,0;0;0,0;0;0,0;0,0;0
4701;Portaria;9337125;2025;4;1480111;2025-03-13;4152;3;3;90;33;2;0;0;57;1;97,27;97,27;97,27;869.585.006/44;CARMEN LUCIA PEREIRA BENTO;97,27;97,27;97,27;0,0;0,0;0;0,0;0,0;0;0,0;0,0;0;0,0;0;0,0;0,0;0
4701;Portaria;9337125;2025;5;1480111;2025-03-17;4152;3;3;90;33;2;0;0;57;1;150,0;150,0;150,0;079.058.516/21;ARTHUR HELIO ALBERGARIA CAMPOS;150,0;150,0;150,0;0,0;0,0;0;0,0;0,0;0;0,0;0,0;0;0,0;0;0,0;0,0;0
4701;Portaria;9337125;2025;6;1480111;2025-03-17;4152;3;3;90;39;60;0;0;57;1;6562,72;6562,72;6562,72;22.148.707/0001-82;SPEEDMAIS SOLUCOES LTDA;9000,0;5889,24;5889,24;3110,76;2437,28;0;673,48;641,15;0;0,0;0,0;0;0,0;0;32,33;0,0;0
4701;Portaria;9337125;2025;7;1480111;2025-03-21;4152;3;3;90;40;3;0;0;57;1;1987,84;1987,84;1987,84;16.636.540/0001-04;COMPANHIA DE TECNOLOGIA DA INFORMACAO DO ESTADO DE MINAS GERAIS-PRODEM;1987,84;1987,84;1987,84;0,0;0,0;0;0,0;0,0;0;0,0;0,0;0;0,0;0;0,0;0,0;0
4701;Portaria;9337125;2025;9;1480111;2025-04-04;4152;3;3;90;33;2;0;0;57;1;89,16;89,16;89,16;079.058.516/21;ARTHUR HELIO ALBERGARIA CAMPOS;89,16;89,16;89,16;0,0;0,0;0;0,0;0,0;0;0,0;0,0;0;0,0;0;0,0;0,0;0
4701;Portaria;9337125;2025;10;1480111;2025-04-10;4152;3;3;90;39;41;0;0;57;1;20000,0;20000,0;20000,0;32.902.223/0001-30;FONSET - FORUM DOS SECRETARIOS DE ESTADO DO TRABALHO;20000,0;20000,0;20000,0;0,0;0,0;0;0,0;0,0;0;0,0;0,0;0;0,0;0;0,0;0,0;0
4701;Portaria;9337125;2025;11;1480111;2025-05-20;4152;3;3;90;39;55;0;0;57;1;7428,0;7428,0;7428,0;15.242.539/0001-24;COMERCIAL MUZAMINAS LTDA;7428,0;7428,0;7428,0;0,0;0,0;0;0,0;0,0;0;0,0;0,0;0;0,0;0;0,0;0,0;0
4701;Portaria;9337125;2025;12;1480111;2025-05-23;4152;3;3;90;33;2;0;0;57;1;105,44;105,44;105,44;869.585.006/44;CARMEN LUCIA PEREIRA BENTO;105,44;105,44;105,44;0,0;0,0;0;0,0;0,0;0;0,0;0,0;0;0,0;0;0,0;0,0;0
4701;Portaria;9337125;2025;13;1480111;2025-05-27;4152;3;3;90;33;2;0;0;57;1;150,0;150,0;150,0;079.058.516/21;ARTHUR HELIO ALBERGARIA CAMPOS;150,0;150,0;150,0;0,0;0,0;0;0,0;0,0;0;0,0;0,0;0;0,0;0;0,0;0,0;0
4701;Portaria;9337125;2025;14;1480111;2025-05-31;4152;3;3;90;39;31;0;0;57;1;24255,0;24255,0;24255,0;22.056.515/0001-46;INFORGRAF LTDA - ME;24255,0;24255,0;24255,0;0,0;0,0;0;0,0;0,0;0;0,0;0,0;0;0,0;0;0,0;0,0;0
4701;Portaria;9337125;2025;15;1480111;2025-06-11;4152;3;3;90;33;2;0;0;57;1;36,99;36,99;36,99;110.284.886/70;AMANDA SIQUEIRA CARVALHO;36,99;36,99;36,99;0,0;0,0;0;0,0;0,0;0;0,0;0,0;0;0,0;0;0,0;0,0;0
4701;Portaria;9337125;2025;16;1480111;2025-06-11;4152;3;3;90;33;2;0;0;57;1;137,65;137,65;137,65;078.348.286/81;ANGELA MARCIA ALVES DE SOUZA;137,65;137,65;137,65;0,0;0,0;0;0,0;0,0;0;0,0;0,0;0;0,0;0;0,0;0,0;0
4701;Portaria;9337125;2025;17;1480111;2025-06-17;4152;3;3;90;33;2;0;0;57;1;8,0;8,0;8,0;079.058.516/21;ARTHUR HELIO ALBERGARIA CAMPOS;8,0;8,0;8,0;0,0;0,0;0;0,0;0,0;0;0,0;0,0;0;0,0;0;0,0;0,0;0
4701;Portaria;9337125;2025;18;1480111;2025-06-18;4152;3;3;90;33;2;0;0;57;1;117,07;117,07;117,07;869.585.006/44;CARMEN LUCIA PEREIRA BENTO;117,07;117,07;117,07;0,0;0,0;0;0,0;0,0;0;0,0;0,0;0;0,0;0;0,0;0,0;0
4701;Portaria;9337125;2025;19;1480111;2025-06-25;4152;3;3;90;40;3;0;0;57;1;2326,47;2326,47;2326,47;16.636.540/0001-04;COMPANHIA DE TECNOLOGIA DA INFORMACAO DO ESTADO DE MINAS GERAIS-PRODEM;2326,47;2326,47;2326,47;0,0;0,0;0;0,0;0,0;0;0,0;0,0;0;0,0;0;0,0;0,0;0
4701;Portaria;9337125;2025;20;1480111;2025-06-26;4152;3;3;90;33;2;0;0;57;1;104,87;104,87;104,87;869.585.006/44;CARMEN LUCIA PEREIRA BENTO;104,87;104,87;104,87;0,0;0,0;0;0,0;0,0;0;0,0;0,0;0;0,0;0;0,0;0,0;0
4701;Portaria;9337125;2025;21;1480111;2025-07-30;4152;3;3;90;33;2;0;0;57;1;129,59;129,59;129,59;869.585.006/44;CARMEN LUCIA PEREIRA BENTO;129,59;129,59;129,59;0,0;0,0;0;0,0;0,0;0;0,0;0,0;0;0,0;0;0,0;0,0;0
4701;Portaria;9337125;2025;22;1480111;2025-08-14;4152;3;3;90;33;2;0;0;57;1;114,47;114,47;114,47;869.585.006/44;CARMEN LUCIA PEREIRA BENTO;114,47;114,47;114,47;0,0;0,0;0;0,0;0,0;0;0,0;0,0;0;0,0;0;0,0;0,0;0
4701;Portaria;9337125;2025;23;1480111;2025-08-18;4152;3;3;90;33;2;0;0;57;1;150,0;150,0;150,0;110.284.886/70;AMANDA SIQUEIRA CARVALHO;150,0;150,0;150,0;0,0;0,0;0;0,0;0,0;0;0,0;0,0;0;0,0;0;0,0;0,0;0
4701;Portaria;9337125;2025;24;1480111;2025-08-28;4152;3;3;90;33;2;0;0;57;1;113,7;113,7;113,7;869.585.006/44;CARMEN LUCIA PEREIRA BENTO;113,7;113,7;113,7;0,0;0,0;0;0,0;0,0;0;0,0;0,0;0;0,0;0;0,0;0,0;0
4701;Portaria;9337125;2025;25;1480111;2025-09-30;4152;3;3;90;33;2;0;0;57;1;150,0;150,0;150,0;078.348.286/81;ANGELA MARCIA ALVES DE SOUZA;150,0;150,0;150,0;0,0;0,0;0;0,0;0,0;0;0,0;0,0;0;0,0;0;0,0;0,0;0
4701;Portaria;9337125;2025;26;1480111;2025-10-02;4152;3;3;90;33;2;0;0;57;1;122,65;122,65;122,65;869.585.006/44;CARMEN LUCIA PEREIRA BENTO;122,65;122,65;122,65;0,0;0,0;0;0,0;0,0;0;0,0;0,0;0;0,0;0;0,0;0,0;0
4701;Portaria;9337125;2025;27;1480111;2025-10-06;4152;3;3;90;33;2;0;0;57;1;26,87;26,87;26,87;110.284.886/70;AMANDA SIQUEIRA CARVALHO;26,87;26,87;26,87;0,0;0,0;0;0,0;0,0;0;0,0;0,0;0;0,0;0;0,0;0,0;0
4701;Portaria;9337125;2025;28;1480111;2025-10-16;4152;3;3;90;33;2;0;0;57;1;97,88;97,88;97,88;869.585.006/44;CARMEN LUCIA PEREIRA BENTO;97,88;97,88;97,88;0,0;0,0;0;0,0;0,0;0;0,0;0,0;0;0,0;0;0,0;0,0;0
4701;Portaria;9337125;2025;29;1480111;2025-10-30;4152;3;3;90;33;2;0;0;57;1;95,98;95,98;95,98;869.585.006/44;CARMEN LUCIA PEREIRA BENTO;95,98;95,98;95,98;0,0;0,0;0;0,0;0,0;0;0,0;0,0;0;0,0;0;0,0;0,0;0
4701;Portaria;9337125;2025;30;1480111;2025-11-06;4152;3;3;90;33;2;0;0;57;1;53,21;53,21;53,21;078.348.286/81;ANGELA MARCIA ALVES DE SOUZA;53,21;53,21;53,21;0,0;0,0;0;0,0;0,0;0;0,0;0,0;0;0,0;0;0,0;0,0;0
4701;Portaria;9337125;2025;31;1480111;2025-11-17;4152;4;4;90;52;7;0;0;57;1;1181100,0;1181100,0;1181100,0;12.477.490/0002-81;LIDER NOTEBOOKS COMERCIO E SERVICOS LTDA;1181100,0;0,0;0,0;1181100,0;0,0;0;1181100,0;1166926,8;0;0,0;0,0;0;0,0;0;14173,2;0,0;0
4701;Portaria;9337125;2025;32;1480111;2025-11-17;4152;3;3;90;39;55;0;0;57;1;601072,4;601072,4;601072,4;21.061.770/0001-14;EXO COMPANY PARTICIPACOES LTDA;620900,0;601072,4;601072,4;19827,6;19827,6;0;0,0;0,0;0;0,0;0,0;0;0,0;0;0,0;0,0;0
4701;Portaria;9337125;2025;33;1480111;2025-11-19;4152;4;4;90;52;7;0;0;57;1;42980,0;42980,0;42980,0;81.243.735/0009-03;POSITIVO TECNOLOGIA S.A.;42980,0;0,0;0,0;42980,0;0,0;0;42980,0;42464,24;0;0,0;0,0;0;0,0;0;515,76;0,0;0
4701;Portaria;9337125;2025;34;1480111;2025-11-24;4152;3;3;90;39;55;0;0;57;1;6366,92;6366,92;6366,92;07.132.995/0001-93;KEPLER VIAGENS, EVENTOS E TURISMO LTDA;6509,25;6366,92;6366,92;142,33;142,33;0;0,0;0,0;0;0,0;0,0;0;0,0;0;0,0;0,0;0
4701;Portaria;9337125;2025;35;1480111;2025-11-28;4152;3;3;90;33;2;0;0;57;1;77,81;77,81;77,81;869.585.006/44;CARMEN LUCIA PEREIRA BENTO;77,81;77,81;77,81;0,0;0,0;0;0,0;0,0;0;0,0;0,0;0;0,0;0;0,0;0,0;0
4701;Portaria;9337125;2025;36;1480111;2025-12-09;4152;3;3;90;36;4;0;0;57;1;3152,7;3152,7;3152,7;999.999.598/57;DIARIAS DE VIAGENS/PASSAGENS;3200,0;3152,7;3152,7;47,3;47,3;0;0,0;0,0;0;0,0;0,0;0;0,0;0;0,0;0,0;0
4701;Portaria;9337125;2025;37;1480111;2025-12-17;4152;3;3;90;33;2;0;0;57;1;98,06;98,06;98,06;079.058.516/21;ARTHUR HELIO ALBERGARIA CAMPOS;98,06;98,06;98,06;0,0;0,0;0;0,0;0,0;0;0,0;0,0;0;0,0;0;0,0;0,0;0
4701;Portaria;9337125;2025;38;1480111;2025-12-17;4152;3;3;90;33;2;0;0;57;1;212,26;212,26;212,26;079.058.516/21;ARTHUR HELIO ALBERGARIA CAMPOS;212,26;212,26;212,26;0,0;0,0;0;0,0;0,0;0;0,0;0,0;0;0,0;0;0,0;0,0;0
4701;Portaria;9337125;2026;1;1480111;2026-02-20;4152;3;3;90;14;1;0;0;57;1;82638,0;70219,77;70219,77;999.999.598/57;DIARIAS DE VIAGENS/PASSAGENS;82638,0;70219,77;70219,77;0,0;0,0;0;0,0;0,0;0;0,0;0,0;0;0,0;0;0,0;0,0;0
4701;Portaria;9337125;2026;2;1480111;2026-02-20;4152;3;3;90;36;4;0;0;57;1;6500,0;634,5;634,5;999.999.598/57;DIARIAS DE VIAGENS/PASSAGENS;6500,0;634,5;634,5;0,0;0,0;0;0,0;0,0;0;0,0;0,0;0;0,0;0;0,0;0,0;0
4701;Portaria;9337125;2026;3;1480111;2026-02-20;4152;3;3;90;33;4;0;0;57;1;21446,68;20285,57;20285,57;01.017.250/0001-05;VOETUR TURISMO E REPRESENTACOES LTDA;21446,68;20285,57;20285,57;0,0;0,0;0;0,0;0,0;0;0,0;0,0;0;0,0;0;0,0;0,0;0
4701;Portaria;9337125;2026;4;1480111;2026-02-27;4152;3;3;90;33;2;0;0;57;1;146,7;146,7;146,7;078.348.286/81;ANGELA MARCIA ALVES DE SOUZA;146,7;146,7;146,7;0,0;0,0;0;0,0;0,0;0;0,0;0,0;0;0,0;0;0,0;0,0;0
4701;Portaria;9337125;2026;5;1480111;2026-03-05;4152;3;3;90;33;2;0;0;57;1;106,93;106,93;106,93;869.585.006/44;CARMEN LUCIA PEREIRA BENTO;106,93;106,93;106,93;0,0;0,0;0;0,0;0,0;0;0,0;0,0;0;0,0;0;0,0;0,0;0
4701;Portaria;9337125;2026;6;1480111;2026-03-06;4152;3;3;90;39;41;0;0;57;1;20000,0;20000,0;20000,0;32.902.223/0001-30;FONSET - FORUM DOS SECRETARIOS DE ESTADO DO TRABALHO;20000,0;20000,0;20000,0;0,0;0,0;0;0,0;0,0;0;0,0;0,0;0;0,0;0;0,0;0,0;0
4701;Portaria;9337125;2026;7;1480111;2026-03-06;4152;3;3;90;39;60;0;0;57;1;5500,0;4737,9;4737,9;22.148.707/0001-82;SPEEDMAIS SOLUCOES LTDA;5500,0;4737,9;4737,9;0,0;0,0;0;0,0;0,0;0;0,0;0,0;0;0,0;0;0,0;0,0;0
4701;Portaria;9337125;2026;8;1480111;2026-03-10;4152;3;3;90;39;78;0;0;57;1;101797,07;71670,62;71670,62;24.996.595/0002-26;INCLOUD TECNOLOGIA E SERVICOS LTDA.;101797,07;71670,62;71670,62;0,0;0,0;0;0,0;0,0;0;0,0;0,0;0;0,0;0;0,0;0,0;0
4701;Portaria;9337125;2026;9;1480111;2026-03-12;4152;3;3;90;33;2;0;0;57;1;108,95;108,95;108,95;099.041.286/50;MARCEL CARDOSO FERREIRA DE SOUZA;108,95;108,95;108,95;0,0;0,0;0;0,0;0,0;0;0,0;0,0;0;0,0;0;0,0;0,0;0
4701;Portaria;9337125;2026;11;1480111;2026-03-20;4152;3;3;90;33;2;0;0;57;1;99,7;99,7;99,7;869.585.006/44;CARMEN LUCIA PEREIRA BENTO;99,7;99,7;99,7;0,0;0,0;0;0,0;0,0;0;0,0;0,0;0;0,0;0;0,0;0,0;0
4701;Portaria;9337125;2026;12;1480111;2026-03-26;4152;3;3;90;33;2;0;0;57;1;73,78;73,78;73,78;118.941.086/98;MATHEUS ARAUJO BONGIOVANI BATISTA;73,78;73,78;73,78;0,0;0,0;0;0,0;0,0;0;0,0;0,0;0;0,0;0;0,0;0,0;0
4701;Portaria;9337125;2026;13;1480111;2026-03-26;4152;3;3;90;33;1;0;0;57;1;150,0;150,0;150,0;118.941.086/98;MATHEUS ARAUJO BONGIOVANI BATISTA;150,0;150,0;150,0;0,0;0,0;0;0,0;0,0;0;0,0;0,0;0;0,0;0;0,0;0,0;0
4701;Portaria;9337125;2026;14;1480111;2026-03-27;4152;3;3;90;33;2;0;0;57;1;108,0;108,0;108,0;879.404.776/68;SIMONE RIBEIRO DE MIRANDA GONCALVES;108,0;108,0;108,0;0,0;0,0;0;0,0;0,0;0;0,0;0,0;0;0,0;0;0,0;0,0;0
4701;Portaria;9337125;2026;15;1480111;2026-04-06;4152;3;3;90;33;2;0;0;57;1;150,0;150,0;150,0;103.540.806/60;MATHEUS FERNANDES NASCIMENTO;150,0;150,0;150,0;0,0;0,0;0;0,0;0,0;0;0,0;0,0;0;0,0;0;0,0;0,0;0
4701;Portaria;9337125;2026;16;1480111;2026-04-06;4152;3;3;90;33;1;0;0;57;1;150,0;150,0;150,0;103.540.806/60;MATHEUS FERNANDES NASCIMENTO;150,0;150,0;150,0;0,0;0,0;0;0,0;0,0;0;0,0;0,0;0;0,0;0;0,0;0,0;0
4701;Portaria;9337125;2026;17;1480111;2026-04-09;4152;3;3;90;33;2;0;0;57;1;108,69;108,69;108,69;869.585.006/44;CARMEN LUCIA PEREIRA BENTO;108,69;108,69;108,69;0,0;0,0;0;0,0;0,0;0;0,0;0,0;0;0,0;0;0,0;0,0;0
4701;Portaria;9337125;2026;18;1480111;2026-04-17;4152;3;3;90;33;1;0;0;57;1;101,45;101,45;101,45;118.941.086/98;MATHEUS ARAUJO BONGIOVANI BATISTA;101,45;101,45;101,45;0,0;0,0;0;0,0;0,0;0;0,0;0,0;0;0,0;0;0,0;0,0;0
4701;Portaria;9337125;2026;20;1480111;2026-04-22;4152;3;3;90;33;2;0;0;57;1;46,15;46,15;46,15;079.058.516/21;ARTHUR HELIO ALBERGARIA CAMPOS;46,15;46,15;46,15;0,0;0,0;0;0,0;0,0;0;0,0;0,0;0;0,0;0;0,0;0,0;0
4701;Portaria;9337125;2026;21;1480111;2026-04-23;4152;3;3;90;33;2;0;0;57;1;71,1;71,1;71,1;078.348.286/81;ANGELA MARCIA ALVES DE SOUZA;71,1;71,1;71,1;0,0;0,0;0;0,0;0,0;0;0,0;0,0;0;0,0;0;0,0;0,0;0
4701;Portaria;9337125;2026;22;1480111;2026-04-23;4152;3;3;90;33;2;0;0;57;1;15,7;15,7;15,7;103.540.806/60;MATHEUS FERNANDES NASCIMENTO;15,7;15,7;15,7;0,0;0,0;0;0,0;0,0;0;0,0;0,0;0;0,0;0;0,0;0,0;0
4701;Portaria;9337125;2026;23;1480111;2026-04-23;4152;3;3;90;33;1;0;0;57;1;51,49;51,49;51,49;103.540.806/60;MATHEUS FERNANDES NASCIMENTO;51,49;51,49;51,49;0,0;0,0;0;0,0;0,0;0;0,0;0,0;0;0,0;0;0,0;0,0;0
4701;Portaria;9337125;2026;24;1480111;2026-05-06;4152;3;3;90;33;2;0;0;57;1;97,88;97,88;97,88;869.585.006/44;CARMEN LUCIA PEREIRA BENTO;97,88;97,88;97,88;0,0;0,0;0;0,0;0,0;0;0,0;0,0;0;0,0;0;0,0;0,0;0
4701;Portaria;9337125;2026;25;1480111;2026-05-06;4152;3;3;90;33;2;0;0;57;1;52,5;52,5;52,5;879.404.776/68;SIMONE RIBEIRO DE MIRANDA GONCALVES;52,5;52,5;52,5;0,0;0,0;0;0,0;0,0;0;0,0;0,0;0;0,0;0;0,0;0,0;0
4701;Portaria;9337125;2026;26;1480111;2026-05-08;4152;3;3;90;33;2;0;0;57;1;97,9;97,9;97,9;869.585.006/44;CARMEN LUCIA PEREIRA BENTO;97,9;97,9;97,9;0,0;0,0;0;0,0;0,0;0;0,0;0,0;0;0,0;0;0,0;0,0;0
4701;Portaria;9337125;2026;27;1480111;2026-05-11;4152;3;3;90;33;1;0;0;57;1;348,53;348,53;348,53;079.058.516/21;ARTHUR HELIO ALBERGARIA CAMPOS;348,53;348,53;348,53;0,0;0,0;0;0,0;0,0;0;0,0;0,0;0;0,0;0;0,0;0,0;0
4701;Portaria;9337125;2026;28;1480111;2026-05-13;4152;3;3;90;33;2;0;0;57;1;88,93;88,93;88,93;118.941.086/98;MATHEUS ARAUJO BONGIOVANI BATISTA;88,93;88,93;88,93;0,0;0,0;0;0,0;0,0;0;0,0;0,0;0;0,0;0;0,0;0,0;0
4701;Portaria;9337125;2026;29;1480111;2026-05-13;4152;3;3;90;33;1;0;0;57;1;117,55;117,55;117,55;118.941.086/98;MATHEUS ARAUJO BONGIOVANI BATISTA;117,55;117,55;117,55;0,0;0,0;0;0,0;0,0;0;0,0;0,0;0;0,0;0;0,0;0,0;0
4701;Portaria;9337125;2026;30;1480111;2026-05-28;4152;3;3;90;33;2;0;0;57;1;80,79;80,79;80,79;671.481.076/87;ANDREA CRISTINA ALVES;80,79;80,79;80,79;0,0;0,0;0;0,0;0,0;0;0,0;0,0;0;0,0;0;0,0;0,0;0
4701;Portaria;9337125;2026;31;1480111;2026-05-29;4152;3;3;90;33;2;0;0;57;1;84,8;84,8;84,8;078.348.286/81;ANGELA MARCIA ALVES DE SOUZA;84,8;84,8;84,8;0,0;0,0;0;0,0;0,0;0;0,0;0,0;0;0,0;0;0,0;0,0;0
4701;Portaria;9337125;2026;32;1480111;2026-05-29;4152;3;3;90;33;1;0;0;57;1;416,23;416,23;416,23;078.348.286/81;ANGELA MARCIA ALVES DE SOUZA;416,23;416,23;416,23;0,0;0,0;0;0,0;0,0;0;0,0;0,0;0;0,0;0;0,0;0,0;0
4701;Portaria;9337125;2026;33;1480111;2026-06-03;4152;3;3;90;39;55;0;0;57;1;210604,0;197045,46;197045,46;07.132.995/0001-93;KEPLER VIAGENS, EVENTOS E TURISMO LTDA;210604,0;197045,46;197045,46;0,0;0,0;0;0,0;0,0;0;0,0;0,0;0;0,0;0;0,0;0,0;0
4701;Portaria;9337125;2026;34;1480111;2026-06-25;4152;3;3;90;33;2;0;0;57;1;100,28;100,28;100,28;869.585.006/44;CARMEN LUCIA PEREIRA BENTO;100,28;100,28;100,28;0,0;0,0;0;0,0;0,0;0;0,0;0,0;0;0,0;0;0,0;0,0;0
4701;Portaria;9337125;2026;35;1480111;2026-06-29;4152;3;3;90;33;2;0;0;57;1;136,7;136,7;136,7;869.585.006/44;CARMEN LUCIA PEREIRA BENTO;136,7;136,7;136,7;0,0;0,0;0;0,0;0,0;0;0,0;0,0;0;0,0;0;0,0;0,0;0
4701;Portaria;9337125;2026;36;1480111;2026-06-29;4152;3;3;90;33;2;0;0;57;1;87,84;87,84;87,84;671.481.076/87;ANDREA CRISTINA ALVES;87,84;87,84;87,84;0,0;0,0;0;0,0;0,0;0;0,0;0,0;0;0,0;0;0,0;0,0;0
4701;Portaria;9337125;2026;37;1480111;2026-07-01;4152;3;3;90;33;2;0;0;57;1;222,7;222,7;222,7;079.058.516/21;ARTHUR HELIO ALBERGARIA CAMPOS;222,7;222,7;222,7;0,0;0,0;0;0,0;0,0;0;0,0;0,0;0;0,0;0;0,0;0,0;0
4701;Portaria;9337125;2026;38;1480111;2026-07-02;4152;3;3;90;37;5;0;0;57;1;74482,15;72017,04;72017,04;33.224.254/0001-42;MGS MINAS GERAIS ADMINISTRACAO E SERVICOS S/A;74482,15;72017,04;72017,04;0,0;0,0;0;0,0;0,0;0;0,0;0,0;0;0,0;0;0,0;0,0;0
4701;Portaria;9337125;2026;39;1480111;2026-07-14;4152;3;3;90;33;2;0;0;57;1;150,0;150,0;150,0;079.058.516/21;ARTHUR HELIO ALBERGARIA CAMPOS;150,0;150,0;150,0;0,0;0,0;0;0,0;0,0;0;0,0;0,0;0;0,0;0;0,0;0,0;0
4701;Portaria;9337125;2026;40;1480111;2026-07-29;4152;3;3;90;33;2;0;0;57;1;141,4;141,4;141,4;869.585.006/44;CARMEN LUCIA PEREIRA BENTO;141,4;141,4;141,4;0,0;0,0;0;0,0;0,0;0;0,0;0,0;0;0,0;0;0,0;0,0;0
4701;Portaria;9337125;2026;41;1480111;2026-08-05;4152;3;3;90;33;2;0;0;57;1;293,8;293,8;293,8;079.058.516/21;ARTHUR HELIO ALBERGARIA CAMPOS;293,8;293,8;293,8;0,0;0,0;0;0,0;0,0;0;0,0;0,0;0;0,0;0;0,0;0,0;0
4701;Portaria;9337125;2026;42;1480111;2026-08-19;4152;3;3;90;33;1;0;0;57;1;284,25;284,25;284,25;078.348.286/81;ANGELA MARCIA ALVES DE SOUZA;284,25;284,25;284,25;0,0;0,0;0;0,0;0,0;0;0,0;0,0;0;0,0;0;0,0;0,0;0
4701;Portaria;9337125;2026;43;1480111;2026-08-19;4152;3;3;90;33;2;0;0;57;1;45,95;45,95;45,95;078.348.286/81;ANGELA MARCIA ALVES DE SOUZA;45,95;45,95;45,95;0,0;0,0;0;0,0;0,0;0;0,0;0,0;0;0,0;0;0,0;0,0;0
4701;Portaria;9337125;2026;44;1480111;2026-08-28;4152;3;3;90;33;2;0;0;57;1;74,25;74,25;74,25;869.585.006/44;CARMEN LUCIA PEREIRA BENTO;74,25;74,25;74,25;0,0;0,0;0;0,0;0,0;0;0,0;0,0;0;0,0;0;0,0;0,0;0
4701;Portaria;9337125;2026;45;1480111;2026-08-28;4152;3;3;90;33;2;0;0;57;1;100,58;100,58;100,58;869.585.006/44;CARMEN LUCIA PEREIRA BENTO;100,58;100,58;100,58;0,0;0,0;0;0,0;0,0;0;0,0;0,0;0;0,0;0;0,0;0,0;0
4701;Portaria;9337125;2026;46;1480111;2026-08-28;4152;3;3;90;33;2;0;0;57;1;84,03;84,03;84,03;869.585.006/44;CARMEN LUCIA PEREIRA BENTO;84,03;84,03;84,03;0,0;0,0;0;0,0;0,0;0;0,0;0,0;0;0,0;0;0,0;0,0;0
4701;Portaria;9337125;2026;47;1480111;2026-09-08;4152;3;3;90;33;2;0;0;57;1;150,0;150,0;150,0;355.792.696/68;JOSE MARCIO FERNANDES;150,0;150,0;150,0;0,0;0,0;0;0,0;0,0;0;0,0;0,0;0;0,0;0;0,0;0,0;0
4701;Portaria;9337125;2026;48;1480111;2026-09-08;4152;3;3;90;33;2;0;0;57;1;100,0;100,0;100,0;508.341.696/49;EUNICE ANTONIA DE LIMA QUEIROZ;100,0;100,0;100,0;0,0;0,0;0;0,0;0,0;0;0,0;0,0;0;0,0;0;0,0;0,0;0
4701;Portaria;9337125;2026;49;1480111;2026-09-09;4152;3;3;90;33;1;0;0;57;1;117,55;117,55;117,55;118.941.086/98;MATHEUS ARAUJO BONGIOVANI BATISTA;117,55;117,55;117,55;0,0;0,0;0;0,0;0,0;0;0,0;0,0;0;0,0;0;0,0;0,0;0
4701;Portaria;9337125;2026;50;1480111;2026-09-09;4152;3;3;90;33;2;0;0;57;1;150,0;150,0;150,0;079.058.516/21;ARTHUR HELIO ALBERGARIA CAMPOS;150,0;150,0;150,0;0,0;0,0;0;0,0;0,0;0;0,0;0,0;0;0,0;0;0,0;0,0;0
4701;0;0;2022;1;1480111;2022-06-28;4012;3;3;90;40;3;0;0;57;1;3583,12;2453,92;41,46;16.636.540/0001-04;COMPANHIA DE TECNOLOGIA DA INFORMACAO DO ESTADO DE MINAS GERAIS-PRODEM;3583,12;2453,92;41,46;0,0;0,0;0;0,0;0,0;0;0,0;0,0;0;0,0;0;0,0;0,0;0
4701;0;0;2022;5;1480111;2022-09-23;4012;3;3;90;39;52;0;0;57;1;18105,0;0,0;0,0;21.728.779/0001-36;CENTRO DE INTEGRACAO EMPRESA ESCOLA DE MINAS GERAIS - CIEE/MG;18105,0;0,0;0,0;0,0;0,0;0;0,0;0,0;0;0,0;0,0;0;0,0;0;0,0;0,0;0
4701;0;0;2022;6;1480111;2022-10-19;4012;3;3;90;33;4;0;0;57;1;5000,0;1810,34;0,0;01.017.250/0001-05;VOETUR TURISMO E REPRESENTACOES LTDA;5000,0;1810,34;0,0;0,0;0,0;0;0,0;0,0;0;0,0;0,0;0;0,0;0;0,0;0,0;0
